_step,cos_V_v,cos_u_v,dit_learning_rate,dudt_norm,loss,raw_mse_V,raw_mse_vc,test_loss,val_loss/bc_z:0.1.0,val_loss/cmu_play_fusion,val_loss/dobbe,val_loss/droid,val_loss/fractal20220817_data,val_loss/libero_10_no_noops,val_loss/libero_goal_no_noops,val_loss/overall,val_loss/stanford_hydra_dataset_converted_externally_to_rlds,vlm_learning_rate,_wandb_step,raw_mse
0,0.0,0.0,1e-05,0.0,2.0,164.0,164.0,0.0,,,,,,,,,,1.0000000000000001e-07,0,2.0
100,0.13895799219608307,0.1389390230178833,1.0375000000000001e-05,0.001169174094684422,2.0,165.0,161.0,0.0,,,,,,,,,,1.04125e-07,1,2.0
200,0.2039182186126709,0.20381031930446625,1.0750000000000002e-05,0.014065041206777096,2.0,159.0,154.0,0.0,,,,,,,,,,1.0825e-07,2,2.0
300,0.29193568229675293,0.29129883646965027,1.1125000000000001e-05,0.35794442892074585,2.0,148.0,125.5,0.0,,,,,,,,,,1.1237500000000003e-07,3,2.0
400,0.48973777890205383,0.4870387315750122,1.1500000000000002e-05,1.9363698959350586,2.0,127.5,102.5,0.0,,,,,,,,,,1.1650000000000002e-07,4,2.0
500,0.6100785732269287,0.6106244325637817,1.1875e-05,3.796203374862671,2.0,108.0,99.0,0.0,,,,,,,,,,1.20625e-07,5,2.0
600,0.6839030981063843,0.6846176981925964,1.2250000000000001e-05,5.233996868133545,2.0,89.0,87.0,0.0,,,,,,,,,,1.2475e-07,6,2.0
700,0.6979643106460571,0.704278826713562,1.2625e-05,5.762492656707764,2.0,85.0,82.5,0.0,,,,,,,,,,1.28875e-07,7,2.0
800,0.6600020527839661,0.6649528741836548,1.3000000000000001e-05,5.6473541259765625,2.0,93.5,90.5,0.0,,,,,,,,,,1.33e-07,8,2.0
900,0.6972731351852417,0.7026401162147522,1.3375000000000002e-05,6.692590236663818,2.0,86.5,85.5,0.0,,,,,,,,,,1.37125e-07,9,2.0
1000,0.6563549637794495,0.6606407165527344,1.3750000000000002e-05,7.638745307922363,2.0,94.5,93.5,0.0,,,,,,,,,,1.4125000000000002e-07,10,2.0
1100,0.636142373085022,0.6387557983398438,1.4125e-05,9.422441482543945,2.0,100.0,99.0,0.0,,,,,,,,,,1.4537500000000002e-07,11,2.0
1200,0.7134808897972107,0.7208642959594727,1.4500000000000002e-05,8.310197830200195,2.0,83.5,81.0,0.0,,,,,,,,,,1.4950000000000004e-07,12,2.0
1300,0.6881363987922668,0.6964707374572754,1.4875e-05,8.17002010345459,2.0,89.0,85.5,0.0,,,,,,,,,,1.5362500000000003e-07,13,2.0
1400,0.7298630475997925,0.7336165904998779,1.5250000000000003e-05,8.63286304473877,2.0,76.0,74.5,0.0,,,,,,,,,,1.5775000000000002e-07,14,2.0
1500,0.7774180173873901,0.783708930015564,1.5625e-05,7.875622749328613,2.0,66.5,65.0,0.0,,,,,,,,,,1.61875e-07,15,2.0
1600,0.7427076101303101,0.7506669759750366,1.6000000000000003e-05,7.891791820526123,2.0,75.0,73.0,0.0,,,,,,,,,,1.66e-07,16,2.0
1700,0.7365471124649048,0.745735764503479,1.6375e-05,9.322088241577148,2.0,76.0,74.0,0.0,,,,,,,,,,1.7012500000000002e-07,17,2.0
1800,0.6936837434768677,0.6989454030990601,1.675e-05,10.036514282226562,2.0,86.5,84.5,0.0,,,,,,,,,,1.7425000000000002e-07,18,2.0
1900,0.7582383155822754,0.7618849277496338,1.7125000000000003e-05,9.124443054199219,2.0,68.5,67.5,0.0,,,,,,,,,,1.78375e-07,19,2.0
2000,0.69893878698349,0.6976011991500854,1.75e-05,10.320643424987793,2.0,85.5,85.5,0.0,,,,,,,,,,1.8250000000000003e-07,20,2.0
2100,0.7355321645736694,0.7461497783660889,1.7875000000000004e-05,11.655487060546875,2.0,78.0,75.0,0.0,,,,,,,,,,1.86625e-07,21,2.0
2200,0.6867055892944336,0.6905620098114014,1.825e-05,9.343798637390137,2.0,86.5,85.0,0.0,,,,,,,,,,1.9075000000000004e-07,22,2.0
2300,0.7276520729064941,0.7313182353973389,1.8625000000000002e-05,10.947050094604492,2.0,78.0,76.5,0.0,,,,,,,,,,1.94875e-07,23,2.0
2400,0.702097475528717,0.7136024236679077,1.9e-05,11.502177238464355,2.0,86.5,83.0,0.0,,,,,,,,,,1.9900000000000002e-07,24,2.0
2500,0.7192403674125671,0.7223196029663086,1.9375e-05,10.990378379821777,2.0,80.5,78.5,0.0,,,,,,,,,,2.03125e-07,25,2.0
2600,0.7261124849319458,0.7343708276748657,1.9750000000000002e-05,12.407966613769531,2.0,77.5,74.0,0.0,,,,,,,,,,2.0725000000000003e-07,26,2.0
2700,0.756030797958374,0.7639230489730835,2.0125e-05,11.479491233825684,2.0,72.5,70.0,0.0,,,,,,,,,,2.1137500000000002e-07,27,2.0
2800,0.7330495119094849,0.7390497326850891,2.0500000000000004e-05,13.70983600616455,2.0,76.5,74.5,0.0,,,,,,,,,,2.1550000000000002e-07,28,2.0
2900,0.7569587230682373,0.7692503929138184,2.0875e-05,11.988723754882812,2.0,71.5,69.0,0.0,,,,,,,,,,2.19625e-07,29,2.0
3000,0.7411901950836182,0.7476779222488403,2.1250000000000005e-05,13.527458190917969,2.0,74.0,71.0,0.0,,,,,,,,,,2.2375e-07,30,2.0
3100,0.7078503370285034,0.7115660905838013,2.1625000000000004e-05,15.636667251586914,2.0,81.5,80.0,0.0,,,,,,,,,,2.2787500000000005e-07,31,2.0
3200,0.7459027171134949,0.7599648237228394,2.2000000000000003e-05,12.4262056350708,2.0,74.0,69.5,0.0,,,,,,,,,,2.32e-07,32,2.0
3300,0.7522151470184326,0.7711225748062134,2.2375000000000002e-05,13.562323570251465,2.0,72.0,66.5,0.0,,,,,,,,,,2.3612500000000003e-07,33,2.0
3400,0.7698085904121399,0.7728725671768188,2.275e-05,13.159192085266113,2.0,67.5,65.5,0.0,,,,,,,,,,2.4025e-07,34,2.0
3500,0.7398144006729126,0.7431203126907349,2.3125000000000003e-05,14.413581848144531,2.0,72.5,71.0,0.0,,,,,,,,,,2.4437500000000004e-07,35,2.0
3600,0.7528045773506165,0.7557210922241211,2.3500000000000002e-05,13.550559997558594,2.0,70.0,69.0,0.0,,,,,,,,,,2.485e-07,36,2.0
3700,0.7381008863449097,0.749845027923584,2.3875000000000004e-05,12.149361610412598,2.0,76.0,73.0,0.0,,,,,,,,,,2.5262500000000003e-07,37,2.0
3800,0.7536765336990356,0.7595136165618896,2.425e-05,15.731535911560059,2.0,72.0,70.5,0.0,,,,,,,,,,2.5675000000000007e-07,38,2.0
3900,0.7499338984489441,0.7613366842269897,2.4625000000000002e-05,13.123494148254395,2.0,72.0,68.0,0.0,,,,,,,,,,2.60875e-07,39,2.0
4000,0.7550029754638672,0.765023410320282,2.5e-05,12.253944396972656,2.0,73.5,70.0,0.0,,,,,,,,,,2.6500000000000006e-07,40,2.0
4100,0.74776291847229,0.7635751962661743,2.5375000000000004e-05,15.590968132019043,2.0,74.5,70.0,0.0,,,,,,,,,,2.69125e-07,41,2.0
4200,0.795567512512207,0.804450511932373,2.5750000000000002e-05,11.73811149597168,2.0,61.0,57.25,0.0,,,,,,,,,,2.7325000000000004e-07,42,2.0
4300,0.7851341962814331,0.7919992208480835,2.6124999999999998e-05,12.388876914978027,2.0,63.0,60.25,0.0,,,,,,,,,,2.77375e-07,43,2.0
4400,0.7776672840118408,0.7834048867225647,2.6500000000000004e-05,15.557461738586426,2.0,66.0,64.0,0.0,,,,,,,,,,2.815e-07,44,2.0
4500,0.7904040217399597,0.7962547540664673,2.6875000000000006e-05,12.161783218383789,2.0,63.25,61.5,0.0,,,,,,,,,,2.85625e-07,45,2.0
4600,0.7610273361206055,0.7673403024673462,2.725e-05,13.949493408203125,2.0,70.0,68.5,0.0,,,,,,,,,,2.8975e-07,46,2.0
4700,0.773469090461731,0.78187096118927,2.7625e-05,11.113768577575684,2.0,66.0,63.5,0.0,,,,,,,,,,2.9387500000000006e-07,47,2.0
4800,0.7698633074760437,0.7743538618087769,2.8000000000000003e-05,13.410882949829102,2.0,68.0,66.0,0.0,,,,,,,,,,2.9800000000000005e-07,48,2.0
4900,0.767429769039154,0.7726216912269592,2.8375000000000002e-05,12.661432266235352,2.0,69.5,67.5,0.0,,,,,,,,,,3.02125e-07,49,2.0
5000,0.7790182828903198,0.7817062139511108,2.8749999999999997e-05,12.324007987976074,2.0,66.0,65.5,0.0,,,,,,,,,,3.0625000000000003e-07,50,2.0
5100,0.7390455007553101,0.7411009073257446,2.9125000000000003e-05,15.218890190124512,2.0,75.0,74.0,0.0,,,,,,,,,,3.103750000000001e-07,51,2.0
5200,0.7783161401748657,0.7816803455352783,2.9500000000000006e-05,15.90037727355957,2.0,67.0,65.0,0.0,,,,,,,,,,3.145e-07,52,2.0
5300,0.7731450796127319,0.7763904333114624,2.9875000000000004e-05,15.875964164733887,2.0,66.5,65.5,0.0,,,,,,,,,,3.1862500000000006e-07,53,2.0
5400,0.760578989982605,0.7706089019775391,3.025e-05,14.28842830657959,2.0,72.5,68.5,0.0,,,,,,,,,,3.2275e-07,54,2.0
5500,0.8079245090484619,0.8101663589477539,3.0625000000000006e-05,16.15936851501465,2.0,58.75,57.25,0.0,,,,,,,,,,3.2687500000000005e-07,55,2.0
5600,0.7661105990409851,0.7720440030097961,3.100000000000001e-05,14.441261291503906,2.0,68.5,66.5,0.0,,,,,,,,,,3.310000000000001e-07,56,2.0
5700,0.7688232660293579,0.7732164263725281,3.1375e-05,16.62892723083496,2.0,70.0,67.0,0.0,,,,,,,,,,3.3512500000000003e-07,57,2.0
5800,0.7852432131767273,0.7915688157081604,3.175e-05,18.42405128479004,2.0,63.25,60.0,0.0,,,,,,,,,,3.3924999999999997e-07,58,2.0
5900,0.7589735984802246,0.7667958736419678,3.212500000000001e-05,15.260011672973633,2.0,72.0,69.0,0.0,,,,,,,,,,3.43375e-07,59,2.0
6000,0.7426459789276123,0.7502087354660034,3.2500000000000004e-05,16.913864135742188,2.0,72.0,69.0,0.0,,,,,,,,,,3.4750000000000006e-07,60,2.0
6100,0.7754582166671753,0.7828073501586914,3.2875e-05,16.164897918701172,2.0,65.0,61.75,0.0,,,,,,,,,,3.51625e-07,61,2.0
6200,0.7676968574523926,0.7722852230072021,3.325e-05,13.598822593688965,2.0,68.5,66.0,0.0,,,,,,,,,,3.5575000000000005e-07,62,2.0
6300,0.7735882997512817,0.7783820629119873,3.3625000000000004e-05,14.7207670211792,2.0,68.0,67.0,0.0,,,,,,,,,,3.5987500000000004e-07,63,2.0
6400,0.7702405452728271,0.7722377777099609,3.4e-05,12.777762413024902,2.0,67.0,66.0,0.0,,,,,,,,,,3.6400000000000003e-07,64,2.0
6500,0.7731287479400635,0.7825493216514587,3.4375e-05,17.18276023864746,2.0,67.5,64.0,0.0,,,,,,,,,,3.68125e-07,65,2.0
6600,0.7765274047851562,0.7808980941772461,3.4750000000000004e-05,15.4179105758667,2.0,64.5,61.75,0.0,,,,,,,,,,3.7225000000000007e-07,66,2.0
6700,0.8202785849571228,0.8237605094909668,3.512500000000001e-05,12.497958183288574,2.0,53.75,52.0,0.0,,,,,,,,,,3.76375e-07,67,2.0
6800,0.7908725738525391,0.7986965179443359,3.55e-05,15.2788667678833,2.0,62.75,59.5,0.0,,,,,,,,,,3.8050000000000005e-07,68,2.0
6900,0.7750285863876343,0.7791838645935059,3.5875000000000005e-05,16.101696014404297,2.0,67.0,66.0,0.0,,,,,,,,,,3.8462500000000004e-07,69,2.0
7000,0.7745108008384705,0.7768885493278503,3.625000000000001e-05,17.721010208129883,2.0,66.5,64.5,0.0,,,,,,,,,,3.8875000000000004e-07,70,2.0
7100,0.7998352646827698,0.8053449988365173,3.6624999999999996e-05,12.4482421875,2.0,58.5,57.0,0.0,,,,,,,,,,3.928750000000001e-07,71,2.0
7200,0.762383222579956,0.769645094871521,3.7e-05,15.51752758026123,2.0,71.0,68.0,0.0,,,,,,,,,,3.97e-07,72,2.0
7300,0.7697115540504456,0.7805851101875305,3.737500000000001e-05,15.827441215515137,2.0,66.5,61.75,0.0,,,,,,,,,,4.0112500000000007e-07,73,2.0
7400,0.7522707581520081,0.7569385766983032,3.775000000000001e-05,16.713476181030273,2.0,74.5,71.5,0.0,,,,,,,,,,4.0525e-07,74,2.0
7500,0.769336998462677,0.77591472864151,3.8125e-05,18.514453887939453,2.0,69.0,65.5,0.0,,,,,,,,,,4.0937500000000005e-07,75,2.0
7600,0.767449140548706,0.7700262665748596,3.85e-05,16.8565616607666,2.0,69.0,67.0,0.0,,,,,,,,,,4.135000000000001e-07,76,2.0
7700,0.7574722766876221,0.7595007419586182,3.8875e-05,17.3966121673584,2.0,70.5,70.0,0.0,,,,,,,,,,4.1762500000000004e-07,77,2.0
7800,0.7644357085227966,0.7731781005859375,3.925000000000001e-05,14.473559379577637,2.0,69.0,66.5,0.0,,,,,,,,,,4.217500000000001e-07,78,2.0
7900,0.8054503202438354,0.8114659190177917,3.9625e-05,15.531852722167969,2.0,58.5,56.5,0.0,,,,,,,,,,4.25875e-07,79,2.0
8000,0.7506181001663208,0.7547438740730286,4e-05,23.7014102935791,2.0,71.0,69.0,0.0,,,,,,,,,,4.3000000000000007e-07,80,2.0
8100,0.7900638580322266,0.7932603359222412,4.0375000000000006e-05,18.79005241394043,2.0,61.5,60.75,0.0,,,,,,,,,,4.341250000000001e-07,81,2.0
8200,0.7976679801940918,0.8002225160598755,4.075e-05,13.50083065032959,2.0,60.0,59.25,0.0,,,,,,,,,,4.3825000000000005e-07,82,2.0
8300,0.7696149349212646,0.775897204875946,4.1125000000000004e-05,15.904406547546387,2.0,68.5,66.0,0.0,,,,,,,,,,4.4237500000000004e-07,83,2.0
8400,0.7864819169044495,0.7866799831390381,4.1500000000000006e-05,16.532743453979492,2.0,65.0,62.5,0.0,,,,,,,,,,4.4650000000000003e-07,84,2.0
8500,0.7619866728782654,0.7722388505935669,4.187500000000001e-05,22.2545166015625,2.0,71.5,68.0,0.0,,,,,,,,,,4.5062500000000003e-07,85,2.0
8600,0.7852715849876404,0.7886927723884583,4.2250000000000004e-05,16.625537872314453,2.0,64.5,63.25,0.0,,,,,,,,,,4.5475000000000007e-07,86,2.0
8700,0.7783644199371338,0.7815865278244019,4.2625000000000006e-05,14.659700393676758,2.0,66.0,64.0,0.0,,,,,,,,,,4.58875e-07,87,2.0
8800,0.7950317859649658,0.7979955673217773,4.2999999999999995e-05,13.913687705993652,2.0,61.0,59.5,0.0,,,,,,,,,,4.6300000000000006e-07,88,2.0
8900,0.8084359765052795,0.808637261390686,4.337500000000001e-05,18.542905807495117,2.0,58.5,57.25,0.0,,,,,,,,,,4.671250000000001e-07,89,2.0
9000,0.8020796179771423,0.8018591403961182,4.375e-05,15.583640098571777,2.0,59.5,58.75,0.0,,,,,,,,,,4.7125000000000004e-07,90,2.0
9100,0.7736389636993408,0.7764073014259338,4.4125e-05,18.00816535949707,2.0,69.0,67.0,0.0,,,,,,,,,,4.753750000000001e-07,91,2.0
9200,0.7671337127685547,0.7689121961593628,4.450000000000001e-05,16.69711685180664,2.0,69.5,68.0,0.0,,,,,,,,,,4.795e-07,92,2.0
9300,0.8004127144813538,0.8037183284759521,4.4875e-05,15.019442558288574,2.0,59.5,58.75,0.0,,,,,,,,,,4.836250000000001e-07,93,2.0
9400,0.7894467115402222,0.791427731513977,4.525e-05,18.080677032470703,2.0,63.25,62.75,0.0,,,,,,,,,,4.877500000000001e-07,94,2.0
9500,0.7934359312057495,0.8048804998397827,4.5625000000000004e-05,17.69289207458496,2.0,64.0,59.75,0.0,,,,,,,,,,4.918750000000001e-07,95,2.0
9600,0.8013736605644226,0.8074948787689209,4.600000000000001e-05,14.765288352966309,2.0,58.75,56.25,0.0,,,,,,,,,,4.960000000000001e-07,96,2.0
9700,0.7760930061340332,0.7779606580734253,4.6375e-05,14.235771179199219,2.0,66.5,66.0,0.0,,,,,,,,,,5.00125e-07,97,2.0
9800,0.7776230573654175,0.7801555395126343,4.6750000000000005e-05,20.867938995361328,2.0,66.5,65.0,0.0,,,,,,,,,,5.0425e-07,98,2.0
9900,0.7832802534103394,0.7853842973709106,4.7125e-05,22.081863403320312,2.0,67.0,65.5,0.0,,,,,,,,,,5.08375e-07,99,2.0
9950,,,,,,,,,0.15396907925605774,0.33143672347068787,0.06543631851673126,0.1816657930612564,0.1296757608652115,0.2378549575805664,0.28495731949806213,0.16727839410305023,0.22775162756443024,,100,
10000,0.807508111000061,0.8085857629776001,4.75e-05,14.033705711364746,2.0,58.75,58.25,0.16727839410305023,,,,,,,,,,5.125e-07,101,2.0
10100,0.8250355124473572,0.8299304842948914,4.7875000000000005e-05,13.687326431274414,2.0,53.5,50.75,0.16727839410305023,,,,,,,,,,5.16625e-07,102,2.0
10200,0.8090877532958984,0.8125593066215515,4.825000000000001e-05,13.6285982131958,2.0,58.75,56.5,0.16727839410305023,,,,,,,,,,5.207500000000001e-07,103,2.0
10300,0.7742520570755005,0.7765201330184937,4.8624999999999996e-05,20.589147567749023,2.0,67.0,66.0,0.16727839410305023,,,,,,,,,,5.24875e-07,104,2.0
10400,0.794938325881958,0.8145202398300171,4.9e-05,11.828947067260742,2.0,60.5,55.25,0.16727839410305023,,,,,,,,,,5.29e-07,105,2.0
10500,0.8091832399368286,0.8120238780975342,4.937500000000001e-05,16.698617935180664,2.0,59.0,57.75,0.16727839410305023,,,,,,,,,,5.331250000000001e-07,106,2.0
10600,0.7938282489776611,0.8025563955307007,4.975000000000001e-05,17.326631546020508,2.0,59.5,57.0,0.16727839410305023,,,,,,,,,,5.3725e-07,107,2.0
10700,0.7591879963874817,0.7694404125213623,5.012500000000001e-05,13.03079891204834,2.0,69.5,66.5,0.16727839410305023,,,,,,,,,,5.413750000000001e-07,108,2.0
10800,0.7992000579833984,0.8060512542724609,5.05e-05,16.754108428955078,2.0,60.0,58.25,0.16727839410305023,,,,,,,,,,5.455e-07,109,2.0
10900,0.8123713731765747,0.8168550729751587,5.0875e-05,15.333605766296387,2.0,56.75,55.25,0.16727839410305023,,,,,,,,,,5.49625e-07,110,2.0
11000,0.7773466110229492,0.7830370664596558,5.125e-05,13.501940727233887,2.0,67.5,65.5,0.16727839410305023,,,,,,,,,,5.537500000000001e-07,111,2.0
11100,0.7682381868362427,0.7770330905914307,5.1625e-05,15.591435432434082,2.0,69.0,66.5,0.16727839410305023,,,,,,,,,,5.57875e-07,112,2.0
11200,0.7776769995689392,0.7794131636619568,5.2000000000000004e-05,20.45464515686035,2.0,64.0,61.75,0.16727839410305023,,,,,,,,,,5.620000000000001e-07,113,2.0
11300,0.8047093749046326,0.8084158897399902,5.2375000000000006e-05,13.115225791931152,2.0,57.5,56.0,0.16727839410305023,,,,,,,,,,5.66125e-07,114,2.0
11400,0.7890862822532654,0.7938714623451233,5.275e-05,18.51105308532715,2.0,63.0,60.25,0.16727839410305023,,,,,,,,,,5.702500000000001e-07,115,2.0
11500,0.7654513716697693,0.7700580358505249,5.3125000000000004e-05,16.820255279541016,2.0,67.5,66.0,0.16727839410305023,,,,,,,,,,5.743750000000001e-07,116,2.0
11600,0.7902917265892029,0.7937568426132202,5.3500000000000006e-05,15.300539016723633,2.0,60.75,59.5,0.16727839410305023,,,,,,,,,,5.785e-07,117,2.0
11700,0.8120441436767578,0.8191773295402527,5.3874999999999995e-05,15.611639976501465,2.0,56.0,53.0,0.16727839410305023,,,,,,,,,,5.826250000000001e-07,118,2.0
11800,0.7860854864120483,0.7896292805671692,5.4250000000000004e-05,14.718667984008789,2.0,62.5,61.0,0.16727839410305023,,,,,,,,,,5.8675e-07,119,2.0
11900,0.7735270261764526,0.7801659107208252,5.4625000000000006e-05,23.376447677612305,2.0,70.0,67.5,0.16727839410305023,,,,,,,,,,5.908750000000001e-07,120,2.0
12000,0.8121035099029541,0.8111041188240051,5.500000000000001e-05,18.117046356201172,2.0,58.0,57.25,0.16727839410305023,,,,,,,,,,5.950000000000001e-07,121,2.0
12100,0.7955324649810791,0.8029927015304565,5.5375e-05,17.73092269897461,2.0,63.5,61.25,0.16727839410305023,,,,,,,,,,5.991250000000001e-07,122,2.0
12200,0.8055099844932556,0.8119099140167236,5.575e-05,15.828482627868652,2.0,58.5,56.5,0.16727839410305023,,,,,,,,,,6.032500000000001e-07,123,2.0
12300,0.8376986980438232,0.8398631811141968,5.6125e-05,13.637733459472656,2.0,49.0,46.75,0.16727839410305023,,,,,,,,,,6.07375e-07,124,2.0
12400,0.7995115518569946,0.8065125942230225,5.650000000000001e-05,15.739648818969727,2.0,60.5,57.75,0.16727839410305023,,,,,,,,,,6.115000000000001e-07,125,2.0
12500,0.8182106018066406,0.8196979761123657,5.6875000000000014e-05,19.417804718017578,2.0,56.0,55.0,0.16727839410305023,,,,,,,,,,6.156250000000001e-07,126,2.0
12600,0.8125432729721069,0.8166804313659668,5.725e-05,18.42349624633789,2.0,56.0,54.0,0.16727839410305023,,,,,,,,,,6.197500000000001e-07,127,2.0
12700,0.8345767259597778,0.8407217860221863,5.7625000000000005e-05,14.412152290344238,2.0,51.75,49.75,0.16727839410305023,,,,,,,,,,6.238750000000001e-07,128,2.0
12800,0.8165191411972046,0.8261591196060181,5.8e-05,21.184045791625977,2.0,56.0,51.5,0.16727839410305023,,,,,,,,,,6.28e-07,129,2.0
12900,0.8049788475036621,0.8130322694778442,5.8375e-05,16.779706954956055,2.0,57.5,54.0,0.16727839410305023,,,,,,,,,,6.32125e-07,130,2.0
13000,0.8142700791358948,0.8181936144828796,5.8750000000000005e-05,16.000255584716797,2.0,56.25,54.5,0.16727839410305023,,,,,,,,,,6.3625e-07,131,2.0
13100,0.8081765174865723,0.8125836253166199,5.9124999999999994e-05,13.733553886413574,2.0,56.0,53.25,0.16727839410305023,,,,,,,,,,6.40375e-07,132,2.0
13200,0.7883437275886536,0.79087233543396,5.950000000000001e-05,24.06546401977539,2.0,63.0,61.25,0.16727839410305023,,,,,,,,,,6.445e-07,133,2.0
13300,0.809424638748169,0.8082054853439331,5.9875000000000005e-05,20.023757934570312,2.0,57.0,56.25,0.16727839410305023,,,,,,,,,,6.486250000000001e-07,134,2.0
13400,0.7945542931556702,0.795891523361206,6.025000000000001e-05,21.302671432495117,2.0,60.25,57.75,0.16727839410305023,,,,,,,,,,6.5275e-07,135,2.0
13500,0.8124108910560608,0.8140169382095337,6.0624999999999996e-05,15.710043907165527,2.0,55.75,54.0,0.16727839410305023,,,,,,,,,,6.568750000000001e-07,136,2.0
13600,0.7985697984695435,0.8000397682189941,6.1e-05,16.680496215820312,2.0,60.25,59.5,0.16727839410305023,,,,,,,,,,6.61e-07,137,2.0
13700,0.814725399017334,0.8197846412658691,6.1375e-05,12.544235229492188,2.0,55.5,54.0,0.16727839410305023,,,,,,,,,,6.65125e-07,138,2.0
13800,0.7787002325057983,0.7860229015350342,6.175e-05,17.254112243652344,2.0,66.0,62.75,0.16727839410305023,,,,,,,,,,6.6925e-07,139,2.0
13900,0.7927075624465942,0.7936562895774841,6.2125e-05,18.504796981811523,2.0,61.25,60.25,0.16727839410305023,,,,,,,,,,6.73375e-07,140,2.0
14000,0.7986786365509033,0.8023526668548584,6.25e-05,15.76836109161377,2.0,58.5,56.5,0.16727839410305023,,,,,,,,,,6.775000000000001e-07,141,2.0
14100,0.8052290081977844,0.8049076795578003,6.287500000000001e-05,16.30182456970215,2.0,56.75,57.0,0.16727839410305023,,,,,,,,,,6.81625e-07,142,2.0
14200,0.7867757081985474,0.790310263633728,6.324999999999999e-05,19.559057235717773,2.0,61.5,59.5,0.16727839410305023,,,,,,,,,,6.857500000000001e-07,143,2.0
14300,0.8169180154800415,0.8174097537994385,6.3625e-05,14.4583101272583,2.0,54.75,53.25,0.16727839410305023,,,,,,,,,,6.89875e-07,144,2.0
14400,0.8150378465652466,0.8175629377365112,6.400000000000001e-05,19.438343048095703,2.0,55.0,53.5,0.16727839410305023,,,,,,,,,,6.939999999999999e-07,145,2.0
14500,0.818218469619751,0.8221816420555115,6.437499999999999e-05,14.607050895690918,2.0,53.5,51.75,0.16727839410305023,,,,,,,,,,6.981250000000001e-07,146,2.0
14600,0.8155485987663269,0.8231313228607178,6.475e-05,22.35316276550293,2.0,56.0,53.0,0.16727839410305023,,,,,,,,,,7.0225e-07,147,2.0
14700,0.7789998054504395,0.7794489860534668,6.5125e-05,24.567672729492188,2.0,65.5,64.5,0.16727839410305023,,,,,,,,,,7.06375e-07,148,2.0
14800,0.8251365423202515,0.8265255689620972,6.55e-05,9.551191329956055,2.0,54.0,53.75,0.16727839410305023,,,,,,,,,,7.105000000000001e-07,149,2.0
14900,0.7778811454772949,0.7816581726074219,6.587500000000002e-05,22.593524932861328,2.0,65.5,63.5,0.16727839410305023,,,,,,,,,,7.146250000000001e-07,150,2.0
15000,0.8322399854660034,0.8338347673416138,6.625e-05,14.015472412109375,2.0,51.75,49.75,0.16727839410305023,,,,,,,,,,7.1875e-07,151,2.0
15100,0.8125320672988892,0.8175161480903625,6.6625e-05,24.287036895751953,2.0,58.25,56.25,0.16727839410305023,,,,,,,,,,7.228749999999999e-07,152,2.0
15200,0.8171906471252441,0.821638822555542,6.7e-05,9.991671562194824,2.0,55.5,53.75,0.16727839410305023,,,,,,,,,,7.270000000000001e-07,153,2.0
15300,0.7903587818145752,0.7944199442863464,6.7375e-05,21.223360061645508,2.0,63.25,61.5,0.16727839410305023,,,,,,,,,,7.31125e-07,154,2.0
15400,0.8067721128463745,0.8110898733139038,6.775000000000001e-05,11.149077415466309,2.0,59.0,56.75,0.16727839410305023,,,,,,,,,,7.3525e-07,155,2.0
15500,0.7975711226463318,0.805732786655426,6.8125e-05,16.042978286743164,2.0,60.5,57.25,0.16727839410305023,,,,,,,,,,7.393750000000001e-07,156,2.0
15600,0.8172199726104736,0.8193541765213013,6.850000000000001e-05,16.132349014282227,2.0,55.75,55.0,0.16727839410305023,,,,,,,,,,7.435000000000001e-07,157,2.0
15700,0.818410336971283,0.8202111124992371,6.887500000000001e-05,13.462332725524902,2.0,53.75,52.75,0.16727839410305023,,,,,,,,,,7.47625e-07,158,2.0
15800,0.7967332005500793,0.8035081624984741,6.925e-05,12.160902976989746,2.0,60.75,58.0,0.16727839410305023,,,,,,,,,,7.517499999999999e-07,159,2.0
15900,0.778589129447937,0.7858610153198242,6.9625e-05,28.082483291625977,2.0,65.0,63.5,0.16727839410305023,,,,,,,,,,7.558750000000001e-07,160,2.0
16000,0.8185984492301941,0.8258734941482544,7e-05,13.475191116333008,2.0,54.5,52.0,0.16727839410305023,,,,,,,,,,7.6e-07,161,2.0
16100,0.8276888132095337,0.833046555519104,7.0375e-05,11.780592918395996,2.0,50.75,49.0,0.16727839410305023,,,,,,,,,,7.64125e-07,162,2.0
16200,0.8134286403656006,0.8189073801040649,7.075e-05,17.893083572387695,2.0,57.5,56.0,0.16727839410305023,,,,,,,,,,7.682500000000001e-07,163,2.0
16300,0.7939783930778503,0.7972292900085449,7.112500000000001e-05,21.719440460205078,2.0,61.75,60.5,0.16727839410305023,,,,,,,,,,7.723750000000001e-07,164,2.0
16400,0.7958036065101624,0.8007272481918335,7.15e-05,22.235885620117188,2.0,61.0,58.5,0.16727839410305023,,,,,,,,,,7.765e-07,165,2.0
16500,0.7959962487220764,0.794034481048584,7.1875e-05,21.617456436157227,2.0,63.5,62.5,0.16727839410305023,,,,,,,,,,7.80625e-07,166,2.0
16600,0.7679336071014404,0.7768539786338806,7.225000000000001e-05,18.44994354248047,2.0,68.5,65.0,0.16727839410305023,,,,,,,,,,7.8475e-07,167,2.0
16700,0.8191343545913696,0.8280919194221497,7.2625e-05,18.427223205566406,2.0,55.25,52.0,0.16727839410305023,,,,,,,,,,7.888749999999999e-07,168,2.0
16800,0.8297264575958252,0.832770586013794,7.3e-05,15.746970176696777,2.0,52.75,51.5,0.16727839410305023,,,,,,,,,,7.93e-07,169,2.0
16900,0.7994527220726013,0.8040224313735962,7.337500000000001e-05,21.789417266845703,2.0,59.5,57.0,0.16727839410305023,,,,,,,,,,7.97125e-07,170,2.0
17000,0.8005865216255188,0.8182182312011719,7.375e-05,17.948659896850586,2.0,59.0,53.25,0.16727839410305023,,,,,,,,,,8.0125e-07,171,2.0
17100,0.804736852645874,0.8074135780334473,7.4125e-05,9.095687866210938,2.0,58.5,58.0,0.16727839410305023,,,,,,,,,,8.053749999999999e-07,172,2.0
17200,0.8040318489074707,0.8046337366104126,7.450000000000001e-05,15.926409721374512,2.0,59.0,56.25,0.16727839410305023,,,,,,,,,,8.095e-07,173,2.0
17300,0.8322671055793762,0.8322395086288452,7.4875e-05,15.345491409301758,2.0,51.75,51.5,0.16727839410305023,,,,,,,,,,8.13625e-07,174,2.0
17400,0.8134608268737793,0.8192499279975891,7.525e-05,18.533260345458984,2.0,56.75,54.25,0.16727839410305023,,,,,,,,,,8.177499999999999e-07,175,2.0
17500,0.7980732917785645,0.8041002750396729,7.5625e-05,14.633026123046875,2.0,60.5,58.5,0.16727839410305023,,,,,,,,,,8.218750000000001e-07,176,2.0
17600,0.8074211478233337,0.806970477104187,7.599999999999999e-05,17.484272003173828,2.0,58.25,57.25,0.16727839410305023,,,,,,,,,,8.26e-07,177,2.0
17700,0.8031271696090698,0.8075889945030212,7.637500000000001e-05,20.082914352416992,2.0,59.0,56.75,0.16727839410305023,,,,,,,,,,8.30125e-07,178,2.0
17800,0.8565610647201538,0.8623349666595459,7.675000000000001e-05,11.773030281066895,2.0,44.75,41.75,0.16727839410305023,,,,,,,,,,8.342500000000001e-07,179,2.0
17900,0.8068289756774902,0.8122485876083374,7.7125e-05,13.533108711242676,2.0,58.75,57.25,0.16727839410305023,,,,,,,,,,8.38375e-07,180,2.0
18000,0.8479732275009155,0.8482221364974976,7.75e-05,15.658772468566895,2.0,47.0,46.0,0.16727839410305023,,,,,,,,,,8.425e-07,181,2.0
18100,0.8096444606781006,0.8142863512039185,7.7875e-05,17.492040634155273,2.0,60.5,58.75,0.16727839410305023,,,,,,,,,,8.466250000000001e-07,182,2.0
18200,0.8093386292457581,0.8105254173278809,7.825e-05,8.612889289855957,2.0,60.25,58.5,0.16727839410305023,,,,,,,,,,8.507500000000001e-07,183,2.0
18300,0.8171117901802063,0.8202110528945923,7.8625e-05,19.226648330688477,2.0,54.5,52.5,0.16727839410305023,,,,,,,,,,8.54875e-07,184,2.0
18400,0.8251517415046692,0.8293263912200928,7.900000000000001e-05,16.10064125061035,2.0,53.75,52.0,0.16727839410305023,,,,,,,,,,8.59e-07,185,2.0
18500,0.8315637707710266,0.8338958024978638,7.9375e-05,13.9533052444458,2.0,51.75,50.5,0.16727839410305023,,,,,,,,,,8.631250000000001e-07,186,2.0
18600,0.8171684741973877,0.8176562786102295,7.975e-05,18.988008499145508,2.0,54.5,53.0,0.16727839410305023,,,,,,,,,,8.6725e-07,187,2.0
18700,0.8060654401779175,0.8083549737930298,8.012500000000001e-05,23.094802856445312,2.0,57.75,57.0,0.16727839410305023,,,,,,,,,,8.71375e-07,188,2.0
18800,0.8236855864524841,0.8254244327545166,8.049999999999999e-05,17.834980010986328,2.0,53.75,52.75,0.16727839410305023,,,,,,,,,,8.755000000000001e-07,189,2.0
18900,0.8213270902633667,0.8240115642547607,8.0875e-05,20.493677139282227,2.0,55.0,53.25,0.16727839410305023,,,,,,,,,,8.796250000000001e-07,190,2.0
19000,0.8352820873260498,0.8367936015129089,8.125000000000001e-05,19.77787208557129,2.0,49.5,48.0,0.16727839410305023,,,,,,,,,,8.8375e-07,191,2.0
19100,0.821103572845459,0.8257379531860352,8.162499999999999e-05,25.188013076782227,2.0,54.25,52.25,0.16727839410305023,,,,,,,,,,8.878750000000002e-07,192,2.0
19200,0.8361411094665527,0.8363169431686401,8.200000000000001e-05,17.75562858581543,2.0,49.75,48.5,0.16727839410305023,,,,,,,,,,8.920000000000001e-07,193,2.0
19300,0.8363804817199707,0.8375687599182129,8.2375e-05,10.989901542663574,2.0,50.0,49.75,0.16727839410305023,,,,,,,,,,8.96125e-07,194,2.0
19400,0.8349052667617798,0.8348331451416016,8.275e-05,15.965974807739258,2.0,49.5,49.0,0.16727839410305023,,,,,,,,,,9.0025e-07,195,2.0
19500,0.8434112071990967,0.8490721583366394,8.312500000000001e-05,12.920221328735352,2.0,47.25,44.75,0.16727839410305023,,,,,,,,,,9.04375e-07,196,2.0
19600,0.8356389999389648,0.8377133011817932,8.35e-05,14.4077787399292,2.0,49.5,49.25,0.16727839410305023,,,,,,,,,,9.085e-07,197,2.0
19700,0.8276891112327576,0.8447617292404175,8.3875e-05,14.378371238708496,2.0,52.0,47.0,0.16727839410305023,,,,,,,,,,9.126249999999999e-07,198,2.0
19800,0.8185589909553528,0.8220981955528259,8.425e-05,14.058626174926758,2.0,54.25,51.75,0.16727839410305023,,,,,,,,,,9.167500000000001e-07,199,2.0
19900,0.8414344191551208,0.842066764831543,8.462500000000001e-05,16.116575241088867,2.0,49.0,47.75,0.16727839410305023,,,,,,,,,,9.20875e-07,200,2.0
19950,,,,,,,,,0.16531901061534882,0.33475300669670105,0.07747248560190201,0.1538957953453064,0.11530615389347076,0.18223462998867035,0.20646879076957703,0.1593022346496582,0.19007565081119537,,201,
20000,0.8492857813835144,0.8485137224197388,8.5e-05,15.92199420928955,2.0,46.75,45.75,0.1593022346496582,,,,,,,,,,9.249999999999999e-07,202,2.0
20100,0.836208701133728,0.8401870131492615,8.5375e-05,14.626721382141113,2.0,49.5,47.25,0.1593022346496582,,,,,,,,,,9.29125e-07,203,2.0
20200,0.7920597791671753,0.7934045791625977,8.575000000000001e-05,17.7263240814209,2.0,61.25,60.0,0.1593022346496582,,,,,,,,,,9.3325e-07,204,2.0
20300,0.8403054475784302,0.8467032313346863,8.6125e-05,15.51915168762207,2.0,49.0,46.0,0.1593022346496582,,,,,,,,,,9.37375e-07,205,2.0
20400,0.8101921677589417,0.8111460208892822,8.65e-05,16.314239501953125,2.0,56.25,55.25,0.1593022346496582,,,,,,,,,,9.415e-07,206,2.0
20500,0.7960708141326904,0.7969615459442139,8.6875e-05,24.397401809692383,2.0,61.25,60.5,0.1593022346496582,,,,,,,,,,9.45625e-07,207,2.0
20600,0.8228104114532471,0.8245245814323425,8.724999999999999e-05,18.31732749938965,2.0,53.75,53.0,0.1593022346496582,,,,,,,,,,9.4975e-07,208,2.0
20700,0.8119757175445557,0.8170745372772217,8.762500000000002e-05,16.42129898071289,2.0,56.0,53.25,0.1593022346496582,,,,,,,,,,9.53875e-07,209,2.0
20800,0.8216731548309326,0.8335123062133789,8.800000000000001e-05,20.80024528503418,2.0,54.75,51.25,0.1593022346496582,,,,,,,,,,9.58e-07,210,2.0
20900,0.8297481536865234,0.831385612487793,8.837500000000001e-05,16.99393653869629,2.0,50.75,49.5,0.1593022346496582,,,,,,,,,,9.62125e-07,211,2.0
21000,0.7981178760528564,0.8012614846229553,8.875e-05,17.666990280151367,2.0,59.75,57.25,0.1593022346496582,,,,,,,,,,9.6625e-07,212,2.0
21100,0.8223207592964172,0.8256264328956604,8.9125e-05,14.127142906188965,2.0,55.0,53.5,0.1593022346496582,,,,,,,,,,9.70375e-07,213,2.0
21200,0.8054553270339966,0.8051998615264893,8.950000000000001e-05,16.478748321533203,2.0,57.75,57.25,0.1593022346496582,,,,,,,,,,9.745e-07,214,2.0
21300,0.7917933464050293,0.7920013070106506,8.9875e-05,12.580601692199707,2.0,60.25,60.0,0.1593022346496582,,,,,,,,,,9.78625e-07,215,2.0
21400,0.8195005655288696,0.8200573325157166,9.025000000000001e-05,17.2216796875,2.0,54.5,54.25,0.1593022346496582,,,,,,,,,,9.8275e-07,216,2.0
21500,0.8186501264572144,0.818976640701294,9.062500000000001e-05,19.358688354492188,2.0,53.75,53.0,0.1593022346496582,,,,,,,,,,9.86875e-07,217,2.0
21600,0.8185904026031494,0.8240773677825928,9.1e-05,18.14847183227539,2.0,54.75,52.25,0.1593022346496582,,,,,,,,,,9.91e-07,218,2.0
21700,0.8243414163589478,0.8243678212165833,9.1375e-05,19.74567985534668,2.0,52.75,51.5,0.1593022346496582,,,,,,,,,,9.95125e-07,219,2.0
21800,0.8403574228286743,0.8401786088943481,9.175000000000001e-05,16.49269676208496,2.0,49.0,48.25,0.1593022346496582,,,,,,,,,,9.9925e-07,220,2.0
21900,0.8456958532333374,0.8458285331726074,9.2125e-05,13.68248462677002,2.0,46.5,46.0,0.1593022346496582,,,,,,,,,,1.003375e-06,221,2.0
22000,0.8186926245689392,0.8228664994239807,9.25e-05,17.38270378112793,2.0,52.0,50.25,0.1593022346496582,,,,,,,,,,1.0075e-06,222,2.0
22100,0.8279761075973511,0.8311940431594849,9.2875e-05,14.952852249145508,2.0,51.75,50.25,0.1593022346496582,,,,,,,,,,1.011625e-06,223,2.0
22200,0.8573633432388306,0.861686110496521,9.325e-05,16.030445098876953,2.0,43.75,42.25,0.1593022346496582,,,,,,,,,,1.01575e-06,224,2.0
22300,0.831853985786438,0.8344389200210571,9.362500000000001e-05,16.074207305908203,2.0,51.25,48.75,0.1593022346496582,,,,,,,,,,1.0198750000000001e-06,225,2.0
22400,0.8139677047729492,0.822180449962616,9.400000000000001e-05,20.602758407592773,2.0,58.0,53.75,0.1593022346496582,,,,,,,,,,1.024e-06,226,2.0
22500,0.8602229356765747,0.8603537082672119,9.4375e-05,16.519994735717773,2.0,43.0,42.0,0.1593022346496582,,,,,,,,,,1.028125e-06,227,2.0
22600,0.7996841669082642,0.8119419813156128,9.475e-05,17.78140640258789,2.0,58.0,54.25,0.1593022346496582,,,,,,,,,,1.03225e-06,228,2.0
22700,0.8231002688407898,0.8249075412750244,9.5125e-05,12.085169792175293,2.0,52.75,51.5,0.1593022346496582,,,,,,,,,,1.036375e-06,229,2.0
22800,0.8489077091217041,0.850131094455719,9.55e-05,21.202611923217773,2.0,44.75,44.0,0.1593022346496582,,,,,,,,,,1.0405e-06,230,2.0
22900,0.795943021774292,0.800036609172821,9.5875e-05,22.871437072753906,2.0,60.0,58.5,0.1593022346496582,,,,,,,,,,1.044625e-06,231,2.0
23000,0.8140377998352051,0.8143404722213745,9.625000000000001e-05,18.822641372680664,2.0,57.75,56.5,0.1593022346496582,,,,,,,,,,1.0487500000000001e-06,232,2.0
23100,0.8107149004936218,0.8120346069335938,9.6625e-05,18.411970138549805,2.0,57.75,56.75,0.1593022346496582,,,,,,,,,,1.052875e-06,233,2.0
23200,0.830133855342865,0.8353897929191589,9.7e-05,12.475934028625488,2.0,51.0,48.75,0.1593022346496582,,,,,,,,,,1.057e-06,234,2.0
23300,0.8301606178283691,0.8331731557846069,9.737500000000001e-05,17.187101364135742,2.0,52.75,50.75,0.1593022346496582,,,,,,,,,,1.061125e-06,235,2.0
23400,0.8115071654319763,0.809579610824585,9.774999999999999e-05,21.818479537963867,2.0,55.0,54.0,0.1593022346496582,,,,,,,,,,1.06525e-06,236,2.0
23500,0.8183367252349854,0.8193663358688354,9.8125e-05,13.297221183776855,2.0,55.25,54.5,0.1593022346496582,,,,,,,,,,1.069375e-06,237,2.0
23600,0.8313348293304443,0.8353533148765564,9.850000000000001e-05,17.32288360595703,2.0,51.0,49.5,0.1593022346496582,,,,,,,,,,1.0735e-06,238,2.0
23700,0.8524823188781738,0.8617163300514221,9.8875e-05,12.42721939086914,2.0,46.25,43.0,0.1593022346496582,,,,,,,,,,1.0776250000000001e-06,239,2.0
23800,0.8241301774978638,0.822972297668457,9.925000000000001e-05,24.7043514251709,2.0,53.25,52.25,0.1593022346496582,,,,,,,,,,1.08175e-06,240,2.0
23900,0.8245859146118164,0.8278534412384033,9.9625e-05,10.178743362426758,2.0,50.75,50.0,0.1593022346496582,,,,,,,,,,1.085875e-06,241,2.0
24000,0.8211385607719421,0.8356878757476807,0.0001,17.36098289489746,2.0,53.0,48.0,0.1593022346496582,,,,,,,,,,1.0900000000000002e-06,242,2.0
24100,0.7965961694717407,0.8040648698806763,0.0001,39.24524688720703,2.0,59.75,57.5,0.1593022346496582,,,,,,,,,,1.094125e-06,243,2.0
24200,0.8233972787857056,0.8238637447357178,0.0001,17.57972526550293,2.0,53.75,53.25,0.1593022346496582,,,,,,,,,,1.09825e-06,244,2.0
24300,0.8328245282173157,0.8354496359825134,0.0001,17.9080810546875,2.0,49.0,48.0,0.1593022346496582,,,,,,,,,,1.1023750000000002e-06,245,2.0
24400,0.8470112085342407,0.8538818359375,0.0001,13.168414115905762,2.0,45.75,43.0,0.1593022346496582,,,,,,,,,,1.1065000000000001e-06,246,2.0
24500,0.8244348764419556,0.8294456601142883,0.0001,19.07396125793457,2.0,52.5,50.0,0.1593022346496582,,,,,,,,,,1.110625e-06,247,2.0
24600,0.824091911315918,0.8247299194335938,0.0001,17.958343505859375,2.0,53.75,53.0,0.1593022346496582,,,,,,,,,,1.11475e-06,248,2.0
24700,0.8436374664306641,0.8449594974517822,0.0001,19.368053436279297,2.0,47.5,46.75,0.1593022346496582,,,,,,,,,,1.1188750000000002e-06,249,2.0
24800,0.8519836664199829,0.8543606400489807,0.0001,24.5130615234375,2.0,45.5,44.25,0.1593022346496582,,,,,,,,,,1.123e-06,250,2.0
24900,0.8417654633522034,0.8426403403282166,0.0001,20.441354751586914,2.0,47.75,46.25,0.1593022346496582,,,,,,,,,,1.127125e-06,251,2.0
25000,0.8187268376350403,0.8257052898406982,0.0001,19.439212799072266,2.0,55.5,51.75,0.1593022346496582,,,,,,,,,,1.1312500000000002e-06,252,2.0
25100,0.8164553046226501,0.8201940059661865,0.0001,13.777670860290527,2.0,55.0,53.75,0.1593022346496582,,,,,,,,,,1.1353750000000001e-06,253,2.0
25200,0.8268853425979614,0.8354966044425964,0.0001,27.770837783813477,2.0,52.5,49.25,0.1593022346496582,,,,,,,,,,1.1395e-06,254,2.0
25300,0.8189482092857361,0.8240721225738525,0.0001,15.537635803222656,2.0,55.0,52.75,0.1593022346496582,,,,,,,,,,1.1436250000000002e-06,255,2.0
25400,0.848086953163147,0.8496979475021362,0.0001,16.988479614257812,2.0,46.25,45.25,0.1593022346496582,,,,,,,,,,1.1477500000000001e-06,256,2.0
25500,0.8350398540496826,0.8387576341629028,0.0001,18.328641891479492,2.0,49.75,48.0,0.1593022346496582,,,,,,,,,,1.151875e-06,257,2.0
25600,0.8113865256309509,0.8119201064109802,0.0001,28.766904830932617,2.0,59.75,58.75,0.1593022346496582,,,,,,,,,,1.156e-06,258,2.0
25700,0.8237242698669434,0.8259257078170776,0.0001,23.08222007751465,2.0,52.5,51.0,0.1593022346496582,,,,,,,,,,1.160125e-06,259,2.0
25800,0.825759768486023,0.826473593711853,0.0001,21.60313606262207,2.0,52.25,51.25,0.1593022346496582,,,,,,,,,,1.16425e-06,260,2.0
25900,0.821193516254425,0.8230181932449341,0.0001,10.53831958770752,2.0,55.0,54.5,0.1593022346496582,,,,,,,,,,1.1683749999999998e-06,261,2.0
26000,0.858267068862915,0.8580422401428223,0.0001,23.43755531311035,2.0,44.25,43.5,0.1593022346496582,,,,,,,,,,1.1725e-06,262,2.0
26100,0.834961473941803,0.8385757803916931,0.0001,10.968843460083008,2.0,50.0,48.0,0.1593022346496582,,,,,,,,,,1.176625e-06,263,2.0
26200,0.8167553544044495,0.8441551327705383,0.0001,12.318879127502441,2.0,54.75,46.0,0.1593022346496582,,,,,,,,,,1.1807499999999999e-06,264,2.0
26300,0.8433223366737366,0.8490559458732605,0.0001,13.476656913757324,2.0,48.5,46.5,0.1593022346496582,,,,,,,,,,1.184875e-06,265,2.0
26400,0.8101679086685181,0.8114164471626282,0.0001,23.320585250854492,2.0,57.0,54.75,0.1593022346496582,,,,,,,,,,1.189e-06,266,2.0
26500,0.8397554159164429,0.8427362442016602,0.0001,18.623136520385742,2.0,49.25,47.5,0.1593022346496582,,,,,,,,,,1.193125e-06,267,2.0
26600,0.8248206973075867,0.8262889385223389,0.0001,21.5506534576416,2.0,52.25,51.0,0.1593022346496582,,,,,,,,,,1.19725e-06,268,2.0
26700,0.8375176787376404,0.8387197852134705,0.0001,17.766836166381836,2.0,49.25,48.25,0.1593022346496582,,,,,,,,,,1.201375e-06,269,2.0
26800,0.82855623960495,0.8323071002960205,0.0001,20.82740020751953,2.0,53.75,52.5,0.1593022346496582,,,,,,,,,,1.2055e-06,270,2.0
26900,0.8316611051559448,0.8310012221336365,0.0001,18.94675636291504,2.0,53.0,51.5,0.1593022346496582,,,,,,,,,,1.2096249999999999e-06,271,2.0
27000,0.8173954486846924,0.8187929391860962,0.0001,22.49471092224121,2.0,54.25,53.25,0.1593022346496582,,,,,,,,,,1.21375e-06,272,2.0
27100,0.8120391368865967,0.815367579460144,0.0001,16.311840057373047,2.0,56.75,55.0,0.1593022346496582,,,,,,,,,,1.217875e-06,273,2.0
27200,0.8401563763618469,0.8427839279174805,0.0001,18.131059646606445,2.0,48.25,47.0,0.1593022346496582,,,,,,,,,,1.222e-06,274,2.0
27300,0.8059359788894653,0.8049536347389221,0.0001,23.453365325927734,2.0,57.5,57.25,0.1593022346496582,,,,,,,,,,1.226125e-06,275,2.0
27400,0.827263355255127,0.8307040929794312,0.0001,17.924802780151367,2.0,52.75,50.75,0.1593022346496582,,,,,,,,,,1.23025e-06,276,2.0
27500,0.8392229676246643,0.8378769159317017,0.0001,18.704343795776367,2.0,49.0,47.75,0.1593022346496582,,,,,,,,,,1.234375e-06,277,2.0
27600,0.8310315608978271,0.8288931846618652,0.0001,11.556928634643555,2.0,52.0,51.25,0.1593022346496582,,,,,,,,,,1.2385e-06,278,2.0
27700,0.8469934463500977,0.8471159934997559,0.0001,17.14219856262207,2.0,48.5,47.75,0.1593022346496582,,,,,,,,,,1.242625e-06,279,2.0
27800,0.8516818284988403,0.851076066493988,0.0001,14.554672241210938,2.0,45.25,44.75,0.1593022346496582,,,,,,,,,,1.24675e-06,280,2.0
27900,0.8285531997680664,0.830726146697998,0.0001,11.847167015075684,2.0,51.75,50.0,0.1593022346496582,,,,,,,,,,1.2508750000000003e-06,281,2.0
28000,0.8465512990951538,0.8495504260063171,0.0001,17.179616928100586,2.0,44.75,43.75,0.1593022346496582,,,,,,,,,,1.255e-06,282,2.0
28100,0.8110519647598267,0.8124974966049194,0.0001,26.850934982299805,2.0,58.75,56.0,0.1593022346496582,,,,,,,,,,1.2591250000000002e-06,283,2.0
28200,0.8513612151145935,0.8533235788345337,0.0001,15.841516494750977,2.0,46.25,45.25,0.1593022346496582,,,,,,,,,,1.26325e-06,284,2.0
28300,0.8377686738967896,0.8403194546699524,0.0001,17.302154541015625,2.0,48.25,47.0,0.1593022346496582,,,,,,,,,,1.267375e-06,285,2.0
28400,0.8160198926925659,0.858518660068512,0.0001,25.295677185058594,2.0,57.25,42.75,0.1593022346496582,,,,,,,,,,1.2715000000000002e-06,286,2.0
28500,0.8516690731048584,0.8515418767929077,0.0001,56.20425033569336,2.0,45.0,44.25,0.1593022346496582,,,,,,,,,,1.275625e-06,287,2.0
28600,0.8473113775253296,0.8493956327438354,0.0001,16.431396484375,2.0,46.5,45.0,0.1593022346496582,,,,,,,,,,1.2797500000000001e-06,288,2.0
28700,0.8401862978935242,0.8391886949539185,0.0001,18.00507164001465,2.0,48.5,48.0,0.1593022346496582,,,,,,,,,,1.283875e-06,289,2.0
28800,0.8281883001327515,0.8291999101638794,0.0001,36.66046905517578,2.0,53.75,52.0,0.1593022346496582,,,,,,,,,,1.288e-06,290,2.0
28900,0.845341682434082,0.8460168838500977,0.0001,12.745989799499512,2.0,47.75,47.25,0.1593022346496582,,,,,,,,,,1.2921250000000001e-06,291,2.0
29000,0.8443640470504761,0.8466091156005859,0.0001,15.075571060180664,2.0,48.0,46.25,0.1593022346496582,,,,,,,,,,1.29625e-06,292,2.0
29100,0.8305410146713257,0.8303261399269104,0.0001,15.34073543548584,2.0,52.75,51.75,0.1593022346496582,,,,,,,,,,1.300375e-06,293,2.0
29200,0.8320420980453491,0.8351783156394958,0.0001,17.984561920166016,2.0,51.75,50.0,0.1593022346496582,,,,,,,,,,1.3045000000000002e-06,294,2.0
29300,0.8051871061325073,0.8049077987670898,0.0001,21.09065818786621,2.0,57.0,56.0,0.1593022346496582,,,,,,,,,,1.3086250000000001e-06,295,2.0
29400,0.8440175652503967,0.8446542024612427,0.0001,64.73308563232422,2.0,46.0,45.5,0.1593022346496582,,,,,,,,,,1.31275e-06,296,2.0
29500,0.8349187970161438,0.8327890634536743,0.0001,27.443195343017578,2.0,51.0,50.25,0.1593022346496582,,,,,,,,,,1.316875e-06,297,2.0
29600,0.8031439185142517,0.8051146864891052,0.0001,19.49678611755371,2.0,59.0,57.25,0.1593022346496582,,,,,,,,,,1.3210000000000001e-06,298,2.0
29700,0.8450127840042114,0.8496307134628296,0.0001,15.4529447555542,2.0,46.75,45.25,0.1593022346496582,,,,,,,,,,1.325125e-06,299,2.0
29800,0.8320519924163818,0.8300373554229736,0.0001,17.518110275268555,2.0,52.0,52.0,0.1593022346496582,,,,,,,,,,1.32925e-06,300,2.0
29900,0.8535099029541016,0.8545241355895996,0.0001,17.8498592376709,2.0,44.75,44.25,0.1593022346496582,,,,,,,,,,1.3333750000000002e-06,301,2.0
29950,,,,,,,,,0.17065753042697906,0.2717694342136383,0.06843201816082001,0.17934563755989075,0.11656589806079865,0.09504517912864685,0.1122339740395546,0.15040753781795502,0.12469647824764252,,302,
30000,0.8361279368400574,0.839740514755249,0.0001,22.710538864135742,2.0,51.0,49.0,0.15040752291679382,,,,,,,,,,1.3375000000000001e-06,303,2.0
30100,0.8187596797943115,0.8326020836830139,0.0001,19.078664779663086,2.0,53.75,49.75,0.15040752291679382,,,,,,,,,,1.3416250000000003e-06,304,2.0
30200,0.865854799747467,0.8664402365684509,0.0001,61.62221145629883,2.0,41.0,39.75,0.15040752291679382,,,,,,,,,,1.3457500000000002e-06,305,2.0
30300,0.8456863164901733,0.845805823802948,0.0001,17.53803062438965,2.0,46.25,45.0,0.15040752291679382,,,,,,,,,,1.3498750000000001e-06,306,2.0
30400,0.8249281048774719,0.8250638246536255,0.0001,19.2742977142334,2.0,52.25,51.25,0.15040752291679382,,,,,,,,,,1.3540000000000003e-06,307,2.0
30500,0.8234232068061829,0.8283815383911133,0.0001,15.185876846313477,2.0,53.0,50.75,0.15040752291679382,,,,,,,,,,1.3581250000000002e-06,308,2.0
30600,0.8302164077758789,0.8315932750701904,0.0001,24.044376373291016,2.0,53.25,50.75,0.15040752291679382,,,,,,,,,,1.3622500000000002e-06,309,2.0
30700,0.8367617130279541,0.8365837335586548,0.0001,17.494604110717773,2.0,48.5,47.75,0.15040752291679382,,,,,,,,,,1.3663750000000003e-06,310,2.0
30800,0.851828932762146,0.8576622009277344,0.0001,15.402124404907227,2.0,46.0,43.25,0.15040752291679382,,,,,,,,,,1.3705000000000003e-06,311,2.0
30900,0.8187000751495361,0.8195010423660278,0.0001,17.43349266052246,2.0,53.0,52.25,0.15040752291679382,,,,,,,,,,1.3746250000000002e-06,312,2.0
31000,0.8590158224105835,0.8588438630104065,0.0001,29.231714248657227,2.0,43.5,42.5,0.15040752291679382,,,,,,,,,,1.3787500000000004e-06,313,2.0
31100,0.8656365871429443,0.864343523979187,0.0001,13.543291091918945,2.0,41.75,40.5,0.15040752291679382,,,,,,,,,,1.3828750000000003e-06,314,2.0
31200,0.8555513620376587,0.8565311431884766,0.0001,14.796343803405762,2.0,44.25,43.25,0.15040752291679382,,,,,,,,,,1.3870000000000002e-06,315,2.0
31300,0.8397279381752014,0.8398938179016113,0.0001,24.92917823791504,2.0,51.75,50.5,0.15040752291679382,,,,,,,,,,1.3911250000000002e-06,316,2.0
31400,0.8489938974380493,0.8523795008659363,0.0001,13.600125312805176,2.0,46.25,44.75,0.15040752291679382,,,,,,,,,,1.3952500000000003e-06,317,2.0
31500,0.834046483039856,0.8354885578155518,0.0001,20.20558738708496,2.0,51.25,49.75,0.15040752291679382,,,,,,,,,,1.3993750000000003e-06,318,2.0
31600,0.8310526609420776,0.8370280265808105,0.0001,18.003219604492188,2.0,49.25,47.0,0.15040752291679382,,,,,,,,,,1.4035000000000002e-06,319,2.0
31700,0.8368532061576843,0.8362300395965576,0.0001,20.836252212524414,2.0,50.5,50.0,0.15040752291679382,,,,,,,,,,1.4076250000000001e-06,320,2.0
31800,0.7960154414176941,0.8398680686950684,0.0001,24.911909103393555,2.0,62.0,47.75,0.15040752291679382,,,,,,,,,,1.4117500000000003e-06,321,2.0
31900,0.8412468433380127,0.844089686870575,0.0001,17.0645694732666,2.0,48.0,46.5,0.15040752291679382,,,,,,,,,,1.4158750000000002e-06,322,2.0
32000,0.8641347289085388,0.8641287088394165,0.0001,11.816304206848145,1.9921875,42.25,41.5,0.15040752291679382,,,,,,,,,,1.4200000000000002e-06,323,1.9921875
32100,0.8524609208106995,0.8529766798019409,0.0001,12.325258255004883,2.0,44.25,44.0,0.15040752291679382,,,,,,,,,,1.4241250000000003e-06,324,2.0
32200,0.8577558994293213,0.8638345003128052,0.0001,12.418098449707031,2.0,44.25,41.5,0.15040752291679382,,,,,,,,,,1.4282500000000003e-06,325,2.0
32300,0.8222959041595459,0.8220051527023315,0.0001,20.009765625,2.0,54.0,53.0,0.15040752291679382,,,,,,,,,,1.4323750000000002e-06,326,2.0
32400,0.8392486572265625,0.8409346342086792,0.0001,10.989233016967773,2.0,50.0,49.25,0.15040752291679382,,,,,,,,,,1.4365000000000003e-06,327,2.0
32500,0.8417474627494812,0.841134786605835,0.0001,19.895736694335938,2.0,48.25,47.25,0.15040752291679382,,,,,,,,,,1.4406250000000003e-06,328,2.0
32600,0.8668206334114075,0.8679322004318237,0.0001,22.049083709716797,2.0,41.25,40.5,0.15040752291679382,,,,,,,,,,1.4447500000000002e-06,329,2.0
32700,0.8361018896102905,0.8350448608398438,0.0001,14.541897773742676,2.0,50.5,49.25,0.15040752291679382,,,,,,,,,,1.4488750000000004e-06,330,2.0
32800,0.8132718801498413,0.8130859136581421,0.0001,19.88178825378418,2.0,56.75,55.5,0.15040752291679382,,,,,,,,,,1.4530000000000003e-06,331,2.0
32900,0.8434339761734009,0.8432598114013672,0.0001,21.015949249267578,2.0,46.5,46.25,0.15040752291679382,,,,,,,,,,1.4571250000000003e-06,332,2.0
33000,0.8232930898666382,0.8256228566169739,0.0001,26.08296775817871,2.0,54.0,53.0,0.15040752291679382,,,,,,,,,,1.4612500000000002e-06,333,2.0
33100,0.8417226076126099,0.8498912453651428,0.0001,24.61319351196289,2.0,47.75,44.5,0.15040752291679382,,,,,,,,,,1.465375e-06,334,2.0
33200,0.8248780369758606,0.8250820636749268,0.0001,23.672040939331055,2.0,53.5,52.0,0.15040752291679382,,,,,,,,,,1.4695e-06,335,2.0
33300,0.8121144771575928,0.8170785307884216,0.0001,29.28797721862793,2.0,58.25,55.75,0.15040752291679382,,,,,,,,,,1.4736250000000002e-06,336,2.0
33400,0.8433070182800293,0.8447275757789612,0.0001,17.680383682250977,2.0,48.0,47.0,0.15040752291679382,,,,,,,,,,1.47775e-06,337,2.0
33500,0.8503319621086121,0.8483997583389282,0.0001,14.328813552856445,2.0,44.5,44.0,0.15040752291679382,,,,,,,,,,1.481875e-06,338,2.0
33600,0.8469687700271606,0.8481804132461548,0.0001,17.466323852539062,2.0,46.75,45.0,0.15040752291679382,,,,,,,,,,1.4860000000000003e-06,339,2.0
33700,0.8337410688400269,0.8305537700653076,0.0001,24.798452377319336,2.0,49.5,49.25,0.15040752291679382,,,,,,,,,,1.490125e-06,340,2.0
33800,0.8493573665618896,0.8521767854690552,0.0001,18.71059226989746,2.0,46.5,43.75,0.15040752291679382,,,,,,,,,,1.4942500000000001e-06,341,2.0
33900,0.8336018323898315,0.8357248306274414,0.0001,13.147961616516113,2.0,50.75,49.5,0.15040752291679382,,,,,,,,,,1.4983749999999999e-06,342,2.0
34000,0.8643001317977905,0.8634700775146484,0.0001,15.417448997497559,1.9921875,41.0,40.5,0.15040752291679382,,,,,,,,,,1.5025e-06,343,1.9921875
34100,0.8730656504631042,0.872627854347229,0.0001,16.76862907409668,2.0,39.5,38.25,0.15040752291679382,,,,,,,,,,1.5066250000000002e-06,344,2.0
34200,0.8234281539916992,0.8233502507209778,0.0001,21.663799285888672,2.0,53.0,52.5,0.15040752291679382,,,,,,,,,,1.5107499999999999e-06,345,2.0
34300,0.804460883140564,0.8454601764678955,0.0001,16.879440307617188,2.0,61.25,47.5,0.15040752291679382,,,,,,,,,,1.514875e-06,346,2.0
34400,0.8583390712738037,0.8585600852966309,0.0001,21.972070693969727,2.0,43.5,42.75,0.15040752291679382,,,,,,,,,,1.5190000000000002e-06,347,2.0
34500,0.8455053567886353,0.845523476600647,0.0001,19.66644859313965,2.0,46.5,45.75,0.15040752291679382,,,,,,,,,,1.523125e-06,348,2.0
34600,0.8407003879547119,0.8477950096130371,0.0001,29.893692016601562,2.0,51.5,48.0,0.15040752291679382,,,,,,,,,,1.52725e-06,349,2.0
34700,0.8544355630874634,0.8563108444213867,0.0001,16.099586486816406,2.0,46.25,45.0,0.15040752291679382,,,,,,,,,,1.5313750000000002e-06,350,2.0
34800,0.8585492968559265,0.862513542175293,0.0001,11.58635425567627,2.0,43.25,41.75,0.15040752291679382,,,,,,,,,,1.5355e-06,351,2.0
34900,0.8489080667495728,0.8491688370704651,0.0001,28.63570213317871,2.0,47.0,45.75,0.15040752291679382,,,,,,,,,,1.539625e-06,352,2.0
35000,0.8369805812835693,0.8396385312080383,0.0001,21.12851333618164,2.0,49.25,48.25,0.15040752291679382,,,,,,,,,,1.5437500000000003e-06,353,2.0
35100,0.8585763573646545,0.86159348487854,0.0001,14.893655776977539,2.0,44.5,42.5,0.15040752291679382,,,,,,,,,,1.547875e-06,354,2.0
35200,0.8546029925346375,0.8556042909622192,0.0001,22.33833885192871,2.0,43.5,42.25,0.15040752291679382,,,,,,,,,,1.5520000000000001e-06,355,2.0
35300,0.8247963190078735,0.8357247114181519,0.0001,19.015398025512695,2.0,53.5,49.0,0.15040752291679382,,,,,,,,,,1.5561250000000003e-06,356,2.0
35400,0.8461339473724365,0.8480323553085327,0.0001,27.48908042907715,2.0,46.0,45.0,0.15040752291679382,,,,,,,,,,1.56025e-06,357,2.0
35500,0.840206503868103,0.8399068117141724,0.0001,12.957773208618164,2.0,49.0,48.5,0.15040752291679382,,,,,,,,,,1.5643750000000002e-06,358,2.0
35600,0.8295859098434448,0.8303333520889282,0.0001,39.5218620300293,2.0,49.25,47.75,0.15040752291679382,,,,,,,,,,1.5685000000000003e-06,359,2.0
35700,0.8349660634994507,0.8371319770812988,0.0001,18.794879913330078,2.0,50.75,49.75,0.15040752291679382,,,,,,,,,,1.572625e-06,360,2.0
35800,0.809231162071228,0.8079280257225037,0.0001,24.00214958190918,2.0,56.25,55.0,0.15040752291679382,,,,,,,,,,1.5767500000000002e-06,361,2.0
35900,0.8480404615402222,0.8477963805198669,0.0001,18.992277145385742,2.0,46.25,45.0,0.15040752291679382,,,,,,,,,,1.5808750000000003e-06,362,2.0
36000,0.8353204727172852,0.8332327604293823,0.0001,20.726856231689453,2.0,49.0,49.0,0.15040752291679382,,,,,,,,,,1.585e-06,363,2.0
36100,0.8582624793052673,0.8576810359954834,0.0001,14.621367454528809,2.0,45.5,44.75,0.15040752291679382,,,,,,,,,,1.5891250000000002e-06,364,2.0
36200,0.8404074907302856,0.8548510074615479,0.0001,15.37760066986084,2.0,49.25,44.5,0.15040752291679382,,,,,,,,,,1.5932500000000004e-06,365,2.0
36300,0.8348401188850403,0.833836555480957,0.0001,16.43313980102539,2.0,51.0,50.25,0.15040752291679382,,,,,,,,,,1.597375e-06,366,2.0
36400,0.8301066160202026,0.834830641746521,0.0001,25.990676879882812,2.0,51.0,49.0,0.15040752291679382,,,,,,,,,,1.6015000000000003e-06,367,2.0
36500,0.8178873062133789,0.831237256526947,0.0001,16.631752014160156,2.0,56.75,52.25,0.15040752291679382,,,,,,,,,,1.6056250000000002e-06,368,2.0
36600,0.8423957228660583,0.8449587821960449,0.0001,10.21578598022461,2.0,47.75,46.25,0.15040752291679382,,,,,,,,,,1.6097500000000001e-06,369,2.0
36700,0.8343405723571777,0.8333775997161865,0.0001,14.583106994628906,2.0,51.5,50.5,0.15040752291679382,,,,,,,,,,1.6138750000000003e-06,370,2.0
36800,0.8367336988449097,0.8359299898147583,0.0001,19.152069091796875,2.0,50.75,50.5,0.15040752291679382,,,,,,,,,,1.6180000000000002e-06,371,2.0
36900,0.7612272500991821,0.8412320017814636,0.0001,14.619488716125488,2.0,76.5,46.0,0.15040752291679382,,,,,,,,,,1.6221250000000002e-06,372,2.0
37000,0.8328307867050171,0.8540911078453064,0.0001,23.683263778686523,1.9921875,50.75,43.25,0.15040752291679382,,,,,,,,,,1.6262500000000003e-06,373,1.9921875
37100,0.8614818453788757,0.8586285710334778,0.0001,19.840192794799805,2.0,43.25,42.25,0.15040752291679382,,,,,,,,,,1.6303750000000003e-06,374,2.0
37200,0.8525493741035461,0.8530671000480652,0.0001,17.978971481323242,2.0,45.0,44.5,0.15040752291679382,,,,,,,,,,1.6345000000000002e-06,375,2.0
37300,0.8270162343978882,0.8292253017425537,0.0001,16.852500915527344,2.0,54.75,53.0,0.15040752291679382,,,,,,,,,,1.6386250000000003e-06,376,2.0
37400,0.8485381603240967,0.8528550267219543,0.0001,19.14276123046875,2.0,46.75,45.0,0.15040752291679382,,,,,,,,,,1.6427500000000003e-06,377,2.0
37500,0.6966899633407593,0.8121654987335205,0.0001,33.53950500488281,2.0,96.5,55.0,0.15040752291679382,,,,,,,,,,1.6468750000000002e-06,378,2.0
37600,0.8341353535652161,0.8350021243095398,0.0001,20.896533966064453,2.0,49.5,48.5,0.15040752291679382,,,,,,,,,,1.6510000000000004e-06,379,2.0
37700,0.8544937372207642,0.8563780784606934,0.0001,28.65768814086914,2.0,45.5,45.0,0.15040752291679382,,,,,,,,,,1.655125e-06,380,2.0
37800,0.862777590751648,0.8601827621459961,0.0001,17.865690231323242,1.9921875,43.0,42.25,0.15040752291679382,,,,,,,,,,1.6592500000000002e-06,381,1.9921875
37900,0.8413774967193604,0.8407415151596069,0.0001,29.068775177001953,2.0,49.25,46.75,0.15040752291679382,,,,,,,,,,1.6633750000000004e-06,382,2.0
38000,0.8605430126190186,0.8632733225822449,0.0001,19.935773849487305,2.0,42.5,41.5,0.15040752291679382,,,,,,,,,,1.6675000000000001e-06,383,2.0
38100,0.8343408107757568,0.835595965385437,0.0001,22.18731689453125,1.9921875,53.0,52.0,0.15040752291679382,,,,,,,,,,1.6716250000000003e-06,384,1.9921875
38200,0.8497613668441772,0.8488501310348511,0.0001,14.755218505859375,2.0,46.25,45.5,0.15040752291679382,,,,,,,,,,1.6757500000000004e-06,385,2.0
38300,0.8142662644386292,0.8174401521682739,0.0001,32.437618255615234,2.0,54.75,53.0,0.15040752291679382,,,,,,,,,,1.6798750000000002e-06,386,2.0
38400,0.8486281633377075,0.8501240611076355,0.0001,20.69392967224121,2.0,47.0,46.25,0.15040752291679382,,,,,,,,,,1.6840000000000003e-06,387,2.0
38500,0.8279650211334229,0.8283514380455017,0.0001,14.937295913696289,2.0,52.5,51.75,0.15040752291679382,,,,,,,,,,1.6881250000000005e-06,388,2.0
38600,0.8129815459251404,0.8211045861244202,0.0001,18.33701515197754,2.0,56.5,53.75,0.15040752291679382,,,,,,,,,,1.6922500000000002e-06,389,2.0
38700,0.8229888081550598,0.825006365776062,0.0001,25.196582794189453,2.0,52.75,51.25,0.15040752291679382,,,,,,,,,,1.6963750000000003e-06,390,2.0
38800,0.8468047976493835,0.8491066694259644,0.0001,22.766088485717773,2.0,47.5,46.25,0.15040752291679382,,,,,,,,,,1.7005000000000003e-06,391,2.0
38900,0.825230062007904,0.8277366757392883,0.0001,19.66238021850586,2.0,52.5,51.75,0.15040752291679382,,,,,,,,,,1.7046250000000002e-06,392,2.0
39000,0.837053120136261,0.8371091485023499,0.0001,44.158016204833984,2.0,49.75,47.25,0.15040752291679382,,,,,,,,,,1.7087500000000002e-06,393,2.0
39100,0.8009020090103149,0.8034660816192627,0.0001,23.31130027770996,2.0,58.5,57.0,0.15040752291679382,,,,,,,,,,1.7128749999999999e-06,394,2.0
39200,0.851580023765564,0.852729082107544,0.0001,20.83861541748047,2.0,46.25,45.0,0.15040752291679382,,,,,,,,,,1.717e-06,395,2.0
39300,0.8402369022369385,0.8408976793289185,0.0001,15.6735258102417,2.0,50.25,49.25,0.15040752291679382,,,,,,,,,,1.7211250000000002e-06,396,2.0
39400,0.8371080160140991,0.8394744396209717,0.0001,10.172636032104492,2.0,50.25,49.75,0.15040752291679382,,,,,,,,,,1.72525e-06,397,2.0
39500,0.831816554069519,0.8327805995941162,0.0001,23.921422958374023,2.0,49.75,48.75,0.15040752291679382,,,,,,,,,,1.729375e-06,398,2.0
39600,0.8582849502563477,0.8600010871887207,0.0001,11.048544883728027,2.0,43.25,43.25,0.15040752291679382,,,,,,,,,,1.7335000000000002e-06,399,2.0
39700,0.8651766180992126,0.8664560317993164,0.0001,24.351457595825195,2.0,41.75,40.75,0.15040752291679382,,,,,,,,,,1.737625e-06,400,2.0
39800,0.854844331741333,0.8547056913375854,0.0001,31.399280548095703,2.0,44.5,44.0,0.15040752291679382,,,,,,,,,,1.74175e-06,401,2.0
39900,0.843254804611206,0.8527992963790894,0.0001,16.463031768798828,2.0,47.75,44.5,0.15040752291679382,,,,,,,,,,1.7458750000000002e-06,402,2.0
39950,,,,,,,,,0.15208618342876434,0.2319439947605133,0.0763264000415802,0.1567174643278122,0.10008601099252701,0.09651587903499603,0.0956663116812706,0.1373431235551834,0.12383441627025604,,403,
40000,0.8219480514526367,0.8295834064483643,0.0001,27.700315475463867,2.0,54.25,50.75,0.1373431384563446,,,,,,,,,,1.75e-06,404,2.0
40100,0.852562665939331,0.8514119386672974,0.0001,17.557310104370117,1.9921875,44.75,44.25,0.1373431384563446,,,,,,,,,,1.7541250000000001e-06,405,1.9921875
40200,0.8490716814994812,0.8491978645324707,0.0001,14.40049934387207,2.0,47.5,46.0,0.1373431384563446,,,,,,,,,,1.7582500000000003e-06,406,2.0
40300,0.8741401433944702,0.8724339008331299,0.0001,14.545166015625,2.0,39.25,38.75,0.1373431384563446,,,,,,,,,,1.762375e-06,407,2.0
40400,0.8357778191566467,0.8421071767807007,0.0001,31.35297203063965,1.9921875,49.75,47.0,0.1373431384563446,,,,,,,,,,1.7665000000000002e-06,408,1.9921875
40500,0.8515428900718689,0.8575851321220398,0.0001,19.23036003112793,2.0,47.25,45.25,0.1373431384563446,,,,,,,,,,1.7706250000000003e-06,409,2.0
40600,0.8474105596542358,0.847134530544281,0.0001,25.69829750061035,2.0,47.25,46.0,0.1373431384563446,,,,,,,,,,1.77475e-06,410,2.0
40700,0.8361246585845947,0.8351750373840332,0.0001,22.267852783203125,2.0,49.25,48.75,0.1373431384563446,,,,,,,,,,1.7788750000000002e-06,411,2.0
40800,0.837124228477478,0.8405523300170898,0.0001,14.992627143859863,2.0,50.75,49.25,0.1373431384563446,,,,,,,,,,1.7830000000000003e-06,412,2.0
40900,0.8434835076332092,0.8452019095420837,0.0001,16.244306564331055,2.0,46.75,46.0,0.1373431384563446,,,,,,,,,,1.787125e-06,413,2.0
41000,0.8435624837875366,0.8426464200019836,0.0001,18.445520401000977,2.0,48.25,48.0,0.1373431384563446,,,,,,,,,,1.7912500000000002e-06,414,2.0
41100,0.8900989294052124,0.8918176889419556,0.0001,11.141313552856445,1.9921875,34.0,33.0,0.1373431384563446,,,,,,,,,,1.7953750000000004e-06,415,1.9921875
41200,0.8597189784049988,0.8606970310211182,0.0001,17.799036026000977,1.9921875,42.5,41.5,0.1373431384563446,,,,,,,,,,1.7995e-06,416,1.9921875
41300,0.8532271385192871,0.8526225090026855,0.0001,20.492338180541992,2.0,46.75,46.0,0.1373431384563446,,,,,,,,,,1.8036250000000002e-06,417,2.0
41400,0.8424991369247437,0.8437525033950806,0.0001,18.704912185668945,2.0,47.5,46.0,0.1373431384563446,,,,,,,,,,1.80775e-06,418,2.0
41500,0.8500359058380127,0.8502359986305237,0.0001,16.866605758666992,2.0,45.75,45.0,0.1373431384563446,,,,,,,,,,1.8118750000000001e-06,419,2.0
41600,0.8403326272964478,0.8381057977676392,0.0001,17.7487850189209,2.0,49.0,48.75,0.1373431384563446,,,,,,,,,,1.8160000000000003e-06,420,2.0
41700,0.8704109787940979,0.8755276799201965,0.0001,15.234381675720215,2.0,41.5,38.75,0.1373431384563446,,,,,,,,,,1.820125e-06,421,2.0
41800,0.7094952464103699,0.8333661556243896,0.0001,22.29018783569336,2.0,96.5,49.25,0.1373431384563446,,,,,,,,,,1.8242500000000002e-06,422,2.0
41900,0.8722504377365112,0.8737555742263794,0.0001,13.340109825134277,2.0,40.25,39.75,0.1373431384563446,,,,,,,,,,1.8283750000000003e-06,423,2.0
42000,0.8335338234901428,0.8334659337997437,0.0001,22.697973251342773,2.0,50.75,49.75,0.1373431384563446,,,,,,,,,,1.8325e-06,424,2.0
42100,0.853335976600647,0.860893964767456,0.0001,20.13038444519043,2.0,44.25,41.0,0.1373431384563446,,,,,,,,,,1.8366250000000002e-06,425,2.0
42200,0.8461655378341675,0.846169114112854,0.0001,24.670001983642578,2.0,46.25,45.0,0.1373431384563446,,,,,,,,,,1.8407500000000003e-06,426,2.0
42300,0.8553750514984131,0.8561158180236816,0.0001,19.74587059020996,2.0,43.75,43.5,0.1373431384563446,,,,,,,,,,1.844875e-06,427,2.0
42400,0.858182430267334,0.8806563019752502,0.0001,20.05934715270996,2.0,44.75,36.0,0.1373431384563446,,,,,,,,,,1.8490000000000002e-06,428,2.0
42500,0.8391808271408081,0.8461445569992065,0.0001,21.794809341430664,1.9921875,49.0,46.75,0.1373431384563446,,,,,,,,,,1.8531250000000004e-06,429,1.9921875
42600,0.845792293548584,0.8612810373306274,0.0001,21.233579635620117,1.9921875,48.5,42.75,0.1373431384563446,,,,,,,,,,1.85725e-06,430,1.9921875
42700,0.8425843715667725,0.8439513444900513,0.0001,15.618057250976562,2.0,49.75,49.0,0.1373431384563446,,,,,,,,,,1.8613750000000002e-06,431,2.0
42800,0.8501338362693787,0.8517332077026367,0.0001,67.69523620605469,2.0,45.5,44.75,0.1373431384563446,,,,,,,,,,1.8655000000000004e-06,432,2.0
42900,0.8351315259933472,0.8365825414657593,0.0001,24.677248001098633,2.0,50.25,49.0,0.1373431384563446,,,,,,,,,,1.8696250000000001e-06,433,2.0
43000,0.8538392782211304,0.8546658158302307,0.0001,28.05495262145996,2.0,44.25,43.25,0.1373431384563446,,,,,,,,,,1.8737500000000003e-06,434,2.0
43100,0.8437447547912598,0.8431815505027771,0.0001,15.169631958007812,2.0,48.25,46.75,0.1373431384563446,,,,,,,,,,1.8778750000000004e-06,435,2.0
43200,0.8616653084754944,0.8637295961380005,0.0001,15.18737506866455,1.9921875,42.75,41.75,0.1373431384563446,,,,,,,,,,1.8820000000000001e-06,436,1.9921875
43300,0.8262113332748413,0.8262401819229126,0.0001,30.828161239624023,2.0,51.5,51.0,0.1373431384563446,,,,,,,,,,1.8861250000000003e-06,437,2.0
43400,0.8505942821502686,0.8508381843566895,0.0001,30.79183006286621,2.0,45.5,45.0,0.1373431384563446,,,,,,,,,,1.8902500000000005e-06,438,2.0
43500,0.8529514074325562,0.8529690504074097,0.0001,19.31587028503418,2.0,44.5,43.0,0.1373431384563446,,,,,,,,,,1.8943750000000002e-06,439,2.0
43600,0.8485633134841919,0.8489282131195068,0.0001,49.44453811645508,2.0,48.0,46.5,0.1373431384563446,,,,,,,,,,1.8985000000000003e-06,440,2.0
43700,0.8154200315475464,0.8233376741409302,0.0001,32.611732482910156,1.9921875,56.25,53.5,0.1373431384563446,,,,,,,,,,1.9026250000000005e-06,441,1.9921875
43800,0.846702516078949,0.8462918996810913,0.0001,16.894872665405273,2.0,46.25,46.0,0.1373431384563446,,,,,,,,,,1.9067500000000002e-06,442,2.0
43900,0.8533192873001099,0.8561561703681946,0.0001,20.256940841674805,2.0,45.75,43.5,0.1373431384563446,,,,,,,,,,1.9108750000000006e-06,443,2.0
44000,0.8439807891845703,0.8458952903747559,0.0001,16.4066104888916,2.0,47.0,46.0,0.1373431384563446,,,,,,,,,,1.9150000000000003e-06,444,2.0
44100,0.8484112024307251,0.8509156703948975,0.0001,18.2966365814209,2.0,47.25,46.0,0.1373431384563446,,,,,,,,,,1.9191250000000005e-06,445,2.0
44200,0.8798892498016357,0.879651665687561,0.0001,11.546218872070312,2.0,37.5,36.25,0.1373431384563446,,,,,,,,,,1.9232500000000006e-06,446,2.0
44300,0.835841178894043,0.8387801647186279,0.0001,12.7516508102417,2.0,50.0,49.0,0.1373431384563446,,,,,,,,,,1.9273750000000003e-06,447,2.0
44400,0.8464604020118713,0.8584683537483215,0.0001,12.856640815734863,2.0,47.0,43.0,0.1373431384563446,,,,,,,,,,1.9315000000000005e-06,448,2.0
44500,0.8675615787506104,0.8663166165351868,0.0001,27.045669555664062,2.0,40.25,39.75,0.1373431384563446,,,,,,,,,,1.9356250000000006e-06,449,2.0
44600,0.8428528904914856,0.8472819328308105,0.0001,19.587284088134766,2.0,49.25,47.25,0.1373431384563446,,,,,,,,,,1.9397500000000004e-06,450,2.0
44700,0.8603779673576355,0.8602659702301025,0.0001,15.277056694030762,2.0,42.25,41.75,0.1373431384563446,,,,,,,,,,1.9438750000000005e-06,451,2.0
44800,0.8619328141212463,0.8676602840423584,0.0001,14.170706748962402,2.0,42.5,38.5,0.1373431384563446,,,,,,,,,,1.9480000000000002e-06,452,2.0
44900,0.8645310401916504,0.8657612800598145,0.0001,19.641647338867188,2.0,41.5,40.0,0.1373431384563446,,,,,,,,,,1.9521250000000004e-06,453,2.0
45000,0.845320463180542,0.8470438718795776,0.0001,34.82998275756836,2.0,46.75,45.5,0.1373431384563446,,,,,,,,,,1.95625e-06,454,2.0
45100,0.852509617805481,0.8520347476005554,0.0001,14.799160957336426,2.0,45.25,44.5,0.1373431384563446,,,,,,,,,,1.9603750000000003e-06,455,2.0
45200,0.8546265363693237,0.8537017107009888,0.0001,26.84832191467285,2.0,43.5,43.0,0.1373431384563446,,,,,,,,,,1.9645e-06,456,2.0
45300,0.8590812087059021,0.8572205305099487,0.0001,19.07049560546875,2.0,44.25,43.75,0.1373431384563446,,,,,,,,,,1.968625e-06,457,2.0
45400,0.8580206632614136,0.8585684299468994,0.0001,12.9589262008667,2.0,45.0,43.75,0.1373431384563446,,,,,,,,,,1.9727500000000003e-06,458,2.0
45500,0.8754928708076477,0.8743596076965332,0.0001,14.342082023620605,2.0,37.5,37.25,0.1373431384563446,,,,,,,,,,1.976875e-06,459,2.0
45600,0.8351885080337524,0.8368781805038452,0.0001,37.0741081237793,1.9921875,49.75,48.75,0.1373431384563446,,,,,,,,,,1.981e-06,460,1.9921875
45700,0.8443435430526733,0.8444081544876099,0.0001,37.03786849975586,2.0,47.0,46.0,0.1373431384563446,,,,,,,,,,1.9851250000000003e-06,461,2.0
45800,0.8761676549911499,0.8784985542297363,0.0001,16.395877838134766,2.0,37.75,36.5,0.1373431384563446,,,,,,,,,,1.98925e-06,462,2.0
45900,0.821132242679596,0.8224966526031494,0.0001,18.811315536499023,2.0,54.0,53.0,0.1373431384563446,,,,,,,,,,1.993375e-06,463,2.0
46000,0.8417906761169434,0.8440461754798889,0.0001,18.87885284423828,2.0,49.75,48.25,0.1373431384563446,,,,,,,,,,1.9975000000000004e-06,464,2.0
46100,0.8396381139755249,0.8400380611419678,0.0001,18.107555389404297,2.0,48.75,47.25,0.1373431384563446,,,,,,,,,,2.001625e-06,465,2.0
46200,0.8520474433898926,0.8528707027435303,0.0001,20.67441177368164,1.9921875,44.25,43.25,0.1373431384563446,,,,,,,,,,2.0057500000000002e-06,466,1.9921875
46300,0.8594323992729187,0.8607665300369263,0.0001,53.30695724487305,2.0,44.5,42.75,0.1373431384563446,,,,,,,,,,2.009875e-06,467,2.0
46400,0.8394931554794312,0.8428135514259338,0.0001,14.556854248046875,2.0,49.5,47.25,0.1373431384563446,,,,,,,,,,2.014e-06,468,2.0
46500,0.8435492515563965,0.8446993827819824,0.0001,25.361364364624023,2.0,48.25,46.75,0.1373431384563446,,,,,,,,,,2.0181250000000003e-06,469,2.0
46600,0.8598849773406982,0.8619734048843384,0.0001,27.779722213745117,2.0,43.75,42.75,0.1373431384563446,,,,,,,,,,2.02225e-06,470,2.0
46700,0.8635888695716858,0.8635833263397217,0.0001,23.9702205657959,2.0,42.25,41.25,0.1373431384563446,,,,,,,,,,2.026375e-06,471,2.0
46800,0.854804515838623,0.8553941249847412,0.0001,21.06137466430664,2.0,45.5,44.0,0.1373431384563446,,,,,,,,,,2.0305000000000003e-06,472,2.0
46900,0.8547258973121643,0.8560260534286499,0.0001,23.9245662689209,2.0,44.0,41.5,0.1373431384563446,,,,,,,,,,2.034625e-06,473,2.0
47000,0.8365041613578796,0.8456949591636658,0.0001,17.19632911682129,2.0,49.25,46.0,0.1373431384563446,,,,,,,,,,2.03875e-06,474,2.0
47100,0.8150546550750732,0.8182848691940308,0.0001,19.8666934967041,2.0,54.5,53.5,0.1373431384563446,,,,,,,,,,2.0428750000000003e-06,475,2.0
47200,0.8480560183525085,0.8514894247055054,0.0001,22.391551971435547,2.0,46.25,45.25,0.1373431384563446,,,,,,,,,,2.047e-06,476,2.0
47300,0.8670741319656372,0.8660292029380798,0.0001,22.490049362182617,1.9921875,40.5,39.5,0.1373431384563446,,,,,,,,,,2.051125e-06,477,1.9921875
47400,0.8620613217353821,0.8626683950424194,0.0001,30.40375328063965,1.9921875,44.0,43.0,0.1373431384563446,,,,,,,,,,2.0552500000000004e-06,478,1.9921875
47500,0.8598427176475525,0.8706474304199219,0.0001,24.449678421020508,2.0,44.5,40.5,0.1373431384563446,,,,,,,,,,2.059375e-06,479,2.0
47600,0.832327127456665,0.8315750360488892,0.0001,35.43290328979492,2.0,51.25,50.25,0.1373431384563446,,,,,,,,,,2.0635000000000002e-06,480,2.0
47700,0.8610174655914307,0.8600471019744873,0.0001,36.924320220947266,2.0,43.25,42.75,0.1373431384563446,,,,,,,,,,2.0676250000000004e-06,481,2.0
47800,0.8312339186668396,0.8310816287994385,0.0001,63.706520080566406,2.0,49.75,49.25,0.1373431384563446,,,,,,,,,,2.07175e-06,482,2.0
47900,0.8565422296524048,0.8574649095535278,0.0001,16.91887092590332,2.0,45.25,44.25,0.1373431384563446,,,,,,,,,,2.0758750000000003e-06,483,2.0
48000,0.8672432899475098,0.8681885004043579,0.0001,17.070188522338867,2.0,42.5,41.0,0.1373431384563446,,,,,,,,,,2.0800000000000004e-06,484,2.0
48100,0.8483905792236328,0.8475806713104248,0.0001,29.384878158569336,2.0,47.5,46.5,0.1373431384563446,,,,,,,,,,2.084125e-06,485,2.0
48200,0.8697628974914551,0.8682295680046082,0.0001,15.652464866638184,1.9921875,40.5,39.75,0.1373431384563446,,,,,,,,,,2.0882500000000003e-06,486,1.9921875
48300,0.8624309301376343,0.8604009747505188,0.0001,18.478946685791016,2.0,44.25,43.25,0.1373431384563446,,,,,,,,,,2.0923750000000004e-06,487,2.0
48400,0.8489013314247131,0.8510250449180603,0.0001,21.269636154174805,2.0,47.0,45.75,0.1373431384563446,,,,,,,,,,2.0965e-06,488,2.0
48500,0.8543157577514648,0.8547680974006653,0.0001,27.297544479370117,2.0,46.0,45.25,0.1373431384563446,,,,,,,,,,2.1006250000000003e-06,489,2.0
48600,0.8681808114051819,0.870229959487915,0.0001,23.677656173706055,1.9921875,40.5,39.25,0.1373431384563446,,,,,,,,,,2.1047500000000005e-06,490,1.9921875
48700,0.8499997854232788,0.848994791507721,0.0001,14.886529922485352,2.0,45.75,45.0,0.1373431384563446,,,,,,,,,,2.108875e-06,491,2.0
48800,0.8682736754417419,0.8682737350463867,0.0001,19.744098663330078,2.0,40.25,39.75,0.1373431384563446,,,,,,,,,,2.1130000000000004e-06,492,2.0
48900,0.8501381874084473,0.8506767749786377,0.0001,16.871625900268555,1.9921875,44.75,43.5,0.1373431384563446,,,,,,,,,,2.117125e-06,493,1.9921875
49000,0.8622053861618042,0.861415445804596,0.0001,15.897132873535156,2.0,43.5,43.25,0.1373431384563446,,,,,,,,,,2.1212500000000002e-06,494,2.0
49100,0.8658082485198975,0.8658910989761353,0.0001,17.63850212097168,2.0,41.75,40.75,0.1373431384563446,,,,,,,,,,2.1253750000000004e-06,495,2.0
49200,0.846254289150238,0.8485267162322998,0.0001,20.08577537536621,2.0,47.75,45.75,0.1373431384563446,,,,,,,,,,2.1295e-06,496,2.0
49300,0.8471011519432068,0.84848952293396,0.0001,16.10284996032715,2.0,48.0,46.5,0.1373431384563446,,,,,,,,,,2.1336250000000003e-06,497,2.0
49400,0.8374916315078735,0.8378419876098633,0.0001,22.09145164489746,2.0,50.5,49.75,0.1373431384563446,,,,,,,,,,2.1377500000000004e-06,498,2.0
49500,0.8641194105148315,0.8638123273849487,0.0001,15.564770698547363,2.0,42.25,42.5,0.1373431384563446,,,,,,,,,,2.141875e-06,499,2.0
49600,0.8480523824691772,0.8490574955940247,0.0001,26.224721908569336,2.0,46.25,45.5,0.1373431384563446,,,,,,,,,,2.1460000000000003e-06,500,2.0
49700,0.8430564403533936,0.8526955246925354,0.0001,14.871772766113281,2.0,47.75,44.75,0.1373431384563446,,,,,,,,,,2.1501250000000004e-06,501,2.0
49800,0.8632580637931824,0.8620493412017822,0.0001,32.405818939208984,2.0,42.0,41.5,0.1373431384563446,,,,,,,,,,2.15425e-06,502,2.0
49900,0.8873509168624878,0.8858561515808105,0.0001,13.04766845703125,1.9921875,34.5,34.75,0.1373431384563446,,,,,,,,,,2.1583750000000003e-06,503,1.9921875
49950,,,,,,,,,0.16356296837329865,0.1702231615781784,0.08937213569879532,0.1589975655078888,0.09383537620306015,0.09772323071956635,0.07410046458244324,0.13198143243789673,0.1308528184890747,,504,
50000,0.8855011463165283,0.8855650424957275,0.0001,6.923372745513916,1.9921875,35.25,34.0,0.13198143243789673,,,,,,,,,,2.1625000000000005e-06,505,1.9921875
50100,0.8470481038093567,0.8466109037399292,0.0001,9.269454002380371,2.0,45.75,45.0,0.13198143243789673,,,,,,,,,,2.166625e-06,506,2.0
50200,0.8552159070968628,0.8575241565704346,0.0001,18.266979217529297,2.0,43.75,43.0,0.13198143243789673,,,,,,,,,,2.1707500000000003e-06,507,2.0
50300,0.8730204105377197,0.8721723556518555,0.0001,35.89567947387695,2.0,40.0,39.25,0.13198143243789673,,,,,,,,,,2.1748750000000005e-06,508,2.0
50400,0.8731670379638672,0.8763052225112915,0.0001,24.808334350585938,2.0,39.0,37.5,0.13198143243789673,,,,,,,,,,2.1790000000000002e-06,509,2.0
50500,0.8550662994384766,0.855713963508606,0.0001,31.75604248046875,2.0,43.5,42.0,0.13198143243789673,,,,,,,,,,2.1831250000000004e-06,510,2.0
50600,0.8456935882568359,0.847676157951355,0.0001,15.688923835754395,2.0,46.75,45.75,0.13198143243789673,,,,,,,,,,2.1872500000000005e-06,511,2.0
50700,0.8434590101242065,0.8432455658912659,0.0001,14.850069999694824,2.0,47.0,45.5,0.13198143243789673,,,,,,,,,,2.1913750000000003e-06,512,2.0
50800,0.8402222394943237,0.8392546772956848,0.0001,23.624692916870117,2.0,49.75,47.75,0.13198143243789673,,,,,,,,,,2.1955000000000004e-06,513,2.0
50900,0.863629937171936,0.8632767796516418,0.0001,15.280471801757812,2.0,43.0,42.25,0.13198143243789673,,,,,,,,,,2.1996250000000006e-06,514,2.0
51000,0.8652216792106628,0.8639497756958008,0.0001,20.943246841430664,2.0,41.75,41.0,0.13198143243789673,,,,,,,,,,2.2037500000000003e-06,515,2.0
51100,0.8584376573562622,0.861630916595459,0.0001,27.456195831298828,2.0,43.75,41.75,0.13198143243789673,,,,,,,,,,2.207875e-06,516,2.0
51200,0.8396880030632019,0.8406662344932556,0.0001,17.865758895874023,2.0,50.5,48.5,0.13198143243789673,,,,,,,,,,2.212e-06,517,2.0
51300,0.862185001373291,0.8629634380340576,0.0001,19.473852157592773,2.0,42.5,41.25,0.13198143243789673,,,,,,,,,,2.216125e-06,518,2.0
51400,0.8200504183769226,0.8503742218017578,0.0001,11.166650772094727,2.0,52.75,43.75,0.13198143243789673,,,,,,,,,,2.22025e-06,519,2.0
51500,0.8519339561462402,0.8513158559799194,0.0001,16.242738723754883,2.0,45.75,44.75,0.13198143243789673,,,,,,,,,,2.224375e-06,520,2.0
51600,0.6592051982879639,0.8530698418617249,0.0001,17.204030990600586,1.9921875,129.0,45.5,0.13198143243789673,,,,,,,,,,2.2285e-06,521,1.9921875
51700,0.8633984327316284,0.8672593832015991,0.0001,16.0035400390625,2.0,42.5,40.5,0.13198143243789673,,,,,,,,,,2.232625e-06,522,2.0
51800,0.8358525633811951,0.8372541666030884,0.0001,22.222768783569336,2.0,51.0,49.25,0.13198143243789673,,,,,,,,,,2.2367500000000002e-06,523,2.0
51900,0.8852071762084961,0.8852297067642212,0.0001,11.838517189025879,2.0,35.25,34.5,0.13198143243789673,,,,,,,,,,2.240875e-06,524,2.0
52000,0.8564762473106384,0.8565481901168823,0.0001,19.74179458618164,2.0,43.75,42.75,0.13198143243789673,,,,,,,,,,2.245e-06,525,2.0
52100,0.8049373626708984,0.832230806350708,0.0001,35.38418197631836,2.0,58.5,48.25,0.13198143243789673,,,,,,,,,,2.2491250000000003e-06,526,2.0
52200,0.8165462017059326,0.8207738399505615,0.0001,17.76354217529297,2.0,56.0,54.25,0.13198143243789673,,,,,,,,,,2.25325e-06,527,2.0
52300,0.8417892456054688,0.8414819836616516,0.0001,20.23200035095215,2.0,48.25,47.25,0.13198143243789673,,,,,,,,,,2.257375e-06,528,2.0
52400,0.8658443689346313,0.8657658100128174,0.0001,26.650959014892578,2.0,40.75,40.25,0.13198143243789673,,,,,,,,,,2.2615000000000003e-06,529,2.0
52500,0.847596287727356,0.847644567489624,0.0001,25.294933319091797,1.9921875,47.75,47.25,0.13198143243789673,,,,,,,,,,2.265625e-06,530,1.9921875
52600,0.8551750183105469,0.8525503277778625,0.0001,22.86286735534668,1.984375,46.25,45.75,0.13198143243789673,,,,,,,,,,2.26975e-06,531,1.984375
52700,0.8583484888076782,0.8630293607711792,0.0001,16.152576446533203,2.0,43.75,41.5,0.13198143243789673,,,,,,,,,,2.2738750000000003e-06,532,2.0
52800,0.8378083109855652,0.83935546875,0.0001,18.261640548706055,2.0,48.5,47.25,0.13198143243789673,,,,,,,,,,2.278e-06,533,2.0
52900,0.8576995730400085,0.8592960834503174,0.0001,13.676324844360352,2.0,42.25,41.5,0.13198143243789673,,,,,,,,,,2.282125e-06,534,2.0
53000,0.8366469144821167,0.8380605578422546,0.0001,31.92401123046875,2.0,49.5,48.0,0.13198143243789673,,,,,,,,,,2.2862500000000003e-06,535,2.0
53100,0.8271075487136841,0.864642858505249,0.0001,26.887924194335938,2.0,52.75,40.75,0.13198143243789673,,,,,,,,,,2.290375e-06,536,2.0
53200,0.8865028619766235,0.8873159885406494,0.0001,17.691055297851562,2.0,35.0,33.5,0.13198143243789673,,,,,,,,,,2.2945000000000002e-06,537,2.0
53300,0.8074038624763489,0.8144145607948303,0.0001,18.235864639282227,2.0,59.5,57.5,0.13198143243789673,,,,,,,,,,2.298625e-06,538,2.0
53400,0.8686132431030273,0.8692084550857544,0.0001,12.2572660446167,2.0,40.75,40.25,0.13198143243789673,,,,,,,,,,2.30275e-06,539,2.0
53500,0.8534622192382812,0.8534961938858032,0.0001,14.650352478027344,1.9921875,45.25,44.5,0.13198143243789673,,,,,,,,,,2.3068750000000003e-06,540,1.9921875
53600,0.8363101482391357,0.8348802328109741,0.0001,19.0313777923584,2.0,49.75,49.0,0.13198143243789673,,,,,,,,,,2.311e-06,541,2.0
53700,0.8358477354049683,0.8349674344062805,0.0001,16.888181686401367,2.0,50.5,48.75,0.13198143243789673,,,,,,,,,,2.315125e-06,542,2.0
53800,0.8608303666114807,0.8615385293960571,0.0001,14.124823570251465,2.0,43.5,42.75,0.13198143243789673,,,,,,,,,,2.3192500000000003e-06,543,2.0
53900,0.8687195777893066,0.8707820177078247,0.0001,20.297286987304688,2.0,40.75,39.75,0.13198143243789673,,,,,,,,,,2.323375e-06,544,2.0
54000,0.8578144311904907,0.8588592410087585,0.0001,22.127334594726562,2.0,43.25,42.5,0.13198143243789673,,,,,,,,,,2.3275e-06,545,2.0
54100,0.8552200794219971,0.8580777049064636,0.0001,18.276330947875977,2.0,44.25,42.75,0.13198143243789673,,,,,,,,,,2.3316250000000003e-06,546,2.0
54200,0.8569509983062744,0.8603044748306274,0.0001,25.85230827331543,2.0,43.5,41.75,0.13198143243789673,,,,,,,,,,2.33575e-06,547,2.0
54300,0.8536727428436279,0.8590776324272156,0.0001,14.163772583007812,2.0,45.25,42.5,0.13198143243789673,,,,,,,,,,2.339875e-06,548,2.0
54400,0.8324483633041382,0.8299089670181274,0.0001,25.85564613342285,2.0,50.0,49.75,0.13198143243789673,,,,,,,,,,2.3440000000000003e-06,549,2.0
54500,0.8548147678375244,0.8577346801757812,0.0001,21.756893157958984,2.0,43.5,43.25,0.13198143243789673,,,,,,,,,,2.348125e-06,550,2.0
54600,0.8393210768699646,0.840650737285614,0.0001,31.559955596923828,2.0,49.75,48.0,0.13198143243789673,,,,,,,,,,2.3522500000000002e-06,551,2.0
54700,0.848168671131134,0.8473396897315979,0.0001,18.71941566467285,2.0,46.5,46.25,0.13198143243789673,,,,,,,,,,2.3563750000000004e-06,552,2.0
54800,0.8817604184150696,0.8841150403022766,0.0001,13.833078384399414,1.9921875,37.25,34.5,0.13198143243789673,,,,,,,,,,2.3605e-06,553,1.9921875
54900,0.8348074555397034,0.854633629322052,0.0001,13.257773399353027,2.0,51.0,43.5,0.13198143243789673,,,,,,,,,,2.3646250000000003e-06,554,2.0
55000,0.8386138677597046,0.8386433124542236,0.0001,25.284711837768555,2.0,49.75,48.75,0.13198143243789673,,,,,,,,,,2.3687500000000004e-06,555,2.0
55100,0.8535774350166321,0.8548883199691772,0.0001,19.547945022583008,2.0,44.25,43.75,0.13198143243789673,,,,,,,,,,2.372875e-06,556,2.0
55200,0.8622275590896606,0.8621915578842163,0.0001,14.794835090637207,2.0,41.75,41.25,0.13198143243789673,,,,,,,,,,2.3770000000000003e-06,557,2.0
55300,0.8503807187080383,0.8520490527153015,0.0001,29.67319107055664,2.0,47.75,46.5,0.13198143243789673,,,,,,,,,,2.3811250000000004e-06,558,2.0
55400,0.8628559112548828,0.8652001619338989,0.0001,21.99585723876953,2.0,41.0,40.0,0.13198143243789673,,,,,,,,,,2.38525e-06,559,2.0
55500,0.7934618592262268,0.8613815903663635,0.0001,20.677261352539062,2.0,66.0,41.75,0.13198143243789673,,,,,,,,,,2.3893750000000003e-06,560,2.0
55600,0.8418757915496826,0.8417535424232483,0.0001,17.801666259765625,2.0,47.5,45.75,0.13198143243789673,,,,,,,,,,2.3935000000000005e-06,561,2.0
55700,0.8207606077194214,0.8219105005264282,0.0001,18.000526428222656,2.0,53.5,53.25,0.13198143243789673,,,,,,,,,,2.397625e-06,562,2.0
55800,0.8687987327575684,0.8707818388938904,0.0001,15.103201866149902,1.9921875,40.0,38.75,0.13198143243789673,,,,,,,,,,2.4017500000000003e-06,563,1.9921875
55900,0.8362635374069214,0.8383462429046631,0.0001,25.267980575561523,2.0,51.0,49.25,0.13198143243789673,,,,,,,,,,2.4058750000000005e-06,564,2.0
56000,0.8151145577430725,0.8370167016983032,0.0001,16.43487548828125,2.0,55.75,47.75,0.13198143243789673,,,,,,,,,,2.4100000000000002e-06,565,2.0
56100,0.8573504686355591,0.8649191856384277,0.0001,27.142362594604492,2.0,46.0,42.25,0.13198143243789673,,,,,,,,,,2.4141250000000004e-06,566,2.0
56200,0.8254866600036621,0.8300073146820068,0.0001,27.974164962768555,1.9921875,52.75,50.5,0.13198143243789673,,,,,,,,,,2.4182500000000005e-06,567,1.9921875
56300,0.8523578643798828,0.8510112166404724,0.0001,23.098236083984375,2.0,45.5,44.75,0.13198143243789673,,,,,,,,,,2.4223750000000002e-06,568,2.0
56400,0.8600490093231201,0.8596140146255493,0.0001,14.413278579711914,2.0,44.25,43.75,0.13198143243789673,,,,,,,,,,2.4265000000000004e-06,569,2.0
56500,0.8624979257583618,0.8615094423294067,0.0001,12.31576919555664,2.0,42.75,41.5,0.13198143243789673,,,,,,,,,,2.4306250000000006e-06,570,2.0
56600,0.8573170900344849,0.8646637201309204,0.0001,16.03432273864746,2.0,43.75,41.25,0.13198143243789673,,,,,,,,,,2.4347500000000003e-06,571,2.0
56700,0.8299749493598938,0.8317205905914307,0.0001,14.930252075195312,2.0,50.5,48.75,0.13198143243789673,,,,,,,,,,2.4388750000000004e-06,572,2.0
56800,0.8437327742576599,0.8481278419494629,0.0001,19.38178062438965,1.9921875,47.25,45.5,0.13198143243789673,,,,,,,,,,2.4430000000000006e-06,573,1.9921875
56900,0.8636641502380371,0.8628355264663696,0.0001,14.750067710876465,2.0,42.5,42.0,0.13198143243789673,,,,,,,,,,2.4471250000000003e-06,574,2.0
57000,0.8443765044212341,0.841773509979248,0.0001,17.906251907348633,2.0,48.75,48.25,0.13198143243789673,,,,,,,,,,2.4512500000000005e-06,575,2.0
57100,0.8505223989486694,0.8509005308151245,0.0001,28.0756893157959,1.984375,44.75,43.75,0.13198143243789673,,,,,,,,,,2.455375e-06,576,1.984375
57200,0.880663275718689,0.8823697566986084,0.0001,16.27060317993164,1.9921875,37.0,35.5,0.13198143243789673,,,,,,,,,,2.4595000000000003e-06,577,1.9921875
57300,0.8656666278839111,0.8685119152069092,0.0001,24.46213722229004,2.0,41.25,39.5,0.13198143243789673,,,,,,,,,,2.463625e-06,578,2.0
57400,0.8610550165176392,0.8627724647521973,0.0001,18.294178009033203,2.0,42.25,41.25,0.13198143243789673,,,,,,,,,,2.4677500000000002e-06,579,2.0
57500,0.8514206409454346,0.8462005257606506,0.0001,37.90217208862305,2.0,48.75,47.75,0.13198143243789673,,,,,,,,,,2.4718750000000004e-06,580,2.0
57600,0.8531029224395752,0.8608291149139404,0.0001,19.95304298400879,1.9921875,44.25,41.75,0.13198143243789673,,,,,,,,,,2.476e-06,581,1.9921875
57700,0.859285295009613,0.8582457304000854,0.0001,17.062707901000977,1.9921875,42.0,41.5,0.13198143243789673,,,,,,,,,,2.4801250000000002e-06,582,1.9921875
57800,0.8563161492347717,0.857047438621521,0.0001,18.986413955688477,2.0,44.5,43.75,0.13198143243789673,,,,,,,,,,2.4842500000000004e-06,583,2.0
57900,0.8700700998306274,0.8680177927017212,0.0001,20.00797462463379,1.9921875,40.25,39.75,0.13198143243789673,,,,,,,,,,2.488375e-06,584,1.9921875
58000,0.8524502515792847,0.8539599180221558,0.0001,20.774316787719727,2.0,45.5,43.5,0.13198143243789673,,,,,,,,,,2.4925000000000003e-06,585,2.0
58100,0.8557215929031372,0.8631319999694824,0.0001,18.994041442871094,1.984375,45.0,41.5,0.13198143243789673,,,,,,,,,,2.4966250000000004e-06,586,1.984375
58200,0.8489940166473389,0.8498376607894897,0.0001,17.89566421508789,2.0,46.75,45.75,0.13198143243789673,,,,,,,,,,2.50075e-06,587,2.0
58300,0.8567794561386108,0.8568810820579529,0.0001,22.799711227416992,1.984375,43.5,42.5,0.13198143243789673,,,,,,,,,,2.504875e-06,588,1.984375
58400,0.880682110786438,0.8782474994659424,0.0001,18.385501861572266,2.0,37.75,37.5,0.13198143243789673,,,,,,,,,,2.5090000000000005e-06,589,2.0
58500,0.8452435731887817,0.8433413505554199,0.0001,28.26215171813965,2.0,46.75,46.75,0.13198143243789673,,,,,,,,,,2.513125e-06,590,2.0
58600,0.8476585149765015,0.846068263053894,0.0001,32.510154724121094,2.0,46.5,46.0,0.13198143243789673,,,,,,,,,,2.51725e-06,591,2.0
58700,0.8615484237670898,0.8626236319541931,0.0001,23.67734146118164,2.0,42.5,41.75,0.13198143243789673,,,,,,,,,,2.5213750000000005e-06,592,2.0
58800,0.8583033084869385,0.8579431772232056,0.0001,44.6722412109375,1.9921875,43.5,42.75,0.13198143243789673,,,,,,,,,,2.5255000000000002e-06,593,1.9921875
58900,0.875324010848999,0.8767590522766113,0.0001,15.5570068359375,1.9921875,39.0,38.0,0.13198143243789673,,,,,,,,,,2.529625e-06,594,1.9921875
59000,0.8566575050354004,0.8567162156105042,0.0001,23.735685348510742,2.0,42.25,41.5,0.13198143243789673,,,,,,,,,,2.5337499999999997e-06,595,2.0
59100,0.8579219579696655,0.8588134050369263,0.0001,13.592177391052246,2.0,43.5,42.5,0.13198143243789673,,,,,,,,,,2.5378750000000002e-06,596,2.0
59200,0.8581387996673584,0.8628486394882202,0.0001,20.855932235717773,2.0,44.5,42.25,0.13198143243789673,,,,,,,,,,2.542e-06,597,2.0
59300,0.8626697659492493,0.8633158206939697,0.0001,14.758684158325195,2.0,42.25,41.25,0.13198143243789673,,,,,,,,,,2.5461249999999997e-06,598,2.0
59400,0.8674619197845459,0.8700070977210999,0.0001,9.586949348449707,2.0,41.0,40.0,0.13198143243789673,,,,,,,,,,2.5502500000000003e-06,599,2.0
59500,0.8565292358398438,0.8575056791305542,0.0001,19.5068359375,2.0,44.75,42.75,0.13198143243789673,,,,,,,,,,2.554375e-06,600,2.0
59600,0.841196596622467,0.8426045179367065,0.0001,43.87771987915039,2.0,48.5,48.0,0.13198143243789673,,,,,,,,,,2.5584999999999997e-06,601,2.0
59700,0.8453444838523865,0.8453414440155029,0.0001,15.19025707244873,2.0,48.5,48.25,0.13198143243789673,,,,,,,,,,2.5626250000000003e-06,602,2.0
59800,0.8686607480049133,0.8689366579055786,0.0001,14.3803071975708,2.0,42.5,42.0,0.13198143243789673,,,,,,,,,,2.56675e-06,603,2.0
59900,0.8529940247535706,0.8523148894309998,0.0001,21.10719108581543,1.9921875,45.25,45.0,0.13198143243789673,,,,,,,,,,2.5708749999999998e-06,604,1.9921875
59950,,,,,,,,,0.12072265148162842,0.1624435931444168,0.07100392132997513,0.14014418423175812,0.07778575271368027,0.07224524766206741,0.06463335454463959,0.11037503927946091,0.10617387294769287,,605,
60000,0.8504824638366699,0.8509469032287598,0.0001,10.65778923034668,2.0,45.25,44.25,0.11037503927946091,,,,,,,,,,2.5750000000000003e-06,606,2.0
60100,0.8669913411140442,0.8628222942352295,0.0001,34.348812103271484,2.0,42.75,42.5,0.11037503927946091,,,,,,,,,,2.579125e-06,607,2.0
60200,0.8511713743209839,0.8549107313156128,0.0001,28.43158531188965,1.9921875,44.0,42.5,0.11037503927946091,,,,,,,,,,2.5832500000000006e-06,608,1.9921875
60300,0.8624395132064819,0.8664034008979797,0.0001,16.198318481445312,2.0,42.0,40.5,0.11037503927946091,,,,,,,,,,2.587375e-06,609,2.0
60400,0.8695878982543945,0.8729375600814819,0.0001,20.392974853515625,2.0,40.0,38.25,0.11037503927946091,,,,,,,,,,2.5915e-06,610,2.0
60500,0.8400740623474121,0.8733087778091431,0.0001,18.67905044555664,1.9921875,51.25,38.75,0.11037503927946091,,,,,,,,,,2.595625e-06,611,1.9921875
60600,0.8724453449249268,0.8733085989952087,0.0001,12.402501106262207,2.0,40.75,39.75,0.11037503927946091,,,,,,,,,,2.5997500000000004e-06,612,2.0
60700,0.8663833141326904,0.8668409585952759,0.0001,19.24912452697754,2.0,40.25,39.5,0.11037503927946091,,,,,,,,,,2.603875e-06,613,2.0
60800,0.856791615486145,0.8575016260147095,0.0001,17.690622329711914,2.0,43.25,42.5,0.11037503927946091,,,,,,,,,,2.6080000000000007e-06,614,2.0
60900,0.8573791980743408,0.8570117950439453,0.0001,19.684316635131836,2.0,44.5,43.75,0.11037503927946091,,,,,,,,,,2.612125e-06,615,2.0
61000,0.8520393967628479,0.8625237941741943,0.0001,17.050739288330078,2.0,46.25,42.5,0.11037503927946091,,,,,,,,,,2.61625e-06,616,2.0
61100,0.865117073059082,0.8672274351119995,0.0001,21.414289474487305,2.0,41.25,40.5,0.11037503927946091,,,,,,,,,,2.620375e-06,617,2.0
61200,0.8558313250541687,0.8568972945213318,0.0001,15.856660842895508,2.0,44.75,43.0,0.11037503927946091,,,,,,,,,,2.6245000000000005e-06,618,2.0
61300,0.8680956959724426,0.8705282211303711,0.0001,17.630285263061523,2.0,40.0,39.0,0.11037503927946091,,,,,,,,,,2.628625e-06,619,2.0
61400,0.8559980988502502,0.8576116561889648,0.0001,16.640878677368164,2.0,44.25,43.0,0.11037503927946091,,,,,,,,,,2.6327500000000008e-06,620,2.0
61500,0.8517759442329407,0.8511781692504883,0.0001,21.523128509521484,2.0,46.5,46.0,0.11037503927946091,,,,,,,,,,2.636875e-06,621,2.0
61600,0.8471184968948364,0.85759437084198,0.0001,27.07183837890625,2.0,45.25,41.5,0.11037503927946091,,,,,,,,,,2.641e-06,622,2.0
61700,0.864341139793396,0.866522490978241,0.0001,16.062728881835938,2.0,41.25,40.25,0.11037503927946091,,,,,,,,,,2.645125e-06,623,2.0
61800,0.8470616340637207,0.8684934377670288,0.0001,14.341669082641602,2.0,45.75,39.0,0.11037503927946091,,,,,,,,,,2.6492500000000005e-06,624,2.0
61900,0.8614241480827332,0.8598957061767578,0.0001,27.154937744140625,2.0,43.25,42.25,0.11037503927946091,,,,,,,,,,2.6533750000000002e-06,625,2.0
62000,0.8498108386993408,0.8505445718765259,0.0001,22.36542320251465,2.0,46.25,45.0,0.11037503927946091,,,,,,,,,,2.657500000000001e-06,626,2.0
62100,0.8652201294898987,0.8634839057922363,0.0001,28.310163497924805,2.0,41.75,41.5,0.11037503927946091,,,,,,,,,,2.6616249999999997e-06,627,2.0
62200,0.8620606660842896,0.8614616394042969,0.0001,13.69616413116455,2.0,42.25,40.5,0.11037503927946091,,,,,,,,,,2.6657500000000003e-06,628,2.0
62300,0.8718124032020569,0.8768578767776489,0.0001,16.503740310668945,1.984375,39.75,36.25,0.11037503927946091,,,,,,,,,,2.669875e-06,629,1.984375
62400,0.8595324754714966,0.8595461845397949,0.0001,14.969237327575684,2.0,42.0,41.5,0.11037503927946091,,,,,,,,,,2.6740000000000006e-06,630,2.0
62500,0.8402869701385498,0.8393986225128174,0.0001,21.191707611083984,2.0,48.75,48.0,0.11037503927946091,,,,,,,,,,2.6781250000000003e-06,631,2.0
62600,0.8322514295578003,0.8793661594390869,0.0001,11.985791206359863,1.9921875,52.5,36.0,0.11037503927946091,,,,,,,,,,2.68225e-06,632,1.9921875
62700,0.8598114252090454,0.8738205432891846,0.0001,23.712934494018555,2.0,44.25,39.5,0.11037503927946091,,,,,,,,,,2.6863749999999998e-06,633,2.0
62800,0.8630387187004089,0.8617713451385498,0.0001,16.985837936401367,2.0,42.5,41.5,0.11037503927946091,,,,,,,,,,2.6905000000000003e-06,634,2.0
62900,0.8651216626167297,0.8675874471664429,0.0001,15.116678237915039,1.984375,41.5,40.5,0.11037503927946091,,,,,,,,,,2.694625e-06,635,1.984375
63000,0.8371970057487488,0.8631964921951294,0.0001,9.947381973266602,2.0,48.5,42.0,0.11037503927946091,,,,,,,,,,2.6987500000000006e-06,636,2.0
63100,0.8495283126831055,0.8506090641021729,0.0001,13.936639785766602,2.0,46.5,45.75,0.11037503927946091,,,,,,,,,,2.7028750000000004e-06,637,2.0
63200,0.7056320905685425,0.8670920133590698,0.0001,19.598623275756836,2.0,106.0,41.25,0.11037503927946091,,,,,,,,,,2.707e-06,638,2.0
63300,0.8577765226364136,0.8565768003463745,0.0001,20.966623306274414,2.0,43.25,42.75,0.11037503927946091,,,,,,,,,,2.711125e-06,639,2.0
63400,0.8398182392120361,0.856196939945221,0.0001,19.5258846282959,2.0,50.25,43.5,0.11037503927946091,,,,,,,,,,2.7152500000000004e-06,640,2.0
63500,0.8829600811004639,0.8827440142631531,0.0001,23.58647918701172,2.0,38.0,36.5,0.11037503927946091,,,,,,,,,,2.719375e-06,641,2.0
63600,0.8590285778045654,0.8603406548500061,0.0001,14.926966667175293,1.9921875,44.0,43.0,0.11037503927946091,,,,,,,,,,2.7235000000000007e-06,642,1.9921875
63700,0.8435957431793213,0.8453059792518616,0.0001,18.38625144958496,2.0,46.25,44.75,0.11037503927946091,,,,,,,,,,2.7276250000000004e-06,643,2.0
63800,0.8568941354751587,0.8563504219055176,0.0001,14.950339317321777,2.0,44.75,44.0,0.11037503927946091,,,,,,,,,,2.73175e-06,644,2.0
63900,0.8584086894989014,0.8656326532363892,0.0001,18.56975746154785,2.0,43.75,41.25,0.11037503927946091,,,,,,,,,,2.735875e-06,645,2.0
64000,0.8426222801208496,0.8418803215026855,0.0001,71.02745819091797,1.9921875,47.5,46.75,0.11037503927946091,,,,,,,,,,2.7400000000000004e-06,646,1.9921875
64100,0.8434317111968994,0.8421114087104797,0.0001,27.2091121673584,2.0,47.5,47.0,0.11037503927946091,,,,,,,,,,2.744125e-06,647,2.0
64200,0.8547384738922119,0.8553913831710815,0.0001,23.62937355041504,2.0,45.5,45.0,0.11037503927946091,,,,,,,,,,2.7482500000000007e-06,648,2.0
64300,0.8817703723907471,0.8806698322296143,0.0001,16.268238067626953,2.0,36.25,35.25,0.11037503927946091,,,,,,,,,,2.7523750000000005e-06,649,2.0
64400,0.8838057518005371,0.8863704204559326,0.0001,17.317331314086914,2.0,37.25,35.25,0.11037503927946091,,,,,,,,,,2.7565e-06,650,2.0
64500,0.8617929220199585,0.8662383556365967,0.0001,28.773305892944336,2.0,42.75,41.0,0.11037503927946091,,,,,,,,,,2.760625e-06,651,2.0
64600,0.8681385517120361,0.8680329322814941,0.0001,17.64680290222168,2.0,41.25,40.75,0.11037503927946091,,,,,,,,,,2.7647500000000005e-06,652,2.0
64700,0.8383567929267883,0.8616673946380615,0.0001,20.438337326049805,1.9921875,49.25,41.5,0.11037503927946091,,,,,,,,,,2.7688750000000002e-06,653,1.9921875
64800,0.8562857508659363,0.8566878437995911,0.0001,23.24790382385254,2.0,43.75,42.75,0.11037503927946091,,,,,,,,,,2.773000000000001e-06,654,2.0
64900,0.8561490774154663,0.8575363159179688,0.0001,16.42680549621582,2.0,43.75,43.5,0.11037503927946091,,,,,,,,,,2.7771250000000005e-06,655,2.0
65000,0.8461224436759949,0.8444212675094604,0.0001,16.802783966064453,2.0,47.0,46.0,0.11037503927946091,,,,,,,,,,2.7812500000000003e-06,656,2.0
65100,0.8248254060745239,0.8570830821990967,0.0001,14.020881652832031,2.0,52.75,42.25,0.11037503927946091,,,,,,,,,,2.785375e-06,657,2.0
65200,0.8590925931930542,0.8606368899345398,0.0001,19.074140548706055,1.9921875,42.75,42.25,0.11037503927946091,,,,,,,,,,2.7895000000000006e-06,658,1.9921875
65300,0.8770649433135986,0.8769126534461975,0.0001,15.393463134765625,2.0,37.75,37.0,0.11037503927946091,,,,,,,,,,2.7936250000000003e-06,659,2.0
65400,0.876038670539856,0.8793344497680664,0.0001,10.47192096710205,2.0,38.5,37.0,0.11037503927946091,,,,,,,,,,2.797750000000001e-06,660,2.0
65500,0.8801045417785645,0.8854479789733887,0.0001,14.63622760772705,1.984375,38.0,35.0,0.11037503927946091,,,,,,,,,,2.801875e-06,661,1.984375
65600,0.8758561611175537,0.8745903968811035,0.0001,23.44317054748535,2.0,37.75,36.75,0.11037503927946091,,,,,,,,,,2.8060000000000003e-06,662,2.0
65700,0.8569443821907043,0.8560590744018555,0.0001,18.10917091369629,2.0,44.25,43.25,0.11037503927946091,,,,,,,,,,2.810125e-06,663,2.0
65800,0.8690953254699707,0.8696839213371277,0.0001,19.951963424682617,2.0,40.75,40.25,0.11037503927946091,,,,,,,,,,2.8142500000000006e-06,664,2.0
65900,0.8541505336761475,0.8541202545166016,0.0001,15.41431713104248,2.0,44.75,44.0,0.11037503927946091,,,,,,,,,,2.8183750000000004e-06,665,2.0
66000,0.8705534338951111,0.8707247972488403,0.0001,22.847700119018555,1.9921875,40.5,40.5,0.11037503927946091,,,,,,,,,,2.8225e-06,666,1.9921875
66100,0.8617841005325317,0.8647975921630859,0.0001,28.47467613220215,1.9921875,43.25,41.25,0.11037503927946091,,,,,,,,,,2.8266250000000002e-06,667,1.9921875
66200,0.8526911735534668,0.8599680662155151,0.0001,15.945693016052246,2.0,44.75,42.25,0.11037503927946091,,,,,,,,,,2.83075e-06,668,2.0
66300,0.8686226606369019,0.8664309978485107,0.0001,13.259170532226562,1.9921875,41.0,40.25,0.11037503927946091,,,,,,,,,,2.834875e-06,669,1.9921875
66400,0.857839822769165,0.8616547584533691,0.0001,27.1807918548584,2.0,44.75,42.0,0.11037503927946091,,,,,,,,,,2.8390000000000003e-06,670,2.0
66500,0.8583765029907227,0.857047438621521,0.0001,32.686744689941406,2.0,41.75,41.0,0.11037503927946091,,,,,,,,,,2.8431250000000004e-06,671,2.0
66600,0.8017904758453369,0.8373794555664062,0.0001,20.930278778076172,2.0,59.75,47.5,0.11037503927946091,,,,,,,,,,2.84725e-06,672,2.0
66700,0.8381335139274597,0.8534423112869263,0.0001,17.734378814697266,2.0,49.75,44.75,0.11037503927946091,,,,,,,,,,2.8513750000000003e-06,673,2.0
66800,0.855057954788208,0.8557533621788025,0.0001,25.467756271362305,2.0,46.0,44.5,0.11037503927946091,,,,,,,,,,2.8555e-06,674,2.0
66900,0.8659123182296753,0.8692507743835449,0.0001,19.250072479248047,2.0,42.25,41.0,0.11037503927946091,,,,,,,,,,2.859625e-06,675,2.0
67000,0.8496995568275452,0.8513026833534241,0.0001,17.32267951965332,2.0,46.25,45.25,0.11037503927946091,,,,,,,,,,2.8637500000000003e-06,676,2.0
67100,0.8337410092353821,0.8324569463729858,0.0001,29.048437118530273,2.0,51.0,50.5,0.11037503927946091,,,,,,,,,,2.8678750000000005e-06,677,2.0
67200,0.8542159795761108,0.8725794553756714,0.0001,16.60489845275879,2.0,45.0,38.75,0.11037503927946091,,,,,,,,,,2.872e-06,678,2.0
67300,0.8460996150970459,0.8575114011764526,0.0001,18.53810691833496,1.9921875,47.0,43.0,0.11037503927946091,,,,,,,,,,2.8761250000000004e-06,679,1.9921875
67400,0.866733968257904,0.867735743522644,0.0001,11.466662406921387,1.984375,41.5,40.75,0.11037503927946091,,,,,,,,,,2.88025e-06,680,1.984375
67500,0.8584949970245361,0.8591820001602173,0.0001,17.325210571289062,2.0,44.0,44.0,0.11037503927946091,,,,,,,,,,2.8843750000000002e-06,681,2.0
67600,0.8519924879074097,0.8529340028762817,0.0001,25.11273193359375,2.0,45.25,44.25,0.11037503927946091,,,,,,,,,,2.8885000000000004e-06,682,2.0
67700,0.8557618856430054,0.8560969829559326,0.0001,30.444631576538086,2.0,44.25,43.75,0.11037503927946091,,,,,,,,,,2.8926250000000005e-06,683,2.0
67800,0.8850983381271362,0.8843783736228943,0.0001,10.765359878540039,1.9921875,36.75,36.25,0.11037503927946091,,,,,,,,,,2.89675e-06,684,1.9921875
67900,0.8551413416862488,0.8556486368179321,0.0001,14.869440078735352,2.0,44.75,43.75,0.11037503927946091,,,,,,,,,,2.9008750000000004e-06,685,2.0
68000,0.8459819555282593,0.8479952216148376,0.0001,18.750534057617188,2.0,48.0,47.0,0.11037503927946091,,,,,,,,,,2.905e-06,686,2.0
68100,0.8604754209518433,0.8631139993667603,0.0001,22.14668846130371,2.0,45.0,42.75,0.11037503927946091,,,,,,,,,,2.9091250000000003e-06,687,2.0
68200,0.8432739973068237,0.8425137996673584,0.0001,15.208480834960938,2.0,48.5,48.25,0.11037503927946091,,,,,,,,,,2.9132500000000004e-06,688,2.0
68300,0.8195962905883789,0.8706645965576172,0.0001,17.188047409057617,1.9921875,55.75,38.0,0.11037503927946091,,,,,,,,,,2.9173750000000006e-06,689,1.9921875
68400,0.8454210758209229,0.8578191995620728,0.0001,26.601110458374023,2.0,47.25,43.25,0.11037503927946091,,,,,,,,,,2.9215e-06,690,2.0
68500,0.8501259088516235,0.8507557511329651,0.0001,17.90485191345215,2.0,45.75,44.5,0.11037503927946091,,,,,,,,,,2.9256250000000005e-06,691,2.0
68600,0.8680658340454102,0.8900803327560425,0.0001,40.270259857177734,2.0,43.25,34.0,0.11037503927946091,,,,,,,,,,2.92975e-06,692,2.0
68700,0.8650950193405151,0.8636786937713623,0.0001,20.06307601928711,2.0,40.75,39.75,0.11037503927946091,,,,,,,,,,2.9338750000000003e-06,693,2.0
68800,0.8560915589332581,0.8556663990020752,0.0001,15.828082084655762,2.0,45.25,44.25,0.11037503927946091,,,,,,,,,,2.9380000000000005e-06,694,2.0
68900,0.8674443364143372,0.8660821914672852,0.0001,15.640225410461426,2.0,39.75,38.75,0.11037503927946091,,,,,,,,,,2.9421250000000007e-06,695,2.0
69000,0.8297548294067383,0.8314493894577026,0.0001,17.359745025634766,2.0,53.0,51.25,0.11037503927946091,,,,,,,,,,2.94625e-06,696,2.0
69100,0.8442841172218323,0.8458417057991028,0.0001,20.57489013671875,2.0,48.0,47.25,0.11037503927946091,,,,,,,,,,2.9503750000000005e-06,697,2.0
69200,0.8238086700439453,0.8316026329994202,0.0001,19.63994026184082,1.9921875,54.0,50.5,0.11037503927946091,,,,,,,,,,2.9545000000000003e-06,698,1.9921875
69300,0.8369572758674622,0.8363562822341919,0.0001,25.78775978088379,2.0,49.25,48.0,0.11037503927946091,,,,,,,,,,2.9586250000000004e-06,699,2.0
69400,0.8492920398712158,0.8480114936828613,0.0001,24.273527145385742,2.0,46.25,45.5,0.11037503927946091,,,,,,,,,,2.9627500000000006e-06,700,2.0
69500,0.8500440716743469,0.8514655828475952,0.0001,14.82007122039795,2.0,45.5,44.75,0.11037503927946091,,,,,,,,,,2.9668750000000007e-06,701,2.0
69600,0.862612247467041,0.8607669472694397,0.0001,20.34765625,2.0,42.75,41.75,0.11037503927946091,,,,,,,,,,2.971e-06,702,2.0
69700,0.8536701202392578,0.856562077999115,0.0001,23.33487892150879,2.0,44.5,43.25,0.11037503927946091,,,,,,,,,,2.975125e-06,703,2.0
69800,0.8666443824768066,0.8699103593826294,0.0001,16.15800666809082,2.0,41.5,39.5,0.11037503927946091,,,,,,,,,,2.9792500000000003e-06,704,2.0
69900,0.886371374130249,0.8855397701263428,0.0001,12.182950019836426,2.0,35.0,34.5,0.11037503927946091,,,,,,,,,,2.9833750000000005e-06,705,2.0
69950,,,,,,,,,0.1392509937286377,0.1299816071987152,0.048757653683423996,0.2423235923051834,0.08491793274879456,0.058488521724939346,0.06862878054380417,0.12598519027233124,0.09802483767271042,,706,
70000,0.8728790283203125,0.8744709491729736,0.0001,14.815088272094727,2.0,39.0,38.0,0.12598519027233124,,,,,,,,,,2.9875e-06,707,2.0
70100,0.8689522743225098,0.8675971031188965,0.0001,20.953210830688477,2.0,39.5,39.0,0.12598519027233124,,,,,,,,,,2.9916250000000003e-06,708,2.0
70200,0.8305661082267761,0.8333978056907654,0.0001,23.894813537597656,2.0,52.25,50.0,0.12598519027233124,,,,,,,,,,2.99575e-06,709,2.0
70300,0.8614194393157959,0.8604388236999512,0.0001,20.48998260498047,2.0,42.75,42.25,0.12598519027233124,,,,,,,,,,2.9998750000000002e-06,710,2.0
70400,0.8408122062683105,0.8468426465988159,0.0001,27.31045913696289,2.0,48.0,45.0,0.12598519027233124,,,,,,,,,,3.0040000000000004e-06,711,2.0
70500,0.8511186838150024,0.850420355796814,0.0001,32.19720458984375,1.9921875,46.0,44.5,0.12598519027233124,,,,,,,,,,3.0081250000000005e-06,712,1.9921875
70600,0.8550711870193481,0.8568028211593628,0.0001,13.216216087341309,2.0,43.75,43.0,0.12598519027233124,,,,,,,,,,3.0122500000000003e-06,713,2.0
70700,0.8500608801841736,0.8491575121879578,0.0001,17.45496940612793,2.0,45.75,44.75,0.12598519027233124,,,,,,,,,,3.0163750000000004e-06,714,2.0
70800,0.8670405745506287,0.8717629909515381,0.0001,14.304567337036133,2.0,41.5,38.75,0.12598519027233124,,,,,,,,,,3.0205e-06,715,2.0
70900,0.8451087474822998,0.8471816778182983,0.0001,28.138761520385742,2.0,47.75,47.0,0.12598519027233124,,,,,,,,,,3.0246250000000003e-06,716,2.0
71000,0.8658158183097839,0.8658737540245056,0.0001,21.662384033203125,1.9921875,41.75,40.0,0.12598519027233124,,,,,,,,,,3.0287500000000004e-06,717,1.9921875
71100,0.8730878829956055,0.8751364946365356,0.0001,19.08819580078125,2.0,41.25,39.75,0.12598519027233124,,,,,,,,,,3.0328750000000006e-06,718,2.0
71200,0.8375726342201233,0.8702195882797241,0.0001,31.848388671875,2.0,49.25,39.0,0.12598519027233124,,,,,,,,,,3.0370000000000003e-06,719,2.0
71300,0.8305426836013794,0.8304331302642822,0.0001,20.913726806640625,2.0,52.25,51.5,0.12598519027233124,,,,,,,,,,3.0411250000000005e-06,720,2.0
71400,0.8759889602661133,0.8757933378219604,0.0001,18.058759689331055,2.0,38.5,37.75,0.12598519027233124,,,,,,,,,,3.04525e-06,721,2.0
71500,0.8784599304199219,0.8767571449279785,0.0001,18.38864517211914,1.9921875,37.75,37.0,0.12598519027233124,,,,,,,,,,3.0493750000000003e-06,722,1.9921875
71600,0.8673551678657532,0.8660283088684082,0.0001,18.094350814819336,2.0,41.25,41.0,0.12598519027233124,,,,,,,,,,3.0535000000000005e-06,723,2.0
71700,0.8638165593147278,0.8628454208374023,0.0001,18.939756393432617,2.0,42.0,41.25,0.12598519027233124,,,,,,,,,,3.0576250000000006e-06,724,2.0
71800,0.8675349950790405,0.8691500425338745,0.0001,17.252180099487305,1.9921875,41.5,40.25,0.12598519027233124,,,,,,,,,,3.0617500000000004e-06,725,1.9921875
71900,0.8632920980453491,0.8646959066390991,0.0001,21.88602066040039,2.0,41.75,40.75,0.12598519027233124,,,,,,,,,,3.0658750000000005e-06,726,2.0
72000,0.8575859665870667,0.8570505380630493,0.0001,30.215452194213867,2.0,44.0,43.5,0.12598519027233124,,,,,,,,,,3.0700000000000003e-06,727,2.0
72100,0.8492532968521118,0.8452762365341187,0.0001,30.402759552001953,2.0,47.5,46.75,0.12598519027233124,,,,,,,,,,3.074125e-06,728,2.0
72200,0.8278840184211731,0.8349717259407043,0.0001,19.35440444946289,1.9921875,52.5,48.75,0.12598519027233124,,,,,,,,,,3.0782500000000006e-06,729,1.9921875
72300,0.8655902147293091,0.8670146465301514,0.0001,31.902185440063477,1.9921875,42.75,40.75,0.12598519027233124,,,,,,,,,,3.0823750000000003e-06,730,1.9921875
72400,0.8499702215194702,0.8498772382736206,0.0001,28.234838485717773,2.0,45.25,44.5,0.12598519027233124,,,,,,,,,,3.0865000000000004e-06,731,2.0
72500,0.8484694957733154,0.8588793873786926,0.0001,20.700483322143555,2.0,48.0,43.0,0.12598519027233124,,,,,,,,,,3.0906249999999997e-06,732,2.0
72600,0.8683016896247864,0.8685324192047119,0.0001,14.902295112609863,2.0,40.25,40.0,0.12598519027233124,,,,,,,,,,3.0947500000000003e-06,733,2.0
72700,0.8596875071525574,0.862815260887146,0.0001,9.076699256896973,2.0,43.0,41.75,0.12598519027233124,,,,,,,,,,3.098875e-06,734,2.0
72800,0.8598318696022034,0.858627200126648,0.0001,17.96316909790039,2.0,43.75,42.75,0.12598519027233124,,,,,,,,,,3.1030000000000006e-06,735,2.0
72900,0.843923807144165,0.8465439081192017,0.0001,20.047348022460938,1.9921875,46.25,44.5,0.12598519027233124,,,,,,,,,,3.1071250000000003e-06,736,1.9921875
73000,0.8775444626808167,0.879646897315979,0.0001,74.125244140625,2.0,38.25,36.75,0.12598519027233124,,,,,,,,,,3.11125e-06,737,2.0
73100,0.8690154552459717,0.8782923221588135,0.0001,16.1682186126709,2.0,41.25,38.0,0.12598519027233124,,,,,,,,,,3.115375e-06,738,2.0
73200,0.8673571944236755,0.8663383722305298,0.0001,19.35028076171875,1.9921875,41.0,40.0,0.12598519027233124,,,,,,,,,,3.1195000000000004e-06,739,1.9921875
73300,0.8258129358291626,0.8641043305397034,0.0001,22.298856735229492,1.9921875,53.5,40.0,0.12598519027233124,,,,,,,,,,3.123625e-06,740,1.9921875
73400,0.8564488887786865,0.8600125312805176,0.0001,21.24424171447754,2.0,44.5,42.0,0.12598519027233124,,,,,,,,,,3.1277500000000007e-06,741,2.0
73500,0.8577441573143005,0.8811969757080078,0.0001,15.522897720336914,1.9921875,44.25,35.75,0.12598519027233124,,,,,,,,,,3.1318750000000004e-06,742,1.9921875
73600,0.8407212495803833,0.8574691414833069,0.0001,36.379737854003906,2.0,49.5,43.0,0.12598519027233124,,,,,,,,,,3.136e-06,743,2.0
73700,0.8452029824256897,0.8462854623794556,0.0001,18.750268936157227,2.0,48.0,46.5,0.12598519027233124,,,,,,,,,,3.140125e-06,744,2.0
73800,0.8620105981826782,0.8659655451774597,0.0001,15.377237319946289,1.9921875,44.0,41.75,0.12598519027233124,,,,,,,,,,3.1442500000000004e-06,745,1.9921875
73900,0.8404185771942139,0.8406193852424622,0.0001,25.935623168945312,2.0,48.75,47.75,0.12598519027233124,,,,,,,,,,3.148375e-06,746,2.0
74000,0.8358023762702942,0.8354172110557556,0.0001,22.545669555664062,2.0,50.0,48.5,0.12598519027233124,,,,,,,,,,3.1525000000000007e-06,747,2.0
74100,0.8549805879592896,0.8567996025085449,0.0001,11.73590087890625,2.0,43.25,42.0,0.12598519027233124,,,,,,,,,,3.1566250000000005e-06,748,2.0
74200,0.8519458770751953,0.8568339347839355,0.0001,18.509199142456055,2.0,45.75,44.0,0.12598519027233124,,,,,,,,,,3.16075e-06,749,2.0
74300,0.82748943567276,0.8317244648933411,0.0001,12.418067932128906,2.0,52.5,50.25,0.12598519027233124,,,,,,,,,,3.164875e-06,750,2.0
74400,0.8789137005805969,0.8767290115356445,0.0001,15.776999473571777,2.0,38.5,37.75,0.12598519027233124,,,,,,,,,,3.1690000000000005e-06,751,2.0
74500,0.8635741472244263,0.8629988431930542,0.0001,21.618074417114258,2.0,41.0,40.5,0.12598519027233124,,,,,,,,,,3.1731250000000002e-06,752,2.0
74600,0.8453384637832642,0.8434082865715027,0.0001,18.851621627807617,2.0,48.25,44.5,0.12598519027233124,,,,,,,,,,3.177250000000001e-06,753,2.0
74700,0.8569490313529968,0.8578319549560547,0.0001,25.230257034301758,2.0,44.0,43.0,0.12598519027233124,,,,,,,,,,3.1813750000000005e-06,754,2.0
74800,0.8728158473968506,0.873897910118103,0.0001,23.421833038330078,2.0,40.0,38.5,0.12598519027233124,,,,,,,,,,3.1855000000000002e-06,755,2.0
74900,0.845881462097168,0.8453031778335571,0.0001,29.134321212768555,2.0,47.25,46.0,0.12598519027233124,,,,,,,,,,3.189625e-06,756,2.0
75000,0.8606362342834473,0.867760956287384,0.0001,21.025463104248047,1.9921875,42.5,40.0,0.12598519027233124,,,,,,,,,,3.1937500000000006e-06,757,1.9921875
75100,0.8747220635414124,0.8762208223342896,0.0001,13.560656547546387,1.984375,38.25,37.25,0.12598519027233124,,,,,,,,,,3.1978750000000003e-06,758,1.984375
75200,0.8502089977264404,0.8488219976425171,0.0001,19.510000228881836,2.0,45.75,45.5,0.12598519027233124,,,,,,,,,,3.202000000000001e-06,759,2.0
75300,0.8520047664642334,0.8564170002937317,0.0001,15.636514663696289,2.0,45.25,44.0,0.12598519027233124,,,,,,,,,,3.2061249999999997e-06,760,2.0
75400,0.8480328321456909,0.8454310297966003,0.0001,32.498775482177734,2.0,46.5,45.5,0.12598519027233124,,,,,,,,,,3.2102500000000003e-06,761,2.0
75500,0.8352203369140625,0.832843005657196,0.0001,19.499160766601562,1.984375,51.0,50.5,0.12598519027233124,,,,,,,,,,3.214375e-06,762,1.984375
75600,0.8470197916030884,0.8475722670555115,0.0001,48.171363830566406,1.9921875,48.75,47.0,0.12598519027233124,,,,,,,,,,3.2185000000000006e-06,763,1.9921875
75700,0.8805689215660095,0.8810954093933105,0.0001,14.80716609954834,1.984375,37.25,35.5,0.12598519027233124,,,,,,,,,,3.2226250000000003e-06,764,1.984375
75800,0.8488897085189819,0.8480818271636963,0.0001,16.414159774780273,2.0,46.0,45.25,0.12598519027233124,,,,,,,,,,3.226750000000001e-06,765,2.0
75900,0.8031440377235413,0.8563152551651001,0.0001,17.11452293395996,1.9921875,62.0,44.25,0.12598519027233124,,,,,,,,,,3.230875e-06,766,1.9921875
76000,0.8591744899749756,0.858790397644043,0.0001,17.661752700805664,2.0,43.5,42.75,0.12598519027233124,,,,,,,,,,3.2350000000000004e-06,767,2.0
76100,0.8691284656524658,0.867605447769165,0.0001,26.7772216796875,1.9921875,41.25,41.0,0.12598519027233124,,,,,,,,,,3.239125e-06,768,1.9921875
76200,0.8773000836372375,0.8766899108886719,0.0001,14.474530220031738,2.0,38.0,37.25,0.12598519027233124,,,,,,,,,,3.2432500000000007e-06,769,2.0
76300,0.8439310193061829,0.846045970916748,0.0001,22.62395668029785,1.9921875,47.25,45.75,0.12598519027233124,,,,,,,,,,3.2473750000000004e-06,770,1.9921875
76400,0.8477829694747925,0.848675012588501,0.0001,30.381916046142578,1.9921875,47.25,46.0,0.12598519027233124,,,,,,,,,,3.251500000000001e-06,771,1.9921875
76500,0.8444921374320984,0.8442645072937012,0.0001,16.747539520263672,1.9921875,46.75,45.75,0.12598519027233124,,,,,,,,,,3.255625e-06,772,1.9921875
76600,0.8805601596832275,0.8799747228622437,0.0001,11.34227466583252,2.0,37.0,35.0,0.12598519027233124,,,,,,,,,,3.2597500000000004e-06,773,2.0
76700,0.8594659566879272,0.8624827861785889,0.0001,16.6456356048584,2.0,43.5,42.0,0.12598519027233124,,,,,,,,,,3.263875e-06,774,2.0
76800,0.8522070646286011,0.8619871139526367,0.0001,25.4384822845459,2.0,45.75,40.75,0.12598519027233124,,,,,,,,,,3.2680000000000007e-06,775,2.0
76900,0.8701785802841187,0.8691911697387695,0.0001,29.76289939880371,2.0,40.75,40.0,0.12598519027233124,,,,,,,,,,3.2721250000000005e-06,776,2.0
77000,0.8379127979278564,0.8385634422302246,0.0001,21.39556312561035,2.0,49.5,49.0,0.12598519027233124,,,,,,,,,,3.2762500000000006e-06,777,2.0
77100,0.8502165675163269,0.859601616859436,0.0001,21.63020133972168,2.0,46.5,42.5,0.12598519027233124,,,,,,,,,,3.280375e-06,778,2.0
77200,0.8557353615760803,0.8566904067993164,0.0001,11.713698387145996,2.0,44.25,43.0,0.12598519027233124,,,,,,,,,,3.2845000000000005e-06,779,2.0
77300,0.8614648580551147,0.8618277311325073,0.0001,24.468114852905273,1.9921875,44.0,43.5,0.12598519027233124,,,,,,,,,,3.2886250000000002e-06,780,1.9921875
77400,0.8529292941093445,0.8534051179885864,0.0001,19.237537384033203,2.0,46.25,44.75,0.12598519027233124,,,,,,,,,,3.292750000000001e-06,781,2.0
77500,0.875299870967865,0.8755477666854858,0.0001,23.640731811523438,2.0,37.75,37.0,0.12598519027233124,,,,,,,,,,3.2968750000000005e-06,782,2.0
77600,0.8645080327987671,0.8646386861801147,0.0001,25.52670669555664,2.0,42.25,41.0,0.12598519027233124,,,,,,,,,,3.3010000000000002e-06,783,2.0
77700,0.8690818548202515,0.8682350516319275,0.0001,13.475188255310059,1.9921875,39.75,39.75,0.12598519027233124,,,,,,,,,,3.305125e-06,784,1.9921875
77800,0.8554762601852417,0.8621785044670105,0.0001,15.886815071105957,2.0,45.5,41.5,0.12598519027233124,,,,,,,,,,3.3092500000000005e-06,785,2.0
77900,0.8615813255310059,0.8647407293319702,0.0001,14.722371101379395,1.9921875,43.5,41.75,0.12598519027233124,,,,,,,,,,3.3133750000000003e-06,786,1.9921875
78000,0.8476413488388062,0.8482085466384888,0.0001,22.584110260009766,1.9921875,47.0,46.25,0.12598519027233124,,,,,,,,,,3.3175e-06,787,1.9921875
78100,0.8667919635772705,0.8701243996620178,0.0001,24.209348678588867,2.0,40.75,39.0,0.12598519027233124,,,,,,,,,,3.3216250000000006e-06,788,2.0
78200,0.855138897895813,0.8568035364151001,0.0001,27.856781005859375,2.0,44.0,42.5,0.12598519027233124,,,,,,,,,,3.32575e-06,789,2.0
78300,0.8759621381759644,0.8806584477424622,0.0001,16.539533615112305,2.0,38.5,36.25,0.12598519027233124,,,,,,,,,,3.329875e-06,790,2.0
78400,0.8664127588272095,0.8676769733428955,0.0001,16.013019561767578,2.0,41.0,40.25,0.12598519027233124,,,,,,,,,,3.334e-06,791,2.0
78500,0.8662400245666504,0.8670883178710938,0.0001,18.241403579711914,1.9921875,41.5,39.75,0.12598519027233124,,,,,,,,,,3.3381250000000003e-06,792,1.9921875
78600,0.8813012838363647,0.8821483254432678,0.0001,10.334860801696777,1.9921875,36.5,35.5,0.12598519027233124,,,,,,,,,,3.34225e-06,793,1.9921875
78700,0.8559550046920776,0.8544344902038574,0.0001,16.958608627319336,2.0,45.0,44.75,0.12598519027233124,,,,,,,,,,3.3463750000000006e-06,794,2.0
78800,0.8624130487442017,0.8603461980819702,0.0001,23.463891983032227,2.0,42.0,41.5,0.12598519027233124,,,,,,,,,,3.3505e-06,795,2.0
78900,0.8493524789810181,0.847866415977478,0.0001,24.88153648376465,2.0,47.0,46.0,0.12598519027233124,,,,,,,,,,3.354625e-06,796,2.0
79000,0.8514487743377686,0.8524115085601807,0.0001,22.16667938232422,2.0,46.0,45.0,0.12598519027233124,,,,,,,,,,3.3587500000000002e-06,797,2.0
79100,0.8541461229324341,0.858519434928894,0.0001,20.606006622314453,2.0,44.25,41.75,0.12598519027233124,,,,,,,,,,3.3628750000000004e-06,798,2.0
79200,0.8727688193321228,0.873460590839386,0.0001,13.110572814941406,1.9921875,40.25,39.0,0.12598519027233124,,,,,,,,,,3.367e-06,799,1.9921875
79300,0.845586895942688,0.8474550247192383,0.0001,21.306840896606445,1.9921875,47.75,47.0,0.12598519027233124,,,,,,,,,,3.3711250000000007e-06,800,1.9921875
79400,0.8647940158843994,0.8648101091384888,0.0001,20.12672996520996,2.0,41.75,40.75,0.12598519027233124,,,,,,,,,,3.37525e-06,801,2.0
79500,0.8822081089019775,0.8802196979522705,0.0001,15.01092529296875,2.0,37.25,37.25,0.12598519027233124,,,,,,,,,,3.379375e-06,802,2.0
79600,0.8498328924179077,0.8518741726875305,0.0001,32.282588958740234,1.9921875,45.0,44.0,0.12598519027233124,,,,,,,,,,3.3835000000000003e-06,803,1.9921875
79700,0.8696571588516235,0.8700670599937439,0.0001,22.00736427307129,2.0,39.75,39.25,0.12598519027233124,,,,,,,,,,3.3876250000000005e-06,804,2.0
79800,0.854383111000061,0.8547515273094177,0.0001,20.69906234741211,1.9921875,43.5,43.0,0.12598519027233124,,,,,,,,,,3.39175e-06,805,1.9921875
79900,0.8800240755081177,0.8803238868713379,0.0001,15.577478408813477,1.9921875,38.25,38.0,0.12598519027233124,,,,,,,,,,3.3958750000000008e-06,806,1.9921875
79950,,,,,,,,,0.13166728615760803,0.07194843143224716,0.047084640711545944,0.1446869820356369,0.08567415922880173,0.08804913610219955,0.07525553554296494,0.10999902337789536,0.09017685800790787,,807,
80000,0.8424925208091736,0.8455312252044678,0.0001,18.18751335144043,2.0,48.75,47.5,0.10999902337789536,,,,,,,,,,3.4e-06,808,2.0
80100,0.8563414812088013,0.8577868938446045,0.0001,25.367084503173828,1.9921875,46.5,45.0,0.10999902337789536,,,,,,,,,,3.404125e-06,809,1.9921875
80200,0.8621361255645752,0.8642407655715942,0.0001,18.218292236328125,1.9921875,43.25,42.0,0.10999902337789536,,,,,,,,,,3.4082500000000004e-06,810,1.9921875
80300,0.8673794269561768,0.867811381816864,0.0001,18.369709014892578,1.9921875,41.25,41.25,0.10999902337789536,,,,,,,,,,3.4123750000000005e-06,811,1.9921875
80400,0.8753300905227661,0.8780348300933838,0.0001,14.769105911254883,2.0,38.75,37.25,0.10999902337789536,,,,,,,,,,3.4165000000000002e-06,812,2.0
80500,0.8788255453109741,0.8840664625167847,0.0001,13.387285232543945,1.9921875,37.25,34.75,0.10999902337789536,,,,,,,,,,3.4206250000000004e-06,813,1.9921875
80600,0.859916627407074,0.8581554293632507,0.0001,32.89275360107422,1.9921875,44.25,43.75,0.10999902337789536,,,,,,,,,,3.42475e-06,814,1.9921875
80700,0.8764916658401489,0.8794565200805664,0.0001,12.997632026672363,2.0,38.25,36.5,0.10999902337789536,,,,,,,,,,3.4288750000000003e-06,815,2.0
80800,0.8566007614135742,0.8605260848999023,0.0001,31.985891342163086,2.0,45.0,42.75,0.10999902337789536,,,,,,,,,,3.4330000000000004e-06,816,2.0
80900,0.8890728950500488,0.8895845413208008,0.0001,14.684378623962402,2.0,34.0,33.5,0.10999902337789536,,,,,,,,,,3.4371250000000006e-06,817,2.0
81000,0.8410719633102417,0.8377426862716675,0.0001,23.669218063354492,2.0,48.75,48.25,0.10999902337789536,,,,,,,,,,3.4412500000000003e-06,818,2.0
81100,0.8639492988586426,0.8631510734558105,0.0001,20.123184204101562,2.0,42.25,41.75,0.10999902337789536,,,,,,,,,,3.4453750000000004e-06,819,2.0
81200,0.839362382888794,0.8387640118598938,0.0001,35.26082229614258,1.984375,47.75,47.25,0.10999902337789536,,,,,,,,,,3.4495e-06,820,1.984375
81300,0.8556917905807495,0.8689470291137695,0.0001,28.507984161376953,2.0,46.5,41.25,0.10999902337789536,,,,,,,,,,3.4536250000000003e-06,821,2.0
81400,0.8474347591400146,0.8507871627807617,0.0001,27.044553756713867,2.0,47.5,45.0,0.10999902337789536,,,,,,,,,,3.4577500000000005e-06,822,2.0
81500,0.824992299079895,0.8669341802597046,0.0001,20.068984985351562,1.9921875,55.25,41.25,0.10999902337789536,,,,,,,,,,3.4618750000000006e-06,823,1.9921875
81600,0.865006148815155,0.8683021664619446,0.0001,23.191312789916992,1.9921875,41.75,40.5,0.10999902337789536,,,,,,,,,,3.4660000000000004e-06,824,1.9921875
81700,0.8625892996788025,0.8623843193054199,0.0001,24.372100830078125,1.9921875,42.0,41.0,0.10999902337789536,,,,,,,,,,3.4701250000000005e-06,825,1.9921875
81800,0.8500572443008423,0.8817397356033325,0.0001,16.125207901000977,2.0,46.5,35.5,0.10999902337789536,,,,,,,,,,3.4742500000000002e-06,826,2.0
81900,0.8563157320022583,0.8565095067024231,0.0001,21.566898345947266,2.0,42.5,41.75,0.10999902337789536,,,,,,,,,,3.4783750000000004e-06,827,2.0
82000,0.8547220230102539,0.8673405051231384,0.0001,22.127267837524414,2.0,45.0,39.75,0.10999902337789536,,,,,,,,,,3.4825e-06,828,2.0
82100,0.8576233983039856,0.8574220538139343,0.0001,15.738348960876465,1.9921875,44.0,43.5,0.10999902337789536,,,,,,,,,,3.4866250000000007e-06,829,1.9921875
82200,0.8811595439910889,0.8840183615684509,0.0001,12.055776596069336,2.0,36.25,34.75,0.10999902337789536,,,,,,,,,,3.4907500000000004e-06,830,2.0
82300,0.8628844618797302,0.8623450994491577,0.0001,19.647552490234375,1.9921875,41.0,40.0,0.10999902337789536,,,,,,,,,,3.494875e-06,831,1.9921875
82400,0.9032403826713562,0.9045883417129517,0.0001,10.798117637634277,2.0,30.0,29.125,0.10999902337789536,,,,,,,,,,3.4990000000000003e-06,832,2.0
82500,0.8304377198219299,0.8306576013565063,0.0001,24.362899780273438,2.0,50.0,49.0,0.10999902337789536,,,,,,,,,,3.5031250000000004e-06,833,2.0
82600,0.7916722297668457,0.8573700785636902,0.0001,16.235519409179688,2.0,68.0,44.0,0.10999902337789536,,,,,,,,,,3.50725e-06,834,2.0
82700,0.8693455457687378,0.868558406829834,0.0001,20.614704132080078,1.9921875,40.75,40.25,0.10999902337789536,,,,,,,,,,3.5113750000000007e-06,835,1.9921875
82800,0.8687737584114075,0.8687584400177002,0.0001,20.05820655822754,1.9921875,41.25,41.0,0.10999902337789536,,,,,,,,,,3.5155e-06,836,1.9921875
82900,0.8589838147163391,0.8627917766571045,0.0001,26.815662384033203,2.0,43.5,42.5,0.10999902337789536,,,,,,,,,,3.519625e-06,837,2.0
83000,0.8808090686798096,0.881373941898346,0.0001,15.121769905090332,2.0,37.75,36.75,0.10999902337789536,,,,,,,,,,3.5237500000000004e-06,838,2.0
83100,0.8607736825942993,0.8604561686515808,0.0001,22.190996170043945,1.9921875,41.5,40.75,0.10999902337789536,,,,,,,,,,3.5278750000000005e-06,839,1.9921875
83200,0.8698897361755371,0.8737972974777222,0.0001,30.10346794128418,2.0,41.5,39.75,0.10999902337789536,,,,,,,,,,3.5320000000000002e-06,840,2.0
83300,0.8651487827301025,0.8689561486244202,0.0001,11.519847869873047,1.9921875,44.0,42.25,0.10999902337789536,,,,,,,,,,3.536125000000001e-06,841,1.9921875
83400,0.8914073705673218,0.8908135890960693,0.0001,12.095529556274414,2.0,34.25,33.5,0.10999902337789536,,,,,,,,,,3.54025e-06,842,2.0
83500,0.8621300458908081,0.8634900450706482,0.0001,17.657344818115234,2.0,42.75,41.75,0.10999902337789536,,,,,,,,,,3.5443750000000003e-06,843,2.0
83600,0.8569884300231934,0.8559151887893677,0.0001,30.511606216430664,2.0,45.0,44.5,0.10999902337789536,,,,,,,,,,3.5485000000000004e-06,844,2.0
83700,0.8814020752906799,0.8829323649406433,0.0001,11.159431457519531,2.0,37.75,35.25,0.10999902337789536,,,,,,,,,,3.5526250000000006e-06,845,2.0
83800,0.8475850820541382,0.8496428728103638,0.0001,25.579078674316406,2.0,46.25,45.25,0.10999902337789536,,,,,,,,,,3.5567500000000003e-06,846,2.0
83900,0.8555028438568115,0.8580760955810547,0.0001,30.766620635986328,2.0,42.0,40.75,0.10999902337789536,,,,,,,,,,3.560875000000001e-06,847,2.0
84000,0.8682412505149841,0.8712955713272095,0.0001,16.451749801635742,2.0,41.25,39.75,0.10999902337789536,,,,,,,,,,3.565e-06,848,2.0
84100,0.8833388090133667,0.8845618367195129,0.0001,12.754701614379883,2.0,35.5,34.75,0.10999902337789536,,,,,,,,,,3.569125e-06,849,2.0
84200,0.8758044242858887,0.875474750995636,0.0001,16.671741485595703,1.9921875,39.5,38.5,0.10999902337789536,,,,,,,,,,3.5732500000000005e-06,850,1.9921875
84300,0.8756060004234314,0.8772954940795898,0.0001,14.8704252243042,2.0,39.0,38.0,0.10999902337789536,,,,,,,,,,3.577375e-06,851,2.0
84400,0.8596047759056091,0.8607844114303589,0.0001,19.908063888549805,2.0,42.75,42.0,0.10999902337789536,,,,,,,,,,3.5815000000000004e-06,852,2.0
84500,0.8712202310562134,0.8697671890258789,0.0001,11.1350736618042,2.0,41.75,40.25,0.10999902337789536,,,,,,,,,,3.5856250000000005e-06,853,2.0
84600,0.8465442657470703,0.861437976360321,0.0001,18.754213333129883,1.9921875,47.25,41.5,0.10999902337789536,,,,,,,,,,3.5897500000000002e-06,854,1.9921875
84700,0.8597784042358398,0.8689855337142944,0.0001,35.217830657958984,1.9921875,43.5,39.25,0.10999902337789536,,,,,,,,,,3.593875e-06,855,1.9921875
84800,0.8806366324424744,0.8805791735649109,0.0001,20.747251510620117,2.0,36.75,35.5,0.10999902337789536,,,,,,,,,,3.5980000000000005e-06,856,2.0
84900,0.8594019412994385,0.8683896660804749,0.0001,14.252120971679688,1.9921875,43.75,40.75,0.10999902337789536,,,,,,,,,,3.6021250000000003e-06,857,1.9921875
85000,0.8793295621871948,0.8796393871307373,0.0001,16.392248153686523,2.0,37.75,36.75,0.10999902337789536,,,,,,,,,,3.6062500000000004e-06,858,2.0
85100,0.8589745759963989,0.8836628198623657,0.0001,17.744613647460938,1.984375,42.75,34.25,0.10999902337789536,,,,,,,,,,3.6103749999999997e-06,859,1.984375
85200,0.8685396313667297,0.8668124079704285,0.0001,22.578649520874023,2.0,41.5,40.75,0.10999902337789536,,,,,,,,,,3.6145000000000003e-06,860,2.0
85300,0.8909720182418823,0.8961348533630371,0.0001,14.8817138671875,2.0,33.75,31.5,0.10999902337789536,,,,,,,,,,3.618625e-06,861,2.0
85400,0.8658531904220581,0.8664900064468384,0.0001,19.875226974487305,2.0,42.25,41.75,0.10999902337789536,,,,,,,,,,3.6227500000000006e-06,862,2.0
85500,0.8440581560134888,0.8468796014785767,0.0001,21.573583602905273,2.0,49.25,47.5,0.10999902337789536,,,,,,,,,,3.6268750000000003e-06,863,2.0
85600,0.8727415800094604,0.8732258081436157,0.0001,18.606403350830078,2.0,38.5,37.5,0.10999902337789536,,,,,,,,,,3.6310000000000005e-06,864,2.0
85700,0.8705946207046509,0.8716320991516113,0.0001,20.847076416015625,1.9921875,40.0,38.5,0.10999902337789536,,,,,,,,,,3.6351249999999998e-06,865,1.9921875
85800,0.8637731671333313,0.8654711246490479,0.0001,16.30332374572754,2.0,41.5,40.5,0.10999902337789536,,,,,,,,,,3.6392500000000004e-06,866,2.0
85900,0.8642661571502686,0.863308310508728,0.0001,21.937408447265625,2.0,41.0,41.0,0.10999902337789536,,,,,,,,,,3.643375e-06,867,2.0
86000,0.8762344121932983,0.8762970566749573,0.0001,18.180160522460938,1.9921875,37.5,37.0,0.10999902337789536,,,,,,,,,,3.6475000000000007e-06,868,1.9921875
86100,0.8674918413162231,0.8672523498535156,0.0001,20.725149154663086,1.9921875,40.0,39.75,0.10999902337789536,,,,,,,,,,3.6516250000000004e-06,869,1.9921875
86200,0.8610724806785583,0.8616694808006287,0.0001,25.480567932128906,2.0,43.75,43.25,0.10999902337789536,,,,,,,,,,3.6557500000000005e-06,870,2.0
86300,0.8732211589813232,0.8737724423408508,0.0001,17.309349060058594,2.0,38.75,38.25,0.10999902337789536,,,,,,,,,,3.659875e-06,871,2.0
86400,0.8800878524780273,0.8806514739990234,0.0001,16.95298194885254,2.0,37.0,35.0,0.10999902337789536,,,,,,,,,,3.6640000000000004e-06,872,2.0
86500,0.8584070205688477,0.8601205348968506,0.0001,19.2297306060791,2.0,43.5,42.25,0.10999902337789536,,,,,,,,,,3.668125e-06,873,2.0
86600,0.8734402060508728,0.8735994100570679,0.0001,20.50582504272461,2.0,39.25,37.5,0.10999902337789536,,,,,,,,,,3.6722500000000007e-06,874,2.0
86700,0.8718118071556091,0.8746584057807922,0.0001,20.27109718322754,1.9921875,40.25,39.0,0.10999902337789536,,,,,,,,,,3.6763750000000004e-06,875,1.9921875
86800,0.795630693435669,0.8603500127792358,0.0001,34.95400619506836,2.0,68.0,43.25,0.10999902337789536,,,,,,,,,,3.6805000000000006e-06,876,2.0
86900,0.8565273284912109,0.8574711680412292,0.0001,27.92865562438965,2.0,43.75,42.75,0.10999902337789536,,,,,,,,,,3.684625e-06,877,2.0
87000,0.8441323041915894,0.8449364304542542,0.0001,16.541791915893555,2.0,47.25,46.0,0.10999902337789536,,,,,,,,,,3.6887500000000005e-06,878,2.0
87100,0.8720582723617554,0.8719558715820312,0.0001,18.138639450073242,2.0,40.25,40.0,0.10999902337789536,,,,,,,,,,3.692875e-06,879,2.0
87200,0.8486580848693848,0.8478888869285583,0.0001,16.647415161132812,2.0,46.5,45.75,0.10999902337789536,,,,,,,,,,3.6970000000000008e-06,880,2.0
87300,0.8391438722610474,0.8392610549926758,0.0001,46.70315170288086,2.0,50.25,49.25,0.10999902337789536,,,,,,,,,,3.7011250000000005e-06,881,2.0
87400,0.8552436232566833,0.8701491355895996,0.0001,20.004648208618164,2.0,45.5,39.5,0.10999902337789536,,,,,,,,,,3.7052500000000007e-06,882,2.0
87500,0.8624638319015503,0.862293541431427,0.0001,23.518102645874023,2.0,43.0,42.25,0.10999902337789536,,,,,,,,,,3.709375e-06,883,2.0
87600,0.8633472919464111,0.8620524406433105,0.0001,15.567132949829102,2.0,42.0,41.25,0.10999902337789536,,,,,,,,,,3.7135000000000005e-06,884,2.0
87700,0.8509341478347778,0.8502689599990845,0.0001,19.671390533447266,2.0,44.0,44.0,0.10999902337789536,,,,,,,,,,3.7176250000000003e-06,885,2.0
87800,0.8377749919891357,0.8395777344703674,0.0001,20.106220245361328,1.9921875,49.5,48.75,0.10999902337789536,,,,,,,,,,3.721750000000001e-06,886,1.9921875
87900,0.8180092573165894,0.8428099155426025,0.0001,33.6661262512207,2.0,57.0,47.5,0.10999902337789536,,,,,,,,,,3.7258750000000006e-06,887,2.0
88000,0.8529764413833618,0.8504821062088013,0.0001,35.05021286010742,2.0,45.75,45.25,0.10999902337789536,,,,,,,,,,3.7300000000000003e-06,888,2.0
88100,0.8228117823600769,0.8229446411132812,0.0001,28.068012237548828,2.0,51.5,51.0,0.10999902337789536,,,,,,,,,,3.734125e-06,889,2.0
88200,0.8588099479675293,0.8605671525001526,0.0001,17.761428833007812,2.0,43.5,42.25,0.10999902337789536,,,,,,,,,,3.7382500000000006e-06,890,2.0
88300,0.8947582244873047,0.8937902450561523,0.0001,15.628439903259277,2.0,34.0,33.25,0.10999902337789536,,,,,,,,,,3.7423750000000003e-06,891,2.0
88400,0.845181405544281,0.8461939096450806,0.0001,30.893310546875,2.0,48.25,47.25,0.10999902337789536,,,,,,,,,,3.746500000000001e-06,892,2.0
88500,0.8708779215812683,0.8719273805618286,0.0001,17.426183700561523,1.9921875,40.0,39.0,0.10999902337789536,,,,,,,,,,3.7506250000000006e-06,893,1.9921875
88600,0.8695115447044373,0.8696650862693787,0.0001,12.83499813079834,1.9921875,40.5,38.5,0.10999902337789536,,,,,,,,,,3.7547500000000003e-06,894,1.9921875
88700,0.855169415473938,0.8545412421226501,0.0001,26.0474853515625,2.0,45.0,45.0,0.10999902337789536,,,,,,,,,,3.758875e-06,895,2.0
88800,0.8533605337142944,0.8539436459541321,0.0001,32.846744537353516,2.0,45.5,44.5,0.10999902337789536,,,,,,,,,,3.7630000000000006e-06,896,2.0
88900,0.8688254356384277,0.8709596395492554,0.0001,17.870664596557617,2.0,40.0,38.0,0.10999902337789536,,,,,,,,,,3.7671250000000004e-06,897,2.0
89000,0.8510454893112183,0.8509163856506348,0.0001,24.995040893554688,1.9921875,44.25,44.0,0.10999902337789536,,,,,,,,,,3.771250000000001e-06,898,1.9921875
89100,0.8681493401527405,0.8675159215927124,0.0001,17.123428344726562,1.9921875,40.0,39.5,0.10999902337789536,,,,,,,,,,3.7753750000000007e-06,899,1.9921875
89200,0.855758547782898,0.8546340465545654,0.0001,19.96455955505371,1.9921875,44.5,43.5,0.10999902337789536,,,,,,,,,,3.7795000000000004e-06,900,1.9921875
89300,0.8613077402114868,0.8602223992347717,0.0001,16.587207794189453,2.0,44.25,43.75,0.10999902337789536,,,,,,,,,,3.783625e-06,901,2.0
89400,0.8540754318237305,0.8593403100967407,0.0001,21.203338623046875,2.0,44.5,42.0,0.10999902337789536,,,,,,,,,,3.7877500000000007e-06,902,2.0
89500,0.8765752911567688,0.8756916522979736,0.0001,15.444452285766602,1.9921875,38.75,38.25,0.10999902337789536,,,,,,,,,,3.7918750000000004e-06,903,1.9921875
89600,0.8729405999183655,0.8744680881500244,0.0001,12.894807815551758,1.9921875,38.25,36.75,0.10999902337789536,,,,,,,,,,3.7960000000000006e-06,904,1.9921875
89700,0.8612023591995239,0.8665800094604492,0.0001,20.092283248901367,2.0,43.5,41.75,0.10999902337789536,,,,,,,,,,3.8001250000000007e-06,905,2.0
89800,0.8406630754470825,0.8383126258850098,0.0001,36.538631439208984,2.0,49.5,48.75,0.10999902337789536,,,,,,,,,,3.8042500000000005e-06,906,2.0
89900,0.8537947535514832,0.8553626537322998,0.0001,32.01481628417969,2.0,45.25,44.25,0.10999902337789536,,,,,,,,,,3.808375e-06,907,2.0
89950,,,,,,,,,0.14760936796665192,0.10729850083589554,0.08361546695232391,0.15589047968387604,0.09330189973115921,0.08205516636371613,0.07033096253871918,0.12326929718255997,0.11600881069898605,,908,
90000,0.8673508167266846,0.8674165606498718,0.0001,12.841501235961914,2.0,40.0,39.75,0.12326929718255997,,,,,,,,,,3.8125e-06,909,2.0
90100,0.8481593132019043,0.8482516407966614,0.0001,31.150781631469727,1.984375,46.25,45.75,0.12326929718255997,,,,,,,,,,3.816625e-06,910,1.984375
90200,0.8719849586486816,0.8731280565261841,0.0001,14.913986206054688,1.9921875,40.25,38.75,0.12326929718255997,,,,,,,,,,3.820750000000001e-06,911,1.9921875
90300,0.8628977537155151,0.8609744906425476,0.0001,29.927160263061523,2.0,43.0,42.5,0.12326929718255997,,,,,,,,,,3.824875e-06,912,2.0
90400,0.8628683090209961,0.8655493259429932,0.0001,16.211334228515625,2.0,42.0,40.75,0.12326929718255997,,,,,,,,,,3.829e-06,913,2.0
90500,0.857247531414032,0.8599696159362793,0.0001,23.889896392822266,2.0,44.5,42.25,0.12326929718255997,,,,,,,,,,3.833125000000001e-06,914,2.0
90600,0.8574869632720947,0.8594301342964172,0.0001,23.726917266845703,2.0,43.25,42.25,0.12326929718255997,,,,,,,,,,3.83725e-06,915,2.0
90700,0.874629020690918,0.8735741376876831,0.0001,25.884756088256836,2.0,38.5,38.0,0.12326929718255997,,,,,,,,,,3.841375e-06,916,2.0
90800,0.8732814788818359,0.8731436729431152,0.0001,28.00677490234375,2.0,39.75,39.5,0.12326929718255997,,,,,,,,,,3.845500000000001e-06,917,2.0
90900,0.8536699414253235,0.8560491800308228,0.0001,21.781896591186523,2.0,44.25,42.75,0.12326929718255997,,,,,,,,,,3.8496250000000004e-06,918,2.0
91000,0.8774656057357788,0.8786109089851379,0.0001,25.652875900268555,1.9921875,37.75,37.0,0.12326929718255997,,,,,,,,,,3.85375e-06,919,1.9921875
91100,0.8544952869415283,0.8539997339248657,0.0001,37.54570007324219,1.9921875,45.25,44.5,0.12326929718255997,,,,,,,,,,3.857875000000001e-06,920,1.9921875
91200,0.8500457406044006,0.8494830131530762,0.0001,15.133646011352539,1.9921875,46.25,46.25,0.12326929718255997,,,,,,,,,,3.8620000000000005e-06,921,1.9921875
91300,0.8730641603469849,0.8732192516326904,0.0001,17.538143157958984,1.9921875,38.75,37.75,0.12326929718255997,,,,,,,,,,3.866125e-06,922,1.9921875
91400,0.8320202231407166,0.8304323554039001,0.0001,20.604982376098633,2.0,51.0,50.25,0.12326929718255997,,,,,,,,,,3.870250000000001e-06,923,2.0
91500,0.8495030403137207,0.8508276343345642,0.0001,17.281496047973633,2.0,47.5,46.5,0.12326929718255997,,,,,,,,,,3.8743750000000005e-06,924,2.0
91600,0.8537769317626953,0.8559234142303467,0.0001,22.76484489440918,2.0,45.0,43.5,0.12326929718255997,,,,,,,,,,3.8785e-06,925,2.0
91700,0.870572566986084,0.8704129457473755,0.0001,11.640878677368164,2.0,41.0,41.0,0.12326929718255997,,,,,,,,,,3.882625000000001e-06,926,2.0
91800,0.8574527502059937,0.858047366142273,0.0001,27.433698654174805,2.0,43.75,43.5,0.12326929718255997,,,,,,,,,,3.8867500000000005e-06,927,2.0
91900,0.8778391480445862,0.8777714967727661,0.0001,23.101728439331055,2.0,39.0,38.0,0.12326929718255997,,,,,,,,,,3.890875e-06,928,2.0
92000,0.8642565011978149,0.8658110499382019,0.0001,17.322580337524414,2.0,42.0,40.75,0.12326929718255997,,,,,,,,,,3.895000000000001e-06,929,2.0
92100,0.8443014621734619,0.8498270511627197,0.0001,18.254179000854492,2.0,46.75,44.25,0.12326929718255997,,,,,,,,,,3.8991250000000006e-06,930,2.0
92200,0.8311764597892761,0.8819582462310791,0.0001,10.508676528930664,2.0,53.25,36.75,0.12326929718255997,,,,,,,,,,3.90325e-06,931,2.0
92300,0.8460327386856079,0.8464810848236084,0.0001,25.756900787353516,1.9921875,46.25,45.75,0.12326929718255997,,,,,,,,,,3.907375000000001e-06,932,1.9921875
92400,0.8412029147148132,0.841741681098938,0.0001,20.611854553222656,2.0,48.5,47.25,0.12326929718255997,,,,,,,,,,3.911500000000001e-06,933,2.0
92500,0.8648887872695923,0.8633129000663757,0.0001,19.210412979125977,2.0,42.25,41.75,0.12326929718255997,,,,,,,,,,3.915625e-06,934,2.0
92600,0.8632193803787231,0.8630382418632507,0.0001,18.08836555480957,2.0,42.25,41.5,0.12326929718255997,,,,,,,,,,3.91975e-06,935,2.0
92700,0.8611201047897339,0.8611817955970764,0.0001,11.0031099319458,2.0,43.25,42.5,0.12326929718255997,,,,,,,,,,3.923875000000001e-06,936,2.0
92800,0.8521413803100586,0.8533320426940918,0.0001,30.0328311920166,2.0,45.5,44.75,0.12326929718255997,,,,,,,,,,3.928e-06,937,2.0
92900,0.8556323647499084,0.8593233227729797,0.0001,27.2069091796875,2.0,45.25,43.0,0.12326929718255997,,,,,,,,,,3.932125000000001e-06,938,2.0
93000,0.8432468175888062,0.8430957198143005,0.0001,28.736297607421875,1.9921875,47.5,47.0,0.12326929718255997,,,,,,,,,,3.936250000000001e-06,939,1.9921875
93100,0.8632861375808716,0.8638877868652344,0.0001,20.25794792175293,2.0,42.75,41.0,0.12326929718255997,,,,,,,,,,3.940375e-06,940,2.0
93200,0.8791844248771667,0.8782877922058105,0.0001,20.246307373046875,2.0,37.75,37.75,0.12326929718255997,,,,,,,,,,3.9445e-06,941,2.0
93300,0.8586392402648926,0.8625242710113525,0.0001,36.09364700317383,2.0,43.75,41.25,0.12326929718255997,,,,,,,,,,3.948625000000001e-06,942,2.0
93400,0.786801815032959,0.8637288808822632,0.0001,16.78106117248535,1.9921875,67.5,41.75,0.12326929718255997,,,,,,,,,,3.95275e-06,943,1.9921875
93500,0.8424094915390015,0.842829704284668,0.0001,44.56932067871094,1.9921875,47.5,46.5,0.12326929718255997,,,,,,,,,,3.956875000000001e-06,944,1.9921875
93600,0.8554520606994629,0.8540129065513611,0.0001,13.70440673828125,2.0,43.0,42.5,0.12326929718255997,,,,,,,,,,3.961000000000001e-06,945,2.0
93700,0.8781222701072693,0.8785021305084229,0.0001,31.928363800048828,1.9921875,37.0,36.0,0.12326929718255997,,,,,,,,,,3.9651250000000004e-06,946,1.9921875
93800,0.8411802649497986,0.8749315738677979,0.0001,17.070838928222656,2.0,51.75,39.25,0.12326929718255997,,,,,,,,,,3.96925e-06,947,2.0
93900,0.8741099238395691,0.8784909844398499,0.0001,26.699792861938477,2.0,39.5,37.5,0.12326929718255997,,,,,,,,,,3.973375000000001e-06,948,2.0
94000,0.8649710416793823,0.8750446438789368,0.0001,16.789840698242188,2.0,41.75,36.0,0.12326929718255997,,,,,,,,,,3.9775000000000005e-06,949,2.0
94100,0.8688546419143677,0.8700303435325623,0.0001,28.2841739654541,1.9921875,40.0,39.0,0.12326929718255997,,,,,,,,,,3.981625000000001e-06,950,1.9921875
94200,0.8479878306388855,0.8663279414176941,0.0001,18.419578552246094,2.0,47.5,41.0,0.12326929718255997,,,,,,,,,,3.985750000000001e-06,951,2.0
94300,0.8648084402084351,0.8661624789237976,0.0001,16.86187171936035,2.0,41.75,40.75,0.12326929718255997,,,,,,,,,,3.9898750000000005e-06,952,2.0
94400,0.8694753646850586,0.8718845844268799,0.0001,36.0951042175293,1.9921875,40.0,38.75,0.12326929718255997,,,,,,,,,,3.994e-06,953,1.9921875
94500,0.8575195670127869,0.8568887114524841,0.0001,18.201345443725586,2.0,43.25,43.0,0.12326929718255997,,,,,,,,,,3.998125000000001e-06,954,2.0
94600,0.8313606977462769,0.8662676811218262,0.0001,19.4321346282959,2.0,53.25,41.0,0.12326929718255997,,,,,,,,,,4.0022500000000005e-06,955,2.0
94700,0.839692234992981,0.840467095375061,0.0001,30.87751579284668,2.0,48.75,48.0,0.12326929718255997,,,,,,,,,,4.006375000000001e-06,956,2.0
94800,0.8612281084060669,0.866166353225708,0.0001,19.161439895629883,2.0,43.0,40.75,0.12326929718255997,,,,,,,,,,4.010500000000001e-06,957,2.0
94900,0.8866984844207764,0.8849316835403442,0.0001,18.347524642944336,1.984375,35.75,35.25,0.12326929718255997,,,,,,,,,,4.0146250000000005e-06,958,1.984375
95000,0.8825687766075134,0.8837147951126099,0.0001,22.067401885986328,1.9921875,36.5,35.75,0.12326929718255997,,,,,,,,,,4.01875e-06,959,1.9921875
95100,0.8635393381118774,0.8659802675247192,0.0001,35.41142654418945,2.0,42.0,41.0,0.12326929718255997,,,,,,,,,,4.022875000000001e-06,960,2.0
95200,0.7975190281867981,0.8767385482788086,0.0001,12.050704002380371,2.0,66.5,37.0,0.12326929718255997,,,,,,,,,,4.027000000000001e-06,961,2.0
95300,0.8686211109161377,0.8705103397369385,0.0001,15.21978759765625,2.0,40.75,39.5,0.12326929718255997,,,,,,,,,,4.031125000000001e-06,962,2.0
95400,0.871654212474823,0.8740524649620056,0.0001,19.344135284423828,2.0,39.25,38.0,0.12326929718255997,,,,,,,,,,4.035250000000001e-06,963,2.0
95500,0.8758949041366577,0.8769370913505554,0.0001,17.572917938232422,1.9921875,39.75,38.5,0.12326929718255997,,,,,,,,,,4.039375000000001e-06,964,1.9921875
95600,0.855110764503479,0.8569902777671814,0.0001,12.761736869812012,2.0,44.75,43.75,0.12326929718255997,,,,,,,,,,4.0435e-06,965,2.0
95700,0.8679109811782837,0.8663718700408936,0.0001,17.096601486206055,2.0,42.0,41.75,0.12326929718255997,,,,,,,,,,4.047625000000001e-06,966,2.0
95800,0.8613261580467224,0.85984867811203,0.0001,18.546293258666992,2.0,42.0,40.5,0.12326929718255997,,,,,,,,,,4.051750000000001e-06,967,2.0
95900,0.8706255555152893,0.8706187605857849,0.0001,23.569992065429688,1.9921875,39.5,38.25,0.12326929718255997,,,,,,,,,,4.055875e-06,968,1.9921875
96000,0.8632686138153076,0.8642880916595459,0.0001,38.846927642822266,1.9921875,41.75,41.0,0.12326929718255997,,,,,,,,,,4.060000000000001e-06,969,1.9921875
96100,0.8774380683898926,0.8789274096488953,0.0001,15.988211631774902,2.0,36.75,36.25,0.12326929718255997,,,,,,,,,,4.064125e-06,970,2.0
96200,0.8532657623291016,0.8558022975921631,0.0001,16.3132381439209,2.0,45.5,44.25,0.12326929718255997,,,,,,,,,,4.06825e-06,971,2.0
96300,0.8733974695205688,0.8701158761978149,0.0001,10.842671394348145,1.9921875,39.5,38.75,0.12326929718255997,,,,,,,,,,4.072375e-06,972,1.9921875
96400,0.87347412109375,0.8734931349754333,0.0001,23.08397102355957,2.0,37.75,37.0,0.12326929718255997,,,,,,,,,,4.076500000000001e-06,973,2.0
96500,0.8695210218429565,0.8680403232574463,0.0001,14.997601509094238,2.0,41.0,40.5,0.12326929718255997,,,,,,,,,,4.080625e-06,974,2.0
96600,0.7109901309013367,0.8832399249076843,0.0001,27.627111434936523,1.9921875,105.5,34.75,0.12326929718255997,,,,,,,,,,4.084750000000001e-06,975,1.9921875
96700,0.8615356683731079,0.8652528524398804,0.0001,15.980669975280762,2.0,42.25,40.5,0.12326929718255997,,,,,,,,,,4.088875e-06,976,2.0
96800,0.8633784055709839,0.8624346256256104,0.0001,17.904996871948242,1.9921875,42.5,41.5,0.12326929718255997,,,,,,,,,,4.0930000000000005e-06,977,1.9921875
96900,0.8752990961074829,0.8740071058273315,0.0001,19.4952449798584,1.984375,39.75,39.0,0.12326929718255997,,,,,,,,,,4.097125e-06,978,1.984375
97000,0.8492108583450317,0.8491870760917664,0.0001,18.741525650024414,1.9921875,46.5,45.5,0.12326929718255997,,,,,,,,,,4.101250000000001e-06,979,1.9921875
97100,0.8565020561218262,0.8600863218307495,0.0001,14.108777046203613,2.0,45.0,43.25,0.12326929718255997,,,,,,,,,,4.1053750000000005e-06,980,2.0
97200,0.732689380645752,0.8749637603759766,0.0001,18.43721580505371,2.0,95.0,36.5,0.12326929718255997,,,,,,,,,,4.109500000000001e-06,981,2.0
97300,0.8632120490074158,0.8632441759109497,0.0001,12.342364311218262,1.9921875,43.0,42.25,0.12326929718255997,,,,,,,,,,4.113625e-06,982,1.9921875
97400,0.8727546334266663,0.8754652738571167,0.0001,12.960634231567383,2.0,40.25,38.5,0.12326929718255997,,,,,,,,,,4.1177500000000005e-06,983,2.0
97500,0.8712965846061707,0.8720061779022217,0.0001,11.374590873718262,2.0,40.0,39.0,0.12326929718255997,,,,,,,,,,4.121875e-06,984,2.0
97600,0.8429602384567261,0.8431200981140137,0.0001,27.09492301940918,2.0,47.25,46.25,0.12326929718255997,,,,,,,,,,4.126000000000001e-06,985,2.0
97700,0.846653938293457,0.8452106714248657,0.0001,39.30427551269531,2.0,47.5,46.75,0.12326929718255997,,,,,,,,,,4.1301250000000005e-06,986,2.0
97800,0.8722994923591614,0.877560019493103,0.0001,12.635882377624512,2.0,39.75,37.5,0.12326929718255997,,,,,,,,,,4.13425e-06,987,2.0
97900,0.8766963481903076,0.8770262002944946,0.0001,15.1757230758667,2.0,37.75,36.75,0.12326929718255997,,,,,,,,,,4.138375e-06,988,2.0
98000,0.8707578182220459,0.8708440661430359,0.0001,22.05077362060547,1.9921875,39.75,38.75,0.12326929718255997,,,,,,,,,,4.1425000000000006e-06,989,1.9921875
98100,0.8723692893981934,0.8717474937438965,0.0001,53.46509552001953,1.9921875,39.0,38.0,0.12326929718255997,,,,,,,,,,4.146625e-06,990,1.9921875
98200,0.8629759550094604,0.8633256554603577,0.0001,25.875110626220703,2.0,43.75,42.75,0.12326929718255997,,,,,,,,,,4.150750000000001e-06,991,2.0
98300,0.8517401814460754,0.8520340323448181,0.0001,21.15789222717285,2.0,46.25,45.5,0.12326929718255997,,,,,,,,,,4.154875000000001e-06,992,2.0
98400,0.8583117723464966,0.8584179878234863,0.0001,24.9722900390625,1.9921875,43.5,42.75,0.12326929718255997,,,,,,,,,,4.159e-06,993,1.9921875
98500,0.8566912412643433,0.8558962345123291,0.0001,33.500579833984375,1.9921875,43.75,43.25,0.12326929718255997,,,,,,,,,,4.163125e-06,994,1.9921875
98600,0.8424330353736877,0.8559181690216064,0.0001,12.730245590209961,2.0,47.25,42.5,0.12326929718255997,,,,,,,,,,4.167250000000001e-06,995,2.0
98700,0.8639299869537354,0.8652435541152954,0.0001,14.560399055480957,2.0,40.5,39.5,0.12326929718255997,,,,,,,,,,4.171375e-06,996,2.0
98800,0.8185429573059082,0.8453562259674072,0.0001,21.43405532836914,2.0,55.5,46.25,0.12326929718255997,,,,,,,,,,4.175500000000001e-06,997,2.0
98900,0.8730207681655884,0.8732739686965942,0.0001,13.25757122039795,1.9921875,40.0,40.0,0.12326929718255997,,,,,,,,,,4.179625000000001e-06,998,1.9921875
99000,0.8568361401557922,0.8546735644340515,0.0001,30.402212142944336,2.0,43.75,43.5,0.12326929718255997,,,,,,,,,,4.18375e-06,999,2.0
99100,0.865676760673523,0.8636648058891296,0.0001,12.928482055664062,2.0,41.25,40.0,0.12326929718255997,,,,,,,,,,4.187875e-06,1000,2.0
99200,0.8822879195213318,0.8862017393112183,0.0001,28.358137130737305,1.9921875,35.5,34.25,0.12326929718255997,,,,,,,,,,4.192000000000001e-06,1001,1.9921875
99300,0.8531973958015442,0.8541039228439331,0.0001,46.77191162109375,1.9921875,45.25,44.0,0.12326929718255997,,,,,,,,,,4.196125e-06,1002,1.9921875
99400,0.8599129915237427,0.8601716756820679,0.0001,16.29808235168457,2.0,43.25,42.0,0.12326929718255997,,,,,,,,,,4.200250000000001e-06,1003,2.0
99500,0.8717406988143921,0.8720179796218872,0.0001,17.643579483032227,1.9921875,40.25,39.25,0.12326929718255997,,,,,,,,,,4.204375000000001e-06,1004,1.9921875
99600,0.8656095266342163,0.8674232959747314,0.0001,11.869677543640137,1.9921875,41.25,40.25,0.12326929718255997,,,,,,,,,,4.2085000000000004e-06,1005,1.9921875
99700,0.8775321841239929,0.8781410455703735,0.0001,21.81480598449707,1.9921875,37.25,36.75,0.12326929718255997,,,,,,,,,,4.212625e-06,1006,1.9921875
99800,0.7923363447189331,0.8560529947280884,0.0001,17.91103172302246,2.0,67.5,44.5,0.12326929718255997,,,,,,,,,,4.216750000000001e-06,1007,2.0
99900,0.8780754804611206,0.8801730871200562,0.0001,12.806941032409668,2.0,37.25,36.25,0.12326929718255997,,,,,,,,,,4.2208750000000005e-06,1008,2.0
99950,,,,,,,,,0.16929902136325836,0.07213188707828522,0.06753604859113693,0.18621845543384552,0.09503805637359619,0.07599601149559021,0.06937158852815628,0.1268034726381302,0.09148523211479187,,1009,
100000,0.8814719915390015,0.8824306726455688,0.0001,21.959470748901367,2.0,36.25,34.0,0.1268034726381302,,,,,,,,,,4.225000000000001e-06,1010,2.0
100100,0.8608243465423584,0.859376072883606,0.0001,24.299285888671875,2.0,43.5,43.0,0.1268034726381302,,,,,,,,,,4.229125e-06,1011,2.0
100200,0.8760503530502319,0.8741195201873779,0.0001,20.554441452026367,1.9921875,38.0,37.25,0.1268034726381302,,,,,,,,,,4.2332500000000005e-06,1012,1.9921875
100300,0.8524705767631531,0.8528299331665039,0.0001,15.784512519836426,2.0,45.75,44.25,0.1268034726381302,,,,,,,,,,4.237375e-06,1013,2.0
100400,0.8388242721557617,0.8399374485015869,0.0001,30.01218032836914,1.9921875,48.5,47.5,0.1268034726381302,,,,,,,,,,4.241500000000001e-06,1014,1.9921875
100500,0.8660695552825928,0.8649522066116333,0.0001,16.316072463989258,2.0,41.75,41.0,0.1268034726381302,,,,,,,,,,4.2456250000000005e-06,1015,2.0
100600,0.8817114233970642,0.8797846436500549,0.0001,21.364538192749023,1.9921875,37.25,37.25,0.1268034726381302,,,,,,,,,,4.249750000000001e-06,1016,1.9921875
100700,0.8774434924125671,0.8775357007980347,0.0001,14.18610668182373,2.0,38.0,37.25,0.1268034726381302,,,,,,,,,,4.253875e-06,1017,2.0
100800,0.8633240461349487,0.8640845417976379,0.0001,17.931838989257812,2.0,43.0,43.0,0.1268034726381302,,,,,,,,,,4.2580000000000006e-06,1018,2.0
100900,0.8584662079811096,0.8573213219642639,0.0001,27.154733657836914,2.0,44.0,44.0,0.1268034726381302,,,,,,,,,,4.262125e-06,1019,2.0
101000,0.8768693804740906,0.8735159039497375,0.0001,30.51666259765625,2.0,39.25,39.25,0.1268034726381302,,,,,,,,,,4.266250000000001e-06,1020,2.0
101100,0.846009373664856,0.8517027497291565,0.0001,19.710601806640625,2.0,46.0,43.0,0.1268034726381302,,,,,,,,,,4.270375000000001e-06,1021,2.0
101200,0.868877649307251,0.8690987825393677,0.0001,19.19563102722168,2.0,39.25,38.25,0.1268034726381302,,,,,,,,,,4.274500000000001e-06,1022,2.0
101300,0.8737939596176147,0.8733412027359009,0.0001,15.39877986907959,1.9921875,38.75,38.0,0.1268034726381302,,,,,,,,,,4.278625e-06,1023,1.9921875
101400,0.8399723768234253,0.8467938303947449,0.0001,18.38789939880371,2.0,48.25,45.5,0.1268034726381302,,,,,,,,,,4.282750000000001e-06,1024,2.0
101500,0.8711036443710327,0.8718641996383667,0.0001,20.951496124267578,2.0,41.5,40.25,0.1268034726381302,,,,,,,,,,4.286875e-06,1025,2.0
101600,0.857450008392334,0.8572796583175659,0.0001,17.365262985229492,2.0,43.75,43.75,0.1268034726381302,,,,,,,,,,4.291000000000001e-06,1026,2.0
101700,0.8543468713760376,0.8553736805915833,0.0001,16.673587799072266,2.0,45.0,43.0,0.1268034726381302,,,,,,,,,,4.295125000000001e-06,1027,2.0
101800,0.38442540168762207,0.8710029125213623,0.0001,21.280447006225586,1.9921875,490.0,39.75,0.1268034726381302,,,,,,,,,,4.299250000000001e-06,1028,1.9921875
101900,0.8837997317314148,0.8832876682281494,0.0001,13.394436836242676,2.0,35.5,35.0,0.1268034726381302,,,,,,,,,,4.303375e-06,1029,2.0
102000,0.83856201171875,0.8573609590530396,0.0001,17.2563533782959,2.0,51.0,44.25,0.1268034726381302,,,,,,,,,,4.307500000000001e-06,1030,2.0
102100,0.8543635606765747,0.8545715808868408,0.0001,20.21823501586914,2.0,45.0,44.5,0.1268034726381302,,,,,,,,,,4.311625e-06,1031,2.0
102200,0.8718565702438354,0.8709889650344849,0.0001,23.700626373291016,2.0,40.25,39.5,0.1268034726381302,,,,,,,,,,4.31575e-06,1032,2.0
102300,0.8535534143447876,0.8544927835464478,0.0001,18.12294578552246,2.0,45.0,43.75,0.1268034726381302,,,,,,,,,,4.319875000000001e-06,1033,2.0
102400,0.8844811320304871,0.8836976289749146,0.0001,13.637214660644531,1.9921875,35.75,35.25,0.1268034726381302,,,,,,,,,,4.3240000000000004e-06,1034,1.9921875
102500,0.8728834390640259,0.8789228200912476,0.0001,18.517379760742188,2.0,39.0,36.25,0.1268034726381302,,,,,,,,,,4.328125e-06,1035,2.0
102600,0.8860816955566406,0.8885201215744019,0.0001,9.93224048614502,2.0,35.75,34.0,0.1268034726381302,,,,,,,,,,4.33225e-06,1036,2.0
102700,0.8774693608283997,0.8759235143661499,0.0001,16.522733688354492,2.0,38.0,37.0,0.1268034726381302,,,,,,,,,,4.3363750000000005e-06,1037,2.0
102800,0.8639745116233826,0.8639565110206604,0.0001,14.012916564941406,1.9921875,42.0,41.75,0.1268034726381302,,,,,,,,,,4.3405e-06,1038,1.9921875
102900,0.8625261783599854,0.8652439117431641,0.0001,12.85020637512207,2.0,43.5,42.25,0.1268034726381302,,,,,,,,,,4.344625000000001e-06,1039,2.0
103000,0.8666532039642334,0.8659532070159912,0.0001,19.1929874420166,2.0,41.25,40.0,0.1268034726381302,,,,,,,,,,4.34875e-06,1040,2.0
103100,0.8681038022041321,0.8692466020584106,0.0001,22.64652442932129,2.0,41.75,40.75,0.1268034726381302,,,,,,,,,,4.352875e-06,1041,2.0
103200,0.8323259353637695,0.830041766166687,0.0001,21.20465660095215,2.0,51.0,50.25,0.1268034726381302,,,,,,,,,,4.357e-06,1042,2.0
103300,0.8700417280197144,0.8729734420776367,0.0001,14.382735252380371,2.0,40.5,39.5,0.1268034726381302,,,,,,,,,,4.3611250000000005e-06,1043,2.0
103400,0.8531360030174255,0.8539221286773682,0.0001,28.18519401550293,2.0,44.0,43.5,0.1268034726381302,,,,,,,,,,4.36525e-06,1044,2.0
103500,0.8861460089683533,0.8864599466323853,0.0001,12.282301902770996,2.0,35.75,35.25,0.1268034726381302,,,,,,,,,,4.369375000000001e-06,1045,2.0
103600,0.5730996131896973,0.8792853355407715,0.0001,16.855276107788086,1.9921875,224.0,36.75,0.1268034726381302,,,,,,,,,,4.3735e-06,1046,1.9921875
103700,0.8873451948165894,0.8864569067955017,0.0001,11.343184471130371,2.0,36.75,35.25,0.1268034726381302,,,,,,,,,,4.377625e-06,1047,2.0
103800,0.8761589527130127,0.8769557476043701,0.0001,10.116610527038574,2.0,38.5,37.5,0.1268034726381302,,,,,,,,,,4.38175e-06,1048,2.0
103900,0.8550716042518616,0.855962336063385,0.0001,18.215686798095703,2.0,44.5,43.75,0.1268034726381302,,,,,,,,,,4.385875000000001e-06,1049,2.0
104000,0.8600517511367798,0.8618879914283752,0.0001,34.05651092529297,1.9921875,43.5,42.5,0.1268034726381302,,,,,,,,,,4.39e-06,1050,1.9921875
104100,0.8568069934844971,0.860034704208374,0.0001,13.861384391784668,2.0,45.25,44.25,0.1268034726381302,,,,,,,,,,4.394125000000001e-06,1051,2.0
104200,0.8754750490188599,0.877511203289032,0.0001,23.593399047851562,2.0,38.75,37.75,0.1268034726381302,,,,,,,,,,4.39825e-06,1052,2.0
104300,0.8216015100479126,0.8422421216964722,0.0001,20.609479904174805,2.0,53.75,47.25,0.1268034726381302,,,,,,,,,,4.402375e-06,1053,2.0
104400,0.8888607621192932,0.8906757235527039,0.0001,16.608057022094727,1.9921875,35.75,34.0,0.1268034726381302,,,,,,,,,,4.4065e-06,1054,1.9921875
104500,0.869651198387146,0.8703035712242126,0.0001,14.11136531829834,2.0,41.25,40.5,0.1268034726381302,,,,,,,,,,4.410625000000001e-06,1055,2.0
104600,0.872979998588562,0.8743774890899658,0.0001,18.420930862426758,1.9921875,40.0,38.75,0.1268034726381302,,,,,,,,,,4.41475e-06,1056,1.9921875
104700,0.8789327144622803,0.8795762062072754,0.0001,21.233985900878906,2.0,38.0,37.25,0.1268034726381302,,,,,,,,,,4.418875000000001e-06,1057,2.0
104800,0.8909527063369751,0.8910402655601501,0.0001,18.492874145507812,1.9921875,35.5,34.25,0.1268034726381302,,,,,,,,,,4.423e-06,1058,1.9921875
104900,0.8564622402191162,0.8596567511558533,0.0001,19.85515594482422,2.0,45.5,42.5,0.1268034726381302,,,,,,,,,,4.427125e-06,1059,2.0
105000,0.8633386492729187,0.8705611228942871,0.0001,24.20222282409668,2.0,42.75,39.75,0.1268034726381302,,,,,,,,,,4.43125e-06,1060,2.0
105100,0.8452450037002563,0.845931887626648,0.0001,32.85883712768555,1.9921875,47.0,46.25,0.1268034726381302,,,,,,,,,,4.435375000000001e-06,1061,1.9921875
105200,0.862767219543457,0.8623858690261841,0.0001,21.431142807006836,2.0,43.0,42.75,0.1268034726381302,,,,,,,,,,4.4395000000000004e-06,1062,2.0
105300,0.856814980506897,0.8563981652259827,0.0001,16.125513076782227,2.0,43.25,42.75,0.1268034726381302,,,,,,,,,,4.443625e-06,1063,2.0
105400,0.8844963312149048,0.8837844133377075,0.0001,14.624940872192383,2.0,35.0,34.75,0.1268034726381302,,,,,,,,,,4.44775e-06,1064,2.0
105500,0.8549882173538208,0.8570032715797424,0.0001,35.025203704833984,2.0,45.5,44.25,0.1268034726381302,,,,,,,,,,4.4518750000000005e-06,1065,2.0
105600,0.8705490231513977,0.8701967597007751,0.0001,16.898473739624023,2.0,39.5,39.0,0.1268034726381302,,,,,,,,,,4.456e-06,1066,2.0
105700,0.8501728773117065,0.8530064821243286,0.0001,23.04752540588379,2.0,45.5,43.25,0.1268034726381302,,,,,,,,,,4.460125000000001e-06,1067,2.0
105800,0.836471676826477,0.8474191427230835,0.0001,25.8356876373291,1.9921875,50.5,45.75,0.1268034726381302,,,,,,,,,,4.4642500000000005e-06,1068,1.9921875
105900,0.891043484210968,0.8920639753341675,0.0001,14.069369316101074,1.9921875,34.5,33.75,0.1268034726381302,,,,,,,,,,4.468375e-06,1069,1.9921875
106000,0.8885235786437988,0.8924716711044312,0.0001,16.021392822265625,1.984375,35.25,33.25,0.1268034726381302,,,,,,,,,,4.4725e-06,1070,1.984375
106100,0.8366806507110596,0.8412566781044006,0.0001,44.256378173828125,2.0,50.5,46.25,0.1268034726381302,,,,,,,,,,4.4766250000000005e-06,1071,2.0
106200,0.8683862686157227,0.8708604574203491,0.0001,18.675809860229492,1.9921875,39.25,37.5,0.1268034726381302,,,,,,,,,,4.48075e-06,1072,1.9921875
106300,0.8712012767791748,0.8730270862579346,0.0001,26.96198844909668,1.9921875,39.0,38.0,0.1268034726381302,,,,,,,,,,4.484875000000001e-06,1073,1.9921875
106400,0.8291260600090027,0.8454880714416504,0.0001,18.6958065032959,2.0,53.5,46.75,0.1268034726381302,,,,,,,,,,4.4890000000000006e-06,1074,2.0
106500,0.8342205286026001,0.8608337044715881,0.0001,25.998016357421875,1.984375,50.25,40.0,0.1268034726381302,,,,,,,,,,4.493125e-06,1075,1.984375
106600,0.8475695848464966,0.8465827703475952,0.0001,36.986263275146484,2.0,47.0,46.25,0.1268034726381302,,,,,,,,,,4.49725e-06,1076,2.0
106700,0.8827048540115356,0.8808716535568237,0.0001,14.906908988952637,2.0,37.25,36.75,0.1268034726381302,,,,,,,,,,4.501375000000001e-06,1077,2.0
106800,0.8706374168395996,0.8770530819892883,0.0001,20.88482666015625,2.0,39.75,36.25,0.1268034726381302,,,,,,,,,,4.5055e-06,1078,2.0
106900,0.8687247037887573,0.8670209646224976,0.0001,25.135160446166992,1.9921875,40.75,40.25,0.1268034726381302,,,,,,,,,,4.509625000000001e-06,1079,1.9921875
107000,0.8588801622390747,0.8577181696891785,0.0001,12.968798637390137,1.9921875,44.0,43.75,0.1268034726381302,,,,,,,,,,4.513750000000001e-06,1080,1.9921875
107100,0.8574819564819336,0.8589088916778564,0.0001,14.745391845703125,2.0,43.25,41.5,0.1268034726381302,,,,,,,,,,4.517875e-06,1081,2.0
107200,0.856224775314331,0.8565496802330017,0.0001,30.66121482849121,2.0,44.5,43.75,0.1268034726381302,,,,,,,,,,4.522e-06,1082,2.0
107300,0.8784535527229309,0.8762209415435791,0.0001,19.600629806518555,1.984375,37.25,36.75,0.1268034726381302,,,,,,,,,,4.526125000000001e-06,1083,1.984375
107400,0.8654836416244507,0.8668238520622253,0.0001,26.818042755126953,2.0,42.0,40.75,0.1268034726381302,,,,,,,,,,4.53025e-06,1084,2.0
107500,0.855573296546936,0.8663977384567261,0.0001,19.396392822265625,1.9921875,44.25,39.25,0.1268034726381302,,,,,,,,,,4.534375000000001e-06,1085,1.9921875
107600,0.8777580857276917,0.8782642483711243,0.0001,31.125457763671875,2.0,38.75,38.0,0.1268034726381302,,,,,,,,,,4.5385e-06,1086,2.0
107700,0.8533362150192261,0.8524885773658752,0.0001,34.55421829223633,2.0,45.5,44.75,0.1268034726381302,,,,,,,,,,4.542625e-06,1087,2.0
107800,0.8517528772354126,0.8528028130531311,0.0001,17.296823501586914,2.0,44.5,43.75,0.1268034726381302,,,,,,,,,,4.54675e-06,1088,2.0
107900,0.885899543762207,0.8859089016914368,0.0001,23.658788681030273,1.984375,35.5,34.75,0.1268034726381302,,,,,,,,,,4.550875000000001e-06,1089,1.984375
108000,0.8553857803344727,0.8590789437294006,0.0001,13.116971015930176,1.9921875,43.75,41.25,0.1268034726381302,,,,,,,,,,4.5550000000000004e-06,1090,1.9921875
108100,0.8584532737731934,0.8579156398773193,0.0001,18.36140251159668,2.0,43.75,43.0,0.1268034726381302,,,,,,,,,,4.559125e-06,1091,2.0
108200,0.8613284826278687,0.8729588985443115,0.0001,16.546340942382812,1.9921875,42.75,39.0,0.1268034726381302,,,,,,,,,,4.56325e-06,1092,1.9921875
108300,0.8817256689071655,0.8806322813034058,0.0001,23.012239456176758,2.0,37.0,36.0,0.1268034726381302,,,,,,,,,,4.567375e-06,1093,2.0
108400,0.8416106104850769,0.8400131464004517,0.0001,34.880733489990234,2.0,47.5,45.75,0.1268034726381302,,,,,,,,,,4.5715e-06,1094,2.0
108500,0.8666442632675171,0.863679826259613,0.0001,18.215063095092773,2.0,40.75,40.75,0.1268034726381302,,,,,,,,,,4.575625e-06,1095,2.0
108600,0.8488123416900635,0.8506057262420654,0.0001,19.248910903930664,2.0,47.25,46.0,0.1268034726381302,,,,,,,,,,4.5797500000000005e-06,1096,2.0
108700,0.8702725172042847,0.8724625110626221,0.0001,24.0972843170166,1.9921875,40.75,40.0,0.1268034726381302,,,,,,,,,,4.583875e-06,1097,1.9921875
108800,0.8728046417236328,0.8727625608444214,0.0001,23.599393844604492,1.9921875,40.0,39.5,0.1268034726381302,,,,,,,,,,4.588e-06,1098,1.9921875
108900,0.8634190559387207,0.8629917502403259,0.0001,28.6251220703125,2.0,42.0,41.25,0.1268034726381302,,,,,,,,,,4.592125e-06,1099,2.0
109000,0.8897689580917358,0.889428973197937,0.0001,14.560159683227539,1.9921875,34.0,33.5,0.1268034726381302,,,,,,,,,,4.59625e-06,1100,1.9921875
109100,0.6591033339500427,0.8625506162643433,0.0001,19.26435661315918,2.0,136.0,42.0,0.1268034726381302,,,,,,,,,,4.600375e-06,1101,2.0
109200,0.8646019697189331,0.8633838891983032,0.0001,20.0595760345459,2.0,41.75,41.0,0.1268034726381302,,,,,,,,,,4.6045000000000006e-06,1102,2.0
109300,0.8715810179710388,0.8710359334945679,0.0001,20.86639976501465,2.0,39.75,39.0,0.1268034726381302,,,,,,,,,,4.608625e-06,1103,2.0
109400,0.8765244483947754,0.8777094483375549,0.0001,23.22756004333496,1.9921875,40.0,39.0,0.1268034726381302,,,,,,,,,,4.61275e-06,1104,1.9921875
109500,0.8475649356842041,0.8485347032546997,0.0001,21.985946655273438,1.9921875,45.5,44.75,0.1268034726381302,,,,,,,,,,4.616875e-06,1105,1.9921875
109600,0.8232364654541016,0.8279715180397034,0.0001,14.542880058288574,2.0,53.0,50.75,0.1268034726381302,,,,,,,,,,4.621e-06,1106,2.0
109700,0.8531410694122314,0.8578899502754211,0.0001,14.564520835876465,1.9921875,46.0,43.5,0.1268034726381302,,,,,,,,,,4.625125e-06,1107,1.9921875
109800,0.8214061260223389,0.8478668928146362,0.0001,18.142637252807617,1.984375,56.25,47.25,0.1268034726381302,,,,,,,,,,4.629250000000001e-06,1108,1.984375
109900,0.8466548919677734,0.8458023071289062,0.0001,18.567157745361328,2.0,46.75,46.0,0.1268034726381302,,,,,,,,,,4.633375e-06,1109,2.0
109950,,,,,,,,,0.1254594922065735,0.09395177662372589,0.06481804698705673,0.14408081769943237,0.08452265709638596,0.07415349781513214,0.07152769714593887,0.10939367860555649,0.09511475265026093,,1110,
110000,0.8742677569389343,0.878150224685669,0.0001,15.674460411071777,1.9921875,39.0,36.75,0.10939368605613708,,,,,,,,,,4.6375e-06,1111,1.9921875
110100,0.8336412906646729,0.8334032893180847,0.0001,18.252836227416992,2.0,51.75,50.75,0.10939368605613708,,,,,,,,,,4.641625e-06,1112,2.0
110200,0.8666307926177979,0.8677709102630615,0.0001,18.570667266845703,1.9921875,41.5,40.25,0.10939368605613708,,,,,,,,,,4.64575e-06,1113,1.9921875
110300,0.8781434297561646,0.8779128789901733,0.0001,13.801985740661621,2.0,37.75,36.75,0.10939368605613708,,,,,,,,,,4.649875e-06,1114,2.0
110400,0.8713513016700745,0.8824089169502258,0.0001,13.886344909667969,2.0,39.75,36.0,0.10939368605613708,,,,,,,,,,4.654000000000001e-06,1115,2.0
110500,0.8620152473449707,0.8609850406646729,0.0001,23.008516311645508,1.9921875,42.5,42.75,0.10939368605613708,,,,,,,,,,4.658125e-06,1116,1.9921875
110600,0.8554971814155579,0.8576091527938843,0.0001,35.42277145385742,2.0,44.75,43.5,0.10939368605613708,,,,,,,,,,4.66225e-06,1117,2.0
110700,0.8749144673347473,0.8741070628166199,0.0001,12.220236778259277,2.0,40.25,39.75,0.10939368605613708,,,,,,,,,,4.666375e-06,1118,2.0
110800,0.8185333013534546,0.8195676803588867,0.0001,26.27374839782715,2.0,56.0,54.0,0.10939368605613708,,,,,,,,,,4.6705000000000004e-06,1119,2.0
110900,0.8557682633399963,0.8598785996437073,0.0001,19.855722427368164,2.0,44.75,43.0,0.10939368605613708,,,,,,,,,,4.674625e-06,1120,2.0
111000,0.8348922729492188,0.8352886438369751,0.0001,16.537839889526367,2.0,48.75,48.0,0.10939368605613708,,,,,,,,,,4.678750000000001e-06,1121,2.0
111100,0.8696900606155396,0.8702674508094788,0.0001,17.919347763061523,1.9921875,40.0,38.75,0.10939368605613708,,,,,,,,,,4.6828750000000005e-06,1122,1.9921875
111200,0.8787767887115479,0.881066083908081,0.0001,19.111454010009766,1.9921875,37.25,35.75,0.10939368605613708,,,,,,,,,,4.687e-06,1123,1.9921875
111300,0.8545181751251221,0.8527149558067322,0.0001,21.262258529663086,1.9921875,44.75,44.0,0.10939368605613708,,,,,,,,,,4.691125e-06,1124,1.9921875
111400,0.8563345670700073,0.8579148054122925,0.0001,16.94292640686035,2.0,43.25,41.75,0.10939368605613708,,,,,,,,,,4.6952500000000005e-06,1125,2.0
111500,0.8870406150817871,0.8848296403884888,0.0001,13.14752197265625,1.9921875,35.0,34.5,0.10939368605613708,,,,,,,,,,4.699375e-06,1126,1.9921875
111600,0.8591334819793701,0.8603131175041199,0.0001,20.181371688842773,1.9921875,43.75,42.5,0.10939368605613708,,,,,,,,,,4.703500000000001e-06,1127,1.9921875
111700,0.8702322244644165,0.867485761642456,0.0001,19.25288200378418,1.9921875,39.5,38.5,0.10939368605613708,,,,,,,,,,4.7076250000000005e-06,1128,1.9921875
111800,0.8879504799842834,0.8895113468170166,0.0001,9.522575378417969,2.0,35.75,35.0,0.10939368605613708,,,,,,,,,,4.71175e-06,1129,2.0
111900,0.8928318023681641,0.8919199109077454,0.0001,11.6525297164917,1.9921875,33.5,33.0,0.10939368605613708,,,,,,,,,,4.715875e-06,1130,1.9921875
112000,0.8874914646148682,0.8871216773986816,0.0001,11.672686576843262,2.0,35.25,34.75,0.10939368605613708,,,,,,,,,,4.7200000000000005e-06,1131,2.0
112100,0.8916271328926086,0.8946497440338135,0.0001,13.30504035949707,2.0,34.0,31.875,0.10939368605613708,,,,,,,,,,4.724125e-06,1132,2.0
112200,0.8585610389709473,0.8594556450843811,0.0001,12.784708023071289,2.0,44.0,43.25,0.10939368605613708,,,,,,,,,,4.728250000000001e-06,1133,2.0
112300,0.8677511215209961,0.8690668344497681,0.0001,14.697296142578125,1.9921875,41.0,40.25,0.10939368605613708,,,,,,,,,,4.732375000000001e-06,1134,1.9921875
112400,0.8572226762771606,0.865545392036438,0.0001,20.288881301879883,2.0,45.0,41.5,0.10939368605613708,,,,,,,,,,4.7365e-06,1135,2.0
112500,0.872232973575592,0.8699431419372559,0.0001,22.80475425720215,2.0,40.5,40.25,0.10939368605613708,,,,,,,,,,4.740625e-06,1136,2.0
112600,0.8677393198013306,0.8732850551605225,0.0001,24.655195236206055,1.984375,41.0,38.75,0.10939368605613708,,,,,,,,,,4.744750000000001e-06,1137,1.984375
112700,0.8491936326026917,0.8717830777168274,0.0001,15.74576473236084,2.0,46.75,38.0,0.10939368605613708,,,,,,,,,,4.748875e-06,1138,2.0
112800,0.8848342895507812,0.8843079805374146,0.0001,49.305850982666016,1.9921875,35.75,34.5,0.10939368605613708,,,,,,,,,,4.753e-06,1139,1.9921875
112900,0.8636592626571655,0.865466296672821,0.0001,16.80181884765625,2.0,42.25,41.5,0.10939368605613708,,,,,,,,,,4.757125000000001e-06,1140,2.0
113000,0.8679335117340088,0.8782846927642822,0.0001,16.736133575439453,1.9921875,41.5,36.5,0.10939368605613708,,,,,,,,,,4.76125e-06,1141,1.9921875
113100,0.876203715801239,0.8782763481140137,0.0001,15.5525541305542,2.0,38.75,37.75,0.10939368605613708,,,,,,,,,,4.765375e-06,1142,2.0
113200,0.8581806421279907,0.8604508638381958,0.0001,22.230194091796875,2.0,44.0,42.25,0.10939368605613708,,,,,,,,,,4.769500000000001e-06,1143,2.0
113300,0.8681120872497559,0.8668147921562195,0.0001,21.219205856323242,2.0,41.0,40.5,0.10939368605613708,,,,,,,,,,4.773625e-06,1144,2.0
113400,0.8627738952636719,0.861480712890625,0.0001,20.6082763671875,1.9921875,42.5,41.75,0.10939368605613708,,,,,,,,,,4.77775e-06,1145,1.9921875
113500,0.873629629611969,0.8733470439910889,0.0001,23.50580406188965,1.9921875,40.25,39.75,0.10939368605613708,,,,,,,,,,4.781875e-06,1146,1.9921875
113600,0.8576217889785767,0.8574478030204773,0.0001,14.472216606140137,2.0,43.75,42.75,0.10939368605613708,,,,,,,,,,4.7860000000000004e-06,1147,2.0
113700,0.8700186014175415,0.8708124756813049,0.0001,16.92767906188965,2.0,39.75,39.0,0.10939368605613708,,,,,,,,,,4.790125e-06,1148,2.0
113800,0.8492465019226074,0.8534665107727051,0.0001,16.09828758239746,2.0,47.0,44.5,0.10939368605613708,,,,,,,,,,4.794250000000001e-06,1149,2.0
113900,0.8497556447982788,0.8554345369338989,0.0001,21.310317993164062,2.0,45.25,42.75,0.10939368605613708,,,,,,,,,,4.7983750000000005e-06,1150,2.0
114000,0.8356555700302124,0.8792766332626343,0.0001,21.96329689025879,2.0,49.5,36.0,0.10939368605613708,,,,,,,,,,4.8025e-06,1151,2.0
114100,0.8409719467163086,0.8405195474624634,0.0001,26.94563102722168,2.0,49.5,49.25,0.10939368605613708,,,,,,,,,,4.806625e-06,1152,2.0
114200,0.8686538338661194,0.8723586201667786,0.0001,21.172500610351562,1.984375,42.75,41.5,0.10939368605613708,,,,,,,,,,4.8107500000000005e-06,1153,1.984375
114300,0.8755097389221191,0.8829930424690247,0.0001,45.121150970458984,2.0,38.5,35.75,0.10939368605613708,,,,,,,,,,4.814875e-06,1154,2.0
114400,0.8706690073013306,0.8697032928466797,0.0001,28.535497665405273,2.0,42.5,40.75,0.10939368605613708,,,,,,,,,,4.819e-06,1155,2.0
114500,0.8660730123519897,0.8750660419464111,0.0001,21.939382553100586,1.9921875,43.0,39.0,0.10939368605613708,,,,,,,,,,4.8231250000000005e-06,1156,1.9921875
114600,0.8644858002662659,0.8627098798751831,0.0001,25.842920303344727,1.9921875,40.75,40.25,0.10939368605613708,,,,,,,,,,4.82725e-06,1157,1.9921875
114700,0.8727884292602539,0.871449887752533,0.0001,22.16603660583496,2.0,40.5,40.25,0.10939368605613708,,,,,,,,,,4.831375e-06,1158,2.0
114800,0.8733328580856323,0.873995840549469,0.0001,12.580734252929688,2.0,40.0,39.5,0.10939368605613708,,,,,,,,,,4.8355000000000005e-06,1159,2.0
114900,0.8390249013900757,0.8370342254638672,0.0001,41.63070297241211,1.9921875,49.5,48.25,0.10939368605613708,,,,,,,,,,4.839625e-06,1160,1.9921875
115000,0.8953449726104736,0.8963538408279419,0.0001,12.065999031066895,2.0,31.75,30.5,0.10939368605613708,,,,,,,,,,4.84375e-06,1161,2.0
115100,0.8915129899978638,0.8909077048301697,0.0001,18.764881134033203,1.9921875,33.75,33.25,0.10939368605613708,,,,,,,,,,4.8478750000000006e-06,1162,1.9921875
115200,0.859461784362793,0.8583741188049316,0.0001,21.6551513671875,1.9921875,43.25,43.0,0.10939368605613708,,,,,,,,,,4.852e-06,1163,1.9921875
115300,0.8605248928070068,0.8593311309814453,0.0001,21.388254165649414,2.0,43.25,42.5,0.10939368605613708,,,,,,,,,,4.856125e-06,1164,2.0
115400,0.8822896480560303,0.8825359344482422,0.0001,13.200029373168945,1.9921875,37.0,36.0,0.10939368605613708,,,,,,,,,,4.860250000000001e-06,1165,1.9921875
115500,0.8793659210205078,0.8811457753181458,0.0001,18.38899803161621,2.0,37.0,36.5,0.10939368605613708,,,,,,,,,,4.864375e-06,1166,2.0
115600,0.8817348480224609,0.8921390771865845,0.0001,15.509245872497559,1.9921875,36.75,32.75,0.10939368605613708,,,,,,,,,,4.8685e-06,1167,1.9921875
115700,0.8659044504165649,0.8620154857635498,0.0001,23.15288543701172,1.9921875,41.5,40.5,0.10939368605613708,,,,,,,,,,4.872625000000001e-06,1168,1.9921875
115800,0.874636709690094,0.8735089302062988,0.0001,23.32526206970215,1.984375,39.25,38.5,0.10939368605613708,,,,,,,,,,4.87675e-06,1169,1.984375
115900,0.8769017457962036,0.8777170181274414,0.0001,16.93137550354004,2.0,39.0,38.25,0.10939368605613708,,,,,,,,,,4.880875e-06,1170,2.0
116000,0.8308506608009338,0.8751897811889648,0.0001,20.432180404663086,1.984375,53.5,38.25,0.10939368605613708,,,,,,,,,,4.885000000000001e-06,1171,1.984375
116100,0.8705761432647705,0.872728168964386,0.0001,46.72211837768555,1.9921875,40.25,38.5,0.10939368605613708,,,,,,,,,,4.889125e-06,1172,1.9921875
116200,0.850104808807373,0.8489300012588501,0.0001,16.16131591796875,2.0,47.0,46.25,0.10939368605613708,,,,,,,,,,4.89325e-06,1173,2.0
116300,0.8553631901741028,0.8537788391113281,0.0001,22.681926727294922,2.0,44.0,43.75,0.10939368605613708,,,,,,,,,,4.897375000000001e-06,1174,2.0
116400,0.8866701126098633,0.8861321210861206,0.0001,10.89177131652832,2.0,36.0,35.25,0.10939368605613708,,,,,,,,,,4.9015e-06,1175,2.0
116500,0.8875912427902222,0.8851689100265503,0.0001,22.55302619934082,2.0,34.75,34.25,0.10939368605613708,,,,,,,,,,4.905625e-06,1176,2.0
116600,0.8822088241577148,0.8818323016166687,0.0001,13.899850845336914,1.9921875,35.0,35.0,0.10939368605613708,,,,,,,,,,4.909750000000001e-06,1177,1.9921875
116700,0.8786959052085876,0.8806003332138062,0.0001,16.69197654724121,1.9921875,37.5,36.0,0.10939368605613708,,,,,,,,,,4.9138750000000005e-06,1178,1.9921875
116800,0.8758277297019958,0.8763294219970703,0.0001,20.114477157592773,2.0,37.75,36.5,0.10939368605613708,,,,,,,,,,4.918e-06,1179,2.0
116900,0.8891603350639343,0.8887866139411926,0.0001,9.71347427368164,1.9921875,34.5,33.75,0.10939368605613708,,,,,,,,,,4.922125000000001e-06,1180,1.9921875
117000,0.8620113134384155,0.8644391894340515,0.0001,17.704620361328125,2.0,43.25,41.25,0.10939368605613708,,,,,,,,,,4.9262500000000005e-06,1181,2.0
117100,0.8480671644210815,0.8735641241073608,0.0001,20.844099044799805,2.0,46.0,38.25,0.10939368605613708,,,,,,,,,,4.930375e-06,1182,2.0
117200,0.8657114505767822,0.866169810295105,0.0001,19.647253036499023,2.0,42.5,41.75,0.10939368605613708,,,,,,,,,,4.934500000000001e-06,1183,2.0
117300,0.8601403832435608,0.8629618883132935,0.0001,24.815872192382812,1.9921875,43.25,42.5,0.10939368605613708,,,,,,,,,,4.9386250000000005e-06,1184,1.9921875
117400,0.8964816331863403,0.896479606628418,0.0001,22.171886444091797,1.9921875,33.0,32.0,0.10939368605613708,,,,,,,,,,4.94275e-06,1185,1.9921875
117500,0.8929859399795532,0.8932058811187744,0.0001,17.57881736755371,2.0,34.25,34.0,0.10939368605613708,,,,,,,,,,4.946875000000001e-06,1186,2.0
117600,0.9000670909881592,0.8984427452087402,0.0001,17.34268569946289,1.984375,31.5,31.25,0.10939368605613708,,,,,,,,,,4.9510000000000005e-06,1187,1.984375
117700,0.8751808404922485,0.874965250492096,0.0001,22.50518035888672,2.0,39.75,39.5,0.10939368605613708,,,,,,,,,,4.955125e-06,1188,2.0
117800,0.8706406354904175,0.8694303631782532,0.0001,12.36000919342041,2.0,39.5,39.0,0.10939368605613708,,,,,,,,,,4.959250000000001e-06,1189,2.0
117900,0.8495206832885742,0.8504024744033813,0.0001,18.28120994567871,2.0,47.75,47.25,0.10939368605613708,,,,,,,,,,4.9633750000000006e-06,1190,2.0
118000,0.8893570899963379,0.8908575773239136,0.0001,20.498428344726562,1.9921875,33.5,33.25,0.10939368605613708,,,,,,,,,,4.9675e-06,1191,1.9921875
118100,0.8721506595611572,0.8724876046180725,0.0001,57.19375228881836,1.9921875,39.5,38.75,0.10939368605613708,,,,,,,,,,4.971625000000001e-06,1192,1.9921875
118200,0.8531650900840759,0.8538150787353516,0.0001,17.819156646728516,2.0,46.25,45.5,0.10939368605613708,,,,,,,,,,4.975750000000001e-06,1193,2.0
118300,0.8713040947914124,0.8715285062789917,0.0001,15.023605346679688,1.9921875,40.0,39.5,0.10939368605613708,,,,,,,,,,4.979875e-06,1194,1.9921875
118400,0.8742965459823608,0.8730262517929077,0.0001,19.337690353393555,2.0,39.25,38.25,0.10939368605613708,,,,,,,,,,4.984000000000001e-06,1195,2.0
118500,0.8701199889183044,0.8719809055328369,0.0001,16.069564819335938,2.0,40.5,39.75,0.10939368605613708,,,,,,,,,,4.988125000000001e-06,1196,2.0
118600,0.8608328700065613,0.8621070384979248,0.0001,18.82206153869629,2.0,42.25,41.0,0.10939368605613708,,,,,,,,,,4.99225e-06,1197,2.0
118700,0.8471056222915649,0.8457013964653015,0.0001,21.397802352905273,2.0,45.5,45.0,0.10939368605613708,,,,,,,,,,4.996375000000001e-06,1198,2.0
118800,0.8938999176025391,0.8943049907684326,0.0001,14.384696960449219,2.0,33.5,32.25,0.10939368605613708,,,,,,,,,,5.000500000000001e-06,1199,2.0
118900,0.8819987773895264,0.8817100524902344,0.0001,15.795355796813965,2.0,36.25,35.5,0.10939368605613708,,,,,,,,,,5.004625e-06,1200,2.0
119000,0.5143755674362183,0.8707050681114197,0.0001,20.02398109436035,2.0,253.0,37.25,0.10939368605613708,,,,,,,,,,5.00875e-06,1201,2.0
119100,0.866439163684845,0.86475670337677,0.0001,18.668479919433594,2.0,42.0,42.0,0.10939368605613708,,,,,,,,,,5.012875000000001e-06,1202,2.0
119200,0.8702629208564758,0.8688039779663086,0.0001,14.456629753112793,2.0,39.5,39.5,0.10939368605613708,,,,,,,,,,5.0169999999999996e-06,1203,2.0
119300,0.8694577217102051,0.867676317691803,0.0001,19.53346061706543,2.0,39.75,38.75,0.10939368605613708,,,,,,,,,,5.021125e-06,1204,2.0
119400,0.8795998096466064,0.8781734704971313,0.0001,19.712263107299805,2.0,38.0,37.5,0.10939368605613708,,,,,,,,,,5.025250000000001e-06,1205,2.0
119500,0.8481155633926392,0.8461902141571045,0.0001,20.399763107299805,2.0,46.0,46.25,0.10939368605613708,,,,,,,,,,5.0293750000000004e-06,1206,2.0
119600,0.8726637363433838,0.8728756904602051,0.0001,20.281972885131836,1.9921875,39.75,39.25,0.10939368605613708,,,,,,,,,,5.0335e-06,1207,1.9921875
119700,0.8676034212112427,0.8687363862991333,0.0001,19.049484252929688,2.0,40.75,40.0,0.10939368605613708,,,,,,,,,,5.037625000000001e-06,1208,2.0
119800,0.8795886039733887,0.8789761066436768,0.0001,21.352153778076172,1.9921875,37.25,36.25,0.10939368605613708,,,,,,,,,,5.04175e-06,1209,1.9921875
119900,0.872773289680481,0.8711637854576111,0.0001,18.416868209838867,1.9921875,40.0,39.75,0.10939368605613708,,,,,,,,,,5.045875e-06,1210,1.9921875
119950,,,,,,,,,0.14362548291683197,0.08902143687009811,0.052113428711891174,0.1401468962430954,0.08010117709636688,0.06046450138092041,0.059055719524621964,0.1094990223646164,0.10867900401353836,,1211,
120000,0.8895447254180908,0.8911986351013184,0.0001,26.4484806060791,2.0,34.75,33.5,0.10949902981519699,,,,,,,,,,5.050000000000001e-06,1212,2.0
120100,0.8554101586341858,0.8573929071426392,0.0001,13.943804740905762,2.0,44.5,43.5,0.10949902981519699,,,,,,,,,,5.054125e-06,1213,2.0
120200,0.8858829736709595,0.8871212601661682,0.0001,11.280863761901855,1.9921875,35.75,35.0,0.10949902981519699,,,,,,,,,,5.05825e-06,1214,1.9921875
120300,0.8672184348106384,0.8688313364982605,0.0001,20.972501754760742,1.9921875,41.5,40.25,0.10949902981519699,,,,,,,,,,5.062374999999999e-06,1215,1.9921875
120400,0.8688424229621887,0.8714925050735474,0.0001,17.993305206298828,2.0,40.0,38.25,0.10949902981519699,,,,,,,,,,5.0665000000000005e-06,1216,2.0
120500,0.8934327960014343,0.897459864616394,0.0001,11.681441307067871,1.9921875,33.25,32.25,0.10949902981519699,,,,,,,,,,5.070625e-06,1217,1.9921875
120600,0.871662437915802,0.8705464601516724,0.0001,18.341798782348633,2.0,40.25,40.0,0.10949902981519699,,,,,,,,,,5.074749999999999e-06,1218,2.0
120700,0.8638112545013428,0.8748471736907959,0.0001,31.595245361328125,2.0,42.75,38.25,0.10949902981519699,,,,,,,,,,5.078875e-06,1219,2.0
120800,0.854692816734314,0.8546154499053955,0.0001,31.55362319946289,2.0,44.5,44.5,0.10949902981519699,,,,,,,,,,5.083e-06,1220,2.0
120900,0.8675450682640076,0.8685039281845093,0.0001,14.4078950881958,2.0,39.5,38.25,0.10949902981519699,,,,,,,,,,5.087125000000001e-06,1221,2.0
121000,0.8674162030220032,0.8719027042388916,0.0001,18.811105728149414,1.984375,41.75,40.25,0.10949902981519699,,,,,,,,,,5.09125e-06,1222,1.984375
121100,0.8462304472923279,0.8505781888961792,0.0001,18.003040313720703,1.9921875,47.25,45.0,0.10949902981519699,,,,,,,,,,5.095375e-06,1223,1.9921875
121200,0.7467578649520874,0.8774800300598145,0.0001,19.328201293945312,2.0,87.5,35.75,0.10949902981519699,,,,,,,,,,5.099500000000001e-06,1224,2.0
121300,0.8597002625465393,0.8633629083633423,0.0001,18.772357940673828,2.0,43.75,42.0,0.10949902981519699,,,,,,,,,,5.103625e-06,1225,2.0
121400,0.879804253578186,0.8812438249588013,0.0001,46.25198745727539,1.9921875,37.0,36.0,0.10949902981519699,,,,,,,,,,5.10775e-06,1226,1.9921875
121500,0.856287956237793,0.8573591113090515,0.0001,30.816116333007812,2.0,45.75,45.25,0.10949902981519699,,,,,,,,,,5.111875000000001e-06,1227,2.0
121600,0.8754743337631226,0.8748019933700562,0.0001,14.4713716506958,2.0,39.25,39.0,0.10949902981519699,,,,,,,,,,5.116000000000001e-06,1228,2.0
121700,0.8831348419189453,0.8816224932670593,0.0001,18.8875732421875,2.0,36.75,36.0,0.10949902981519699,,,,,,,,,,5.120125e-06,1229,2.0
121800,0.8704206347465515,0.8720958828926086,0.0001,17.37711524963379,2.0,40.5,39.75,0.10949902981519699,,,,,,,,,,5.124249999999999e-06,1230,2.0
121900,0.8580005764961243,0.8797987699508667,0.0001,11.619532585144043,1.9921875,44.75,38.5,0.10949902981519699,,,,,,,,,,5.128375000000001e-06,1231,1.9921875
122000,0.8508104681968689,0.8515510559082031,0.0001,22.525588989257812,2.0,45.5,44.5,0.10949902981519699,,,,,,,,,,5.1325e-06,1232,2.0
122100,0.8506726026535034,0.8498653173446655,0.0001,19.035511016845703,1.9921875,47.0,46.75,0.10949902981519699,,,,,,,,,,5.136625000000001e-06,1233,1.9921875
122200,0.8747369647026062,0.874329686164856,0.0001,19.5981502532959,2.0,39.5,38.75,0.10949902981519699,,,,,,,,,,5.14075e-06,1234,2.0
122300,0.8417638540267944,0.8415157198905945,0.0001,25.170576095581055,2.0,48.75,48.5,0.10949902981519699,,,,,,,,,,5.144875000000001e-06,1235,2.0
122400,0.8723478317260742,0.874838650226593,0.0001,28.66033363342285,1.9921875,39.0,37.5,0.10949902981519699,,,,,,,,,,5.149000000000001e-06,1236,1.9921875
122500,0.8856214284896851,0.8871332406997681,0.0001,15.306666374206543,2.0,34.75,33.75,0.10949902981519699,,,,,,,,,,5.153125e-06,1237,2.0
122600,0.8813558220863342,0.886942446231842,0.0001,12.966958999633789,2.0,35.5,33.0,0.10949902981519699,,,,,,,,,,5.1572500000000005e-06,1238,2.0
122700,0.862229585647583,0.8728080987930298,0.0001,20.070575714111328,2.0,41.75,38.0,0.10949902981519699,,,,,,,,,,5.161375000000001e-06,1239,2.0
122800,0.8085200786590576,0.8770768046379089,0.0001,15.667245864868164,1.9921875,61.5,38.5,0.10949902981519699,,,,,,,,,,5.165500000000001e-06,1240,1.9921875
122900,0.8613075017929077,0.8612568378448486,0.0001,18.65719223022461,2.0,43.0,42.5,0.10949902981519699,,,,,,,,,,5.1696250000000005e-06,1241,2.0
123000,0.8420602083206177,0.858557939529419,0.0001,20.178848266601562,1.9921875,48.0,41.5,0.10949902981519699,,,,,,,,,,5.173749999999999e-06,1242,1.9921875
123100,0.8628486394882202,0.8659418225288391,0.0001,15.392596244812012,2.0,41.5,39.5,0.10949902981519699,,,,,,,,,,5.177875000000001e-06,1243,2.0
123200,0.8842475414276123,0.8837295174598694,0.0001,15.500266075134277,2.0,35.25,35.0,0.10949902981519699,,,,,,,,,,5.1820000000000005e-06,1244,2.0
123300,0.8733014464378357,0.8724880218505859,0.0001,16.55401039123535,2.0,38.25,37.0,0.10949902981519699,,,,,,,,,,5.186125000000001e-06,1245,2.0
123400,0.858985960483551,0.8837200403213501,0.0001,13.413329124450684,2.0,43.75,35.25,0.10949902981519699,,,,,,,,,,5.19025e-06,1246,2.0
123500,0.8756635189056396,0.8771322965621948,0.0001,23.53091812133789,2.0,38.0,37.0,0.10949902981519699,,,,,,,,,,5.1943750000000006e-06,1247,2.0
123600,0.8561831712722778,0.856680154800415,0.0001,24.247900009155273,2.0,44.5,44.25,0.10949902981519699,,,,,,,,,,5.198500000000001e-06,1248,2.0
123700,0.860249936580658,0.8605726361274719,0.0001,21.150711059570312,2.0,43.5,42.5,0.10949902981519699,,,,,,,,,,5.202625e-06,1249,2.0
123800,0.881261944770813,0.8817870020866394,0.0001,11.488983154296875,2.0,37.0,35.25,0.10949902981519699,,,,,,,,,,5.206750000000001e-06,1250,2.0
123900,0.864155650138855,0.8729393482208252,0.0001,14.182998657226562,2.0,42.0,38.25,0.10949902981519699,,,,,,,,,,5.210875000000001e-06,1251,2.0
124000,0.8592821955680847,0.8590450882911682,0.0001,21.06897735595703,2.0,44.5,43.75,0.10949902981519699,,,,,,,,,,5.215000000000001e-06,1252,2.0
124100,0.8605454564094543,0.8613388538360596,0.0001,37.85917282104492,2.0,43.25,42.0,0.10949902981519699,,,,,,,,,,5.219125000000001e-06,1253,2.0
124200,0.8706710338592529,0.872460663318634,0.0001,21.190229415893555,2.0,39.75,39.0,0.10949902981519699,,,,,,,,,,5.2232499999999995e-06,1254,2.0
124300,0.8902526497840881,0.8887083530426025,0.0001,18.57650375366211,1.9921875,34.5,34.5,0.10949902981519699,,,,,,,,,,5.227375000000001e-06,1255,1.9921875
124400,0.8788161873817444,0.8796834945678711,0.0001,12.700194358825684,2.0,37.25,37.25,0.10949902981519699,,,,,,,,,,5.231500000000001e-06,1256,2.0
124500,0.857884407043457,0.8579440712928772,0.0001,22.11472511291504,2.0,43.0,42.25,0.10949902981519699,,,,,,,,,,5.235625000000001e-06,1257,2.0
124600,0.8722756505012512,0.8723450899124146,0.0001,18.383716583251953,2.0,39.75,39.25,0.10949902981519699,,,,,,,,,,5.23975e-06,1258,2.0
124700,0.8614048957824707,0.8596760034561157,0.0001,31.31597900390625,2.0,43.25,43.25,0.10949902981519699,,,,,,,,,,5.243875000000001e-06,1259,2.0
124800,0.8848397731781006,0.8841060400009155,0.0001,16.880725860595703,1.9921875,35.5,35.0,0.10949902981519699,,,,,,,,,,5.248000000000001e-06,1260,1.9921875
124900,0.8687094449996948,0.8692811131477356,0.0001,19.07843017578125,2.0,40.5,39.75,0.10949902981519699,,,,,,,,,,5.252125e-06,1261,2.0
125000,0.8551533222198486,0.8553248643875122,0.0001,21.408475875854492,1.9921875,44.0,43.5,0.10949902981519699,,,,,,,,,,5.256250000000001e-06,1262,1.9921875
125100,0.8619934320449829,0.8596178293228149,0.0001,22.58197593688965,2.0,42.25,41.25,0.10949902981519699,,,,,,,,,,5.260375000000001e-06,1263,2.0
125200,0.8824992179870605,0.8793662786483765,0.0001,21.530038833618164,2.0,36.25,35.75,0.10949902981519699,,,,,,,,,,5.2645e-06,1264,2.0
125300,0.7129498720169067,0.8718717694282532,0.0001,17.854764938354492,2.0,104.5,38.5,0.10949902981519699,,,,,,,,,,5.268625000000001e-06,1265,2.0
125400,0.8677963018417358,0.8667857646942139,0.0001,23.34031867980957,1.9921875,40.25,39.75,0.10949902981519699,,,,,,,,,,5.27275e-06,1266,1.9921875
125500,0.8755334615707397,0.8762034773826599,0.0001,22.32969093322754,1.984375,38.0,37.25,0.10949902981519699,,,,,,,,,,5.276875000000001e-06,1267,1.984375
125600,0.8852126598358154,0.888569712638855,0.0001,13.294885635375977,1.984375,36.0,34.25,0.10949902981519699,,,,,,,,,,5.281000000000001e-06,1268,1.984375
125700,0.8879085183143616,0.8916149139404297,0.0001,19.668264389038086,2.0,35.25,33.25,0.10949902981519699,,,,,,,,,,5.285125000000001e-06,1269,2.0
125800,0.845167875289917,0.8790315389633179,0.0001,20.029651641845703,1.9921875,48.75,37.0,0.10949902981519699,,,,,,,,,,5.28925e-06,1270,1.9921875
125900,0.8069957494735718,0.8704293966293335,0.0001,16.899229049682617,2.0,60.5,38.5,0.10949902981519699,,,,,,,,,,5.293375000000001e-06,1271,2.0
126000,0.8686829805374146,0.8844311237335205,0.0001,31.90732192993164,1.9921875,41.0,35.25,0.10949902981519699,,,,,,,,,,5.297500000000001e-06,1272,1.9921875
126100,0.851076602935791,0.8557731509208679,0.0001,22.751981735229492,2.0,45.25,42.25,0.10949902981519699,,,,,,,,,,5.301625e-06,1273,2.0
126200,0.8526873588562012,0.852169930934906,0.0001,20.800167083740234,1.9921875,45.25,44.0,0.10949902981519699,,,,,,,,,,5.305750000000001e-06,1274,1.9921875
126300,0.8661203384399414,0.8687362670898438,0.0001,18.563871383666992,2.0,41.5,40.75,0.10949902981519699,,,,,,,,,,5.309875e-06,1275,2.0
126400,0.6401805877685547,0.8393245935440063,0.0001,31.7513484954834,1.9921875,137.0,47.75,0.10949902981519699,,,,,,,,,,5.314e-06,1276,1.9921875
126500,0.8743290901184082,0.8741769790649414,0.0001,39.62997817993164,1.9921875,39.25,38.25,0.10949902981519699,,,,,,,,,,5.318125000000001e-06,1277,1.9921875
126600,0.8511587381362915,0.8484705686569214,0.0001,23.586679458618164,2.0,45.25,45.25,0.10949902981519699,,,,,,,,,,5.32225e-06,1278,2.0
126700,0.881068229675293,0.8794560432434082,0.0001,19.546171188354492,2.0,37.0,36.25,0.10949902981519699,,,,,,,,,,5.326375e-06,1279,2.0
126800,0.86558598279953,0.8655592203140259,0.0001,24.871252059936523,1.9921875,41.5,40.75,0.10949902981519699,,,,,,,,,,5.330500000000001e-06,1280,1.9921875
126900,0.8422768115997314,0.8645843267440796,0.0001,27.9786376953125,1.9921875,49.0,41.0,0.10949902981519699,,,,,,,,,,5.3346250000000015e-06,1281,1.9921875
127000,0.8645396828651428,0.8670699596405029,0.0001,19.57210350036621,1.9921875,42.0,40.5,0.10949902981519699,,,,,,,,,,5.33875e-06,1282,1.9921875
127100,0.8761609792709351,0.877917468547821,0.0001,16.456830978393555,2.0,38.5,38.0,0.10949902981519699,,,,,,,,,,5.342874999999999e-06,1283,2.0
127200,0.8690622448921204,0.870175302028656,0.0001,28.957914352416992,2.0,40.25,39.0,0.10949902981519699,,,,,,,,,,5.3470000000000015e-06,1284,2.0
127300,0.8722220659255981,0.870715856552124,0.0001,21.11663818359375,2.0,39.75,39.25,0.10949902981519699,,,,,,,,,,5.351125e-06,1285,2.0
127400,0.8630046844482422,0.8628849983215332,0.0001,19.82703971862793,2.0,42.25,41.5,0.10949902981519699,,,,,,,,,,5.355250000000001e-06,1286,2.0
127500,0.8880570530891418,0.8871239423751831,0.0001,18.44911003112793,1.9921875,35.25,35.0,0.10949902981519699,,,,,,,,,,5.359375e-06,1287,1.9921875
127600,0.8735775947570801,0.8735384941101074,0.0001,14.633089065551758,2.0,39.75,39.25,0.10949902981519699,,,,,,,,,,5.3635e-06,1288,2.0
127700,0.881687343120575,0.8809471130371094,0.0001,32.249881744384766,2.0,38.25,37.75,0.10949902981519699,,,,,,,,,,5.367625000000001e-06,1289,2.0
127800,0.8676981925964355,0.8678761124610901,0.0001,13.160323143005371,2.0,40.5,39.75,0.10949902981519699,,,,,,,,,,5.37175e-06,1290,2.0
127900,0.8710741400718689,0.8737542629241943,0.0001,20.070165634155273,2.0,40.25,37.75,0.10949902981519699,,,,,,,,,,5.3758750000000004e-06,1291,2.0
128000,0.8742294907569885,0.8771896958351135,0.0001,21.109289169311523,2.0,39.0,37.0,0.10949902981519699,,,,,,,,,,5.380000000000001e-06,1292,2.0
128100,0.8783318400382996,0.8835943341255188,0.0001,14.386362075805664,2.0,38.5,35.0,0.10949902981519699,,,,,,,,,,5.384125e-06,1293,2.0
128200,0.857191801071167,0.8664294481277466,0.0001,23.489154815673828,2.0,45.5,41.75,0.10949902981519699,,,,,,,,,,5.3882500000000005e-06,1294,2.0
128300,0.8817419409751892,0.8807079792022705,0.0001,16.708871841430664,1.9921875,36.5,35.75,0.10949902981519699,,,,,,,,,,5.392374999999999e-06,1295,1.9921875
128400,0.8805701732635498,0.8785910606384277,0.0001,19.425861358642578,2.0,38.0,37.25,0.10949902981519699,,,,,,,,,,5.396500000000001e-06,1296,2.0
128500,0.8743966817855835,0.87785804271698,0.0001,13.491189956665039,1.9921875,39.25,37.75,0.10949902981519699,,,,,,,,,,5.4006250000000005e-06,1297,1.9921875
128600,0.8533583879470825,0.8536678552627563,0.0001,27.337158203125,2.0,44.5,44.25,0.10949902981519699,,,,,,,,,,5.404750000000001e-06,1298,2.0
128700,0.868036150932312,0.8703457117080688,0.0001,57.73395919799805,2.0,39.75,38.75,0.10949902981519699,,,,,,,,,,5.408875e-06,1299,2.0
128800,0.852999210357666,0.8564399480819702,0.0001,15.09099006652832,2.0,43.5,42.0,0.10949902981519699,,,,,,,,,,5.4130000000000005e-06,1300,2.0
128900,0.8635574579238892,0.8649810552597046,0.0001,21.95533561706543,1.9921875,41.5,40.25,0.10949902981519699,,,,,,,,,,5.417125000000001e-06,1301,1.9921875
129000,0.8747832179069519,0.8729047179222107,0.0001,13.01013469696045,2.0,38.75,38.75,0.10949902981519699,,,,,,,,,,5.42125e-06,1302,2.0
129100,0.8826721906661987,0.8815253376960754,0.0001,27.9807071685791,2.0,36.75,36.0,0.10949902981519699,,,,,,,,,,5.4253750000000006e-06,1303,2.0
129200,0.8672161102294922,0.8664324283599854,0.0001,18.704730987548828,2.0,42.75,42.25,0.10949902981519699,,,,,,,,,,5.429500000000001e-06,1304,2.0
129300,0.8557178974151611,0.8751779794692993,0.0001,13.47770881652832,2.0,44.25,37.5,0.10949902981519699,,,,,,,,,,5.433625e-06,1305,2.0
129400,0.863905131816864,0.864911675453186,0.0001,20.95023536682129,1.9921875,42.0,41.0,0.10949902981519699,,,,,,,,,,5.437750000000001e-06,1306,1.9921875
129500,0.8832241296768188,0.8849507570266724,0.0001,17.06028175354004,1.9921875,36.0,34.0,0.10949902981519699,,,,,,,,,,5.4418749999999995e-06,1307,1.9921875
129600,0.8680285215377808,0.8686639666557312,0.0001,46.288795471191406,2.0,41.5,40.5,0.10949902981519699,,,,,,,,,,5.446000000000001e-06,1308,2.0
129700,0.8393468856811523,0.8436959981918335,0.0001,42.054447174072266,2.0,50.75,48.25,0.10949902981519699,,,,,,,,,,5.450125000000001e-06,1309,2.0
129800,0.857385516166687,0.8580193519592285,0.0001,16.892301559448242,2.0,43.75,42.5,0.10949902981519699,,,,,,,,,,5.454250000000001e-06,1310,2.0
129900,0.8787158131599426,0.8795183300971985,0.0001,20.553186416625977,2.0,37.75,37.0,0.10949902981519699,,,,,,,,,,5.458375e-06,1311,2.0
129950,,,,,,,,,0.1384173035621643,0.09538570046424866,0.03800841048359871,0.1686968058347702,0.08283144980669022,0.07811734080314636,0.06773074716329575,0.11479178816080093,0.12495561689138412,,1312,
130000,0.8647828102111816,0.865607738494873,0.0001,14.25201416015625,2.0,40.75,39.25,0.11479178071022034,,,,,,,,,,5.462500000000001e-06,1313,2.0
130100,0.864619791507721,0.8638606071472168,0.0001,30.259790420532227,1.9921875,40.75,40.0,0.11479178071022034,,,,,,,,,,5.466625000000001e-06,1314,1.9921875
130200,0.8705358505249023,0.8688132762908936,0.0001,11.641242980957031,1.9921875,40.75,40.25,0.11479178071022034,,,,,,,,,,5.47075e-06,1315,1.9921875
130300,0.8635833859443665,0.8610302209854126,0.0001,14.26257610321045,2.0,42.5,41.75,0.11479178071022034,,,,,,,,,,5.474875000000001e-06,1316,2.0
130400,0.8467502593994141,0.8774257898330688,0.0001,16.42411231994629,1.9921875,46.75,37.25,0.11479178071022034,,,,,,,,,,5.479000000000001e-06,1317,1.9921875
130500,0.8904387950897217,0.8891360759735107,0.0001,15.439386367797852,2.0,34.0,33.75,0.11479178071022034,,,,,,,,,,5.483125e-06,1318,2.0
130600,0.8416039347648621,0.8424627780914307,0.0001,23.77480125427246,1.9921875,48.25,48.0,0.11479178071022034,,,,,,,,,,5.487250000000001e-06,1319,1.9921875
130700,0.8570502996444702,0.8576621413230896,0.0001,24.872854232788086,2.0,45.0,44.5,0.11479178071022034,,,,,,,,,,5.491375e-06,1320,2.0
130800,0.8575079441070557,0.8584461808204651,0.0001,16.031604766845703,2.0,42.25,41.75,0.11479178071022034,,,,,,,,,,5.495500000000001e-06,1321,2.0
130900,0.8877266645431519,0.8859466314315796,0.0001,21.348241806030273,2.0,35.0,34.0,0.11479178071022034,,,,,,,,,,5.499625000000001e-06,1322,2.0
131000,0.8575558066368103,0.8563733100891113,0.0001,19.975528717041016,2.0,43.25,42.75,0.11479178071022034,,,,,,,,,,5.50375e-06,1323,2.0
131100,0.8947064876556396,0.8941352367401123,0.0001,13.498779296875,2.0,33.25,32.25,0.11479178071022034,,,,,,,,,,5.507875e-06,1324,2.0
131200,0.848878026008606,0.849325954914093,0.0001,20.608020782470703,1.9921875,45.75,45.5,0.11479178071022034,,,,,,,,,,5.512000000000001e-06,1325,1.9921875
131300,0.8726078271865845,0.8724709153175354,0.0001,19.84578514099121,1.9921875,40.0,39.25,0.11479178071022034,,,,,,,,,,5.516125000000001e-06,1326,1.9921875
131400,0.8466899991035461,0.8664104342460632,0.0001,16.58399772644043,1.9921875,48.0,41.0,0.11479178071022034,,,,,,,,,,5.52025e-06,1327,1.9921875
131500,0.8657541275024414,0.8654868602752686,0.0001,34.444557189941406,2.0,41.5,41.25,0.11479178071022034,,,,,,,,,,5.524375000000001e-06,1328,2.0
131600,0.8428537845611572,0.8441219329833984,0.0001,30.265766143798828,2.0,49.0,47.5,0.11479178071022034,,,,,,,,,,5.528500000000001e-06,1329,2.0
131700,0.8960509300231934,0.8949999809265137,0.0001,13.723677635192871,1.9921875,32.5,32.0,0.11479178071022034,,,,,,,,,,5.532625e-06,1330,1.9921875
131800,0.8505393862724304,0.8641762733459473,0.0001,16.13591766357422,2.0,47.0,42.75,0.11479178071022034,,,,,,,,,,5.536750000000001e-06,1331,2.0
131900,0.8905814290046692,0.8912074565887451,0.0001,15.628718376159668,1.9921875,34.75,33.75,0.11479178071022034,,,,,,,,,,5.540875e-06,1332,1.9921875
132000,0.8157373666763306,0.8534687757492065,0.0001,17.75238037109375,2.0,55.25,43.75,0.11479178071022034,,,,,,,,,,5.545e-06,1333,2.0
132100,0.880359947681427,0.884760856628418,0.0001,22.1859073638916,2.0,37.25,36.0,0.11479178071022034,,,,,,,,,,5.549125000000001e-06,1334,2.0
132200,0.8897302746772766,0.8889542818069458,0.0001,13.328387260437012,1.9921875,34.75,34.0,0.11479178071022034,,,,,,,,,,5.55325e-06,1335,1.9921875
132300,0.8754324913024902,0.8746567368507385,0.0001,11.435945510864258,2.0,38.25,37.25,0.11479178071022034,,,,,,,,,,5.557375e-06,1336,2.0
132400,0.6962080001831055,0.8730249404907227,0.0001,15.0035400390625,1.9921875,116.5,37.75,0.11479178071022034,,,,,,,,,,5.5615e-06,1337,1.9921875
132500,0.8570023775100708,0.8659465312957764,0.0001,19.46683120727539,2.0,44.0,40.75,0.11479178071022034,,,,,,,,,,5.5656250000000015e-06,1338,2.0
132600,0.8945522308349609,0.8954225778579712,0.0001,12.442482948303223,2.0,33.5,33.25,0.11479178071022034,,,,,,,,,,5.56975e-06,1339,2.0
132700,0.8124963641166687,0.8701155185699463,0.0001,21.452856063842773,1.9921875,57.5,38.0,0.11479178071022034,,,,,,,,,,5.573875e-06,1340,1.9921875
132800,0.8950784206390381,0.8929876685142517,0.0001,27.583709716796875,1.9921875,33.0,32.25,0.11479178071022034,,,,,,,,,,5.578e-06,1341,1.9921875
132900,0.876783549785614,0.8767898082733154,0.0001,19.699365615844727,2.0,38.5,37.5,0.11479178071022034,,,,,,,,,,5.582125e-06,1342,2.0
133000,0.8751884698867798,0.8764374256134033,0.0001,15.116775512695312,2.0,38.5,37.0,0.11479178071022034,,,,,,,,,,5.586250000000001e-06,1343,2.0
133100,0.8942080736160278,0.8938295841217041,0.0001,20.807754516601562,2.0,33.75,33.5,0.11479178071022034,,,,,,,,,,5.590375e-06,1344,2.0
133200,0.8759703636169434,0.87937331199646,0.0001,20.42457389831543,1.9921875,38.0,36.0,0.11479178071022034,,,,,,,,,,5.5945e-06,1345,1.9921875
133300,0.874752938747406,0.8804324269294739,0.0001,19.983678817749023,1.984375,38.75,36.25,0.11479178071022034,,,,,,,,,,5.598625000000001e-06,1346,1.984375
133400,0.8745253682136536,0.8729385137557983,0.0001,18.84650993347168,2.0,38.0,37.5,0.11479178071022034,,,,,,,,,,5.60275e-06,1347,2.0
133500,0.8673930168151855,0.8694760799407959,0.0001,31.245532989501953,2.0,40.25,39.0,0.11479178071022034,,,,,,,,,,5.606875e-06,1348,2.0
133600,0.8801541924476624,0.8819694519042969,0.0001,12.714983940124512,2.0,37.5,37.0,0.11479178071022034,,,,,,,,,,5.611e-06,1349,2.0
133700,0.8895854949951172,0.8906159400939941,0.0001,11.292057991027832,1.9921875,34.25,33.25,0.11479178071022034,,,,,,,,,,5.6151250000000016e-06,1350,1.9921875
133800,0.8639256954193115,0.8633068799972534,0.0001,27.68741798400879,2.0,42.25,41.5,0.11479178071022034,,,,,,,,,,5.6192500000000005e-06,1351,2.0
133900,0.8767440915107727,0.8825522065162659,0.0001,18.97495460510254,1.9921875,38.5,35.5,0.11479178071022034,,,,,,,,,,5.623375e-06,1352,1.9921875
134000,0.8795163035392761,0.8786202669143677,0.0001,23.00013542175293,1.9921875,36.5,35.5,0.11479178071022034,,,,,,,,,,5.6275e-06,1353,1.9921875
134100,0.831047534942627,0.8481543064117432,0.0001,31.21429443359375,1.9921875,52.25,45.25,0.11479178071022034,,,,,,,,,,5.6316250000000005e-06,1354,1.9921875
134200,0.8814291954040527,0.8807479739189148,0.0001,12.375994682312012,1.984375,36.0,33.5,0.11479178071022034,,,,,,,,,,5.635750000000001e-06,1355,1.984375
134300,0.865195631980896,0.8657070398330688,0.0001,14.904123306274414,2.0,40.75,39.75,0.11479178071022034,,,,,,,,,,5.639875e-06,1356,2.0
134400,0.8568094968795776,0.8560055494308472,0.0001,18.459131240844727,2.0,44.0,43.25,0.11479178071022034,,,,,,,,,,5.6440000000000005e-06,1357,2.0
134500,0.8707378506660461,0.8724477291107178,0.0001,25.570573806762695,1.9921875,40.75,39.75,0.11479178071022034,,,,,,,,,,5.648125000000001e-06,1358,1.9921875
134600,0.8691022396087646,0.86843341588974,0.0001,24.842214584350586,2.0,41.75,41.5,0.11479178071022034,,,,,,,,,,5.65225e-06,1359,2.0
134700,0.8696323037147522,0.8720624446868896,0.0001,17.13526725769043,2.0,40.75,39.0,0.11479178071022034,,,,,,,,,,5.6563750000000005e-06,1360,2.0
134800,0.8615508675575256,0.8734623789787292,0.0001,10.03308391571045,2.0,43.0,38.25,0.11479178071022034,,,,,,,,,,5.6605e-06,1361,2.0
134900,0.8687834739685059,0.8684613704681396,0.0001,18.473112106323242,2.0,39.5,38.5,0.11479178071022034,,,,,,,,,,5.664625000000002e-06,1362,2.0
135000,0.8841680288314819,0.8899147510528564,0.0001,24.618972778320312,2.0,36.25,33.5,0.11479178071022034,,,,,,,,,,5.6687500000000006e-06,1363,2.0
135100,0.8714696168899536,0.8714542388916016,0.0001,33.059200286865234,2.0,39.0,38.25,0.11479178071022034,,,,,,,,,,5.672875e-06,1364,2.0
135200,0.8897945880889893,0.889096736907959,0.0001,15.823083877563477,2.0,35.5,34.75,0.11479178071022034,,,,,,,,,,5.677e-06,1365,2.0
135300,0.8726941347122192,0.8714900016784668,0.0001,17.451936721801758,2.0,40.75,39.75,0.11479178071022034,,,,,,,,,,5.681125000000001e-06,1366,2.0
135400,0.8742573261260986,0.8763089179992676,0.0001,36.38208770751953,2.0,39.25,38.5,0.11479178071022034,,,,,,,,,,5.685250000000001e-06,1367,2.0
135500,0.8767935633659363,0.8787783980369568,0.0001,14.346911430358887,2.0,38.5,37.0,0.11479178071022034,,,,,,,,,,5.689375e-06,1368,2.0
135600,0.8927546739578247,0.8920751810073853,0.0001,12.771173477172852,2.0,34.75,34.25,0.11479178071022034,,,,,,,,,,5.6935e-06,1369,2.0
135700,0.8680528998374939,0.8675275444984436,0.0001,30.17957878112793,2.0,41.25,40.75,0.11479178071022034,,,,,,,,,,5.697625000000001e-06,1370,2.0
135800,0.868353009223938,0.8686375617980957,0.0001,9.9318208694458,2.0,41.25,40.75,0.11479178071022034,,,,,,,,,,5.70175e-06,1371,2.0
135900,0.8814269304275513,0.8794614672660828,0.0001,19.914209365844727,2.0,36.75,36.0,0.11479178071022034,,,,,,,,,,5.705875000000001e-06,1372,2.0
136000,0.8609625101089478,0.8615027070045471,0.0001,17.647968292236328,2.0,42.75,42.25,0.11479178071022034,,,,,,,,,,5.71e-06,1373,2.0
136100,0.8845371007919312,0.8859894871711731,0.0001,12.27936840057373,1.9921875,34.25,33.25,0.11479178071022034,,,,,,,,,,5.714125000000002e-06,1374,1.9921875
136200,0.8561379909515381,0.8608262538909912,0.0001,22.148488998413086,1.9921875,44.5,42.5,0.11479178071022034,,,,,,,,,,5.718250000000001e-06,1375,1.9921875
136300,0.8584189414978027,0.8572829961776733,0.0001,14.077325820922852,2.0,43.5,42.5,0.11479178071022034,,,,,,,,,,5.722375e-06,1376,2.0
136400,0.8606951236724854,0.8615155220031738,0.0001,18.4941463470459,2.0,42.75,41.5,0.11479178071022034,,,,,,,,,,5.7265e-06,1377,2.0
136500,0.8472532033920288,0.8469876050949097,0.0001,31.259063720703125,1.9921875,47.75,47.25,0.11479178071022034,,,,,,,,,,5.730625000000001e-06,1378,1.9921875
136600,0.8604850769042969,0.8618016242980957,0.0001,16.75750732421875,2.0,43.0,41.5,0.11479178071022034,,,,,,,,,,5.734750000000001e-06,1379,2.0
136700,0.8765337467193604,0.8790759444236755,0.0001,14.370935440063477,2.0,38.75,37.75,0.11479178071022034,,,,,,,,,,5.738875e-06,1380,2.0
136800,0.8910245895385742,0.8915792107582092,0.0001,15.086941719055176,1.984375,34.0,33.5,0.11479178071022034,,,,,,,,,,5.743e-06,1381,1.984375
136900,0.8680391311645508,0.8674252033233643,0.0001,17.74330711364746,1.9921875,40.75,40.5,0.11479178071022034,,,,,,,,,,5.747125000000001e-06,1382,1.9921875
137000,0.8699744939804077,0.8682087659835815,0.0001,19.55106544494629,2.0,40.25,40.75,0.11479178071022034,,,,,,,,,,5.75125e-06,1383,2.0
137100,0.8886043429374695,0.8879655003547668,0.0001,16.923620223999023,2.0,35.75,36.0,0.11479178071022034,,,,,,,,,,5.755375000000001e-06,1384,2.0
137200,0.8794673681259155,0.8785529732704163,0.0001,19.565990447998047,1.984375,36.25,35.75,0.11479178071022034,,,,,,,,,,5.7595000000000005e-06,1385,1.984375
137300,0.8475537300109863,0.8488120436668396,0.0001,14.733749389648438,2.0,45.0,44.5,0.11479178071022034,,,,,,,,,,5.763625000000002e-06,1386,2.0
137400,0.8509781360626221,0.8493632078170776,0.0001,18.643518447875977,2.0,46.0,46.25,0.11479178071022034,,,,,,,,,,5.767750000000001e-06,1387,2.0
137500,0.8765168190002441,0.8748736381530762,0.0001,12.610048294067383,1.9921875,38.75,38.25,0.11479178071022034,,,,,,,,,,5.7718750000000005e-06,1388,1.9921875
137600,0.8534650206565857,0.852222740650177,0.0001,17.367223739624023,2.0,45.75,46.0,0.11479178071022034,,,,,,,,,,5.776e-06,1389,2.0
137700,0.8591619729995728,0.8598785400390625,0.0001,35.5146369934082,2.0,44.5,42.0,0.11479178071022034,,,,,,,,,,5.780125000000001e-06,1390,2.0
137800,0.8640960454940796,0.8629148602485657,0.0001,23.774198532104492,2.0,41.5,41.0,0.11479178071022034,,,,,,,,,,5.784250000000001e-06,1391,2.0
137900,0.8647670745849609,0.8661019802093506,0.0001,22.877836227416992,2.0,42.0,41.25,0.11479178071022034,,,,,,,,,,5.788375e-06,1392,2.0
138000,0.8725801110267639,0.8720974922180176,0.0001,20.89833641052246,2.0,39.75,38.25,0.11479178071022034,,,,,,,,,,5.7925e-06,1393,2.0
138100,0.8795921206474304,0.8832629919052124,0.0001,33.69404983520508,2.0,37.5,36.5,0.11479178071022034,,,,,,,,,,5.796625e-06,1394,2.0
138200,0.8559465408325195,0.8557643890380859,0.0001,20.241729736328125,2.0,45.5,44.75,0.11479178071022034,,,,,,,,,,5.80075e-06,1395,2.0
138300,0.8851823806762695,0.8853497505187988,0.0001,11.313750267028809,2.0,36.25,36.0,0.11479178071022034,,,,,,,,,,5.804875000000001e-06,1396,2.0
138400,0.8798710107803345,0.880723237991333,0.0001,32.20795440673828,2.0,37.25,35.75,0.11479178071022034,,,,,,,,,,5.809e-06,1397,2.0
138500,0.8740344643592834,0.8822858333587646,0.0001,13.514286994934082,1.9921875,40.25,37.0,0.11479178071022034,,,,,,,,,,5.8131249999999995e-06,1398,1.9921875
138600,0.8271245360374451,0.8878090381622314,0.0001,14.894805908203125,1.9921875,56.0,34.25,0.11479178071022034,,,,,,,,,,5.817250000000001e-06,1399,1.9921875
138700,0.871955394744873,0.8735644221305847,0.0001,28.366361618041992,2.0,40.75,39.0,0.11479178071022034,,,,,,,,,,5.821375e-06,1400,2.0
138800,0.8591067790985107,0.8613226413726807,0.0001,30.816165924072266,1.9921875,42.75,41.5,0.11479178071022034,,,,,,,,,,5.8255e-06,1401,1.9921875
138900,0.8772560358047485,0.87744140625,0.0001,21.99513816833496,2.0,37.75,36.0,0.11479178071022034,,,,,,,,,,5.829625e-06,1402,2.0
139000,0.8269252181053162,0.8833165764808655,0.0001,16.84577751159668,2.0,53.75,36.25,0.11479178071022034,,,,,,,,,,5.8337500000000015e-06,1403,2.0
139100,0.7946909070014954,0.8561074733734131,0.0001,21.08651351928711,1.984375,64.5,43.25,0.11479178071022034,,,,,,,,,,5.837875e-06,1404,1.984375
139200,0.8605290055274963,0.8610271215438843,0.0001,22.873798370361328,1.984375,43.75,43.0,0.11479178071022034,,,,,,,,,,5.842e-06,1405,1.984375
139300,0.8929306268692017,0.8939186930656433,0.0001,20.177825927734375,2.0,35.0,34.25,0.11479178071022034,,,,,,,,,,5.846125e-06,1406,2.0
139400,0.8719061613082886,0.8699368238449097,0.0001,16.648813247680664,1.9921875,40.25,40.25,0.11479178071022034,,,,,,,,,,5.8502500000000004e-06,1407,1.9921875
139500,0.8758335113525391,0.8751953840255737,0.0001,14.372507095336914,2.0,38.5,38.0,0.11479178071022034,,,,,,,,,,5.854375000000001e-06,1408,2.0
139600,0.675997257232666,0.8698834180831909,0.0001,18.679662704467773,1.9921875,119.0,39.25,0.11479178071022034,,,,,,,,,,5.8585e-06,1409,1.9921875
139700,0.8797414302825928,0.8776804208755493,0.0001,19.419294357299805,1.9921875,36.0,35.75,0.11479178071022034,,,,,,,,,,5.862625e-06,1410,1.9921875
139800,0.8789337873458862,0.8792116045951843,0.0001,13.005945205688477,2.0,37.75,36.75,0.11479178071022034,,,,,,,,,,5.866750000000001e-06,1411,2.0
139900,0.8594202995300293,0.8602308034896851,0.0001,35.28298568725586,2.0,43.25,42.5,0.11479178071022034,,,,,,,,,,5.870875e-06,1412,2.0
139950,,,,,,,,,0.1375066041946411,0.09226027131080627,0.053222350776195526,0.13961102068424225,0.07287675142288208,0.0541839674115181,0.07366877794265747,0.1048465222120285,0.09904339909553528,,1413,
140000,0.8667528629302979,0.866679847240448,0.0001,17.80503273010254,2.0,42.25,41.25,0.1048465222120285,,,,,,,,,,5.8750000000000005e-06,1414,2.0
140100,0.875657856464386,0.8782454133033752,0.0001,23.417522430419922,2.0,39.0,37.5,0.1048465222120285,,,,,,,,,,5.879125e-06,1415,2.0
140200,0.8516525030136108,0.8470975160598755,0.0001,19.66300392150879,1.9921875,45.5,44.75,0.1048465222120285,,,,,,,,,,5.88325e-06,1416,1.9921875
140300,0.8705064058303833,0.8733838796615601,0.0001,19.379663467407227,1.984375,39.25,38.0,0.1048465222120285,,,,,,,,,,5.8873750000000005e-06,1417,1.984375
140400,0.876051664352417,0.8759264945983887,0.0001,14.13239574432373,1.9921875,37.75,36.0,0.1048465222120285,,,,,,,,,,5.8915e-06,1418,1.9921875
140500,0.7645342350006104,0.8536351919174194,0.0001,21.305339813232422,2.0,76.0,44.5,0.1048465222120285,,,,,,,,,,5.895625e-06,1419,2.0
140600,0.8458518981933594,0.8597512245178223,0.0001,23.0154972076416,2.0,46.75,41.75,0.1048465222120285,,,,,,,,,,5.8997500000000006e-06,1420,2.0
140700,0.8440293073654175,0.8561446666717529,0.0001,34.3606071472168,1.984375,46.5,42.5,0.1048465222120285,,,,,,,,,,5.903875000000001e-06,1421,1.984375
140800,0.8804352283477783,0.8813698291778564,0.0001,21.681859970092773,1.984375,35.75,34.75,0.1048465222120285,,,,,,,,,,5.908e-06,1422,1.984375
140900,0.8561549186706543,0.856127142906189,0.0001,21.006214141845703,1.984375,45.25,43.75,0.1048465222120285,,,,,,,,,,5.912125e-06,1423,1.984375
141000,0.8667554259300232,0.8813608884811401,0.0001,22.531375885009766,2.0,42.5,37.5,0.1048465222120285,,,,,,,,,,5.916250000000001e-06,1424,2.0
141100,0.8636084794998169,0.8630368113517761,0.0001,27.952808380126953,1.984375,42.5,41.75,0.1048465222120285,,,,,,,,,,5.920375e-06,1425,1.984375
141200,0.8497048020362854,0.8624063730239868,0.0001,15.789212226867676,2.0,45.5,41.5,0.1048465222120285,,,,,,,,,,5.924500000000001e-06,1426,2.0
141300,0.7815686464309692,0.8490938544273376,0.0001,21.750085830688477,2.0,72.0,46.75,0.1048465222120285,,,,,,,,,,5.928625e-06,1427,2.0
141400,0.8569095730781555,0.857404351234436,0.0001,29.38052749633789,2.0,43.5,43.0,0.1048465222120285,,,,,,,,,,5.93275e-06,1428,2.0
141500,0.8540729880332947,0.8559689521789551,0.0001,24.302276611328125,2.0,45.5,44.5,0.1048465222120285,,,,,,,,,,5.936875000000001e-06,1429,2.0
141600,0.8516110181808472,0.8526343107223511,0.0001,25.171707153320312,2.0,44.0,43.0,0.1048465222120285,,,,,,,,,,5.941e-06,1430,2.0
141700,0.8936188220977783,0.8935164213180542,0.0001,10.838481903076172,2.0,34.0,33.5,0.1048465222120285,,,,,,,,,,5.945125e-06,1431,2.0
141800,0.902694821357727,0.9001795649528503,0.0001,30.644702911376953,2.0,31.5,31.25,0.1048465222120285,,,,,,,,,,5.949250000000001e-06,1432,2.0
141900,0.8194378614425659,0.8691860437393188,0.0001,28.3535099029541,2.0,55.5,38.0,0.1048465222120285,,,,,,,,,,5.953375000000001e-06,1433,2.0
142000,0.8281415700912476,0.851973295211792,0.0001,39.61506271362305,2.0,54.0,44.25,0.1048465222120285,,,,,,,,,,5.9575e-06,1434,2.0
142100,0.8590309619903564,0.8582592010498047,0.0001,29.86471939086914,1.9921875,42.5,42.25,0.1048465222120285,,,,,,,,,,5.961625e-06,1435,1.9921875
142200,0.9017387628555298,0.9063515663146973,0.0001,18.31665802001953,1.9921875,30.375,28.375,0.1048465222120285,,,,,,,,,,5.965750000000001e-06,1436,1.9921875
142300,0.8559308052062988,0.8658643364906311,0.0001,13.0289945602417,2.0,46.0,42.5,0.1048465222120285,,,,,,,,,,5.969875e-06,1437,2.0
142400,0.8657314777374268,0.8683947324752808,0.0001,16.615921020507812,2.0,41.25,39.5,0.1048465222120285,,,,,,,,,,5.974000000000001e-06,1438,2.0
142500,0.712385892868042,0.8866243362426758,0.0001,18.733858108520508,2.0,106.0,32.5,0.1048465222120285,,,,,,,,,,5.9781250000000005e-06,1439,2.0
142600,0.8748747110366821,0.874221920967102,0.0001,25.070104598999023,2.0,39.75,39.5,0.1048465222120285,,,,,,,,,,5.98225e-06,1440,2.0
142700,0.8579961657524109,0.8578869104385376,0.0001,16.370651245117188,2.0,44.25,43.25,0.1048465222120285,,,,,,,,,,5.986375000000001e-06,1441,2.0
142800,0.8711963891983032,0.8709436655044556,0.0001,24.505584716796875,2.0,40.75,39.5,0.1048465222120285,,,,,,,,,,5.9905000000000005e-06,1442,2.0
142900,0.8321973085403442,0.8434529304504395,0.0001,23.993473052978516,2.0,52.25,47.75,0.1048465222120285,,,,,,,,,,5.994625e-06,1443,2.0
143000,0.8757109642028809,0.8749671578407288,0.0001,27.092023849487305,1.984375,38.5,37.75,0.1048465222120285,,,,,,,,,,5.998750000000001e-06,1444,1.984375
143100,0.8514255881309509,0.8546650409698486,0.0001,17.339269638061523,2.0,45.25,44.0,0.1048465222120285,,,,,,,,,,6.0028750000000005e-06,1445,2.0
143200,0.8927434682846069,0.8928698897361755,0.0001,71.95690155029297,2.0,33.5,33.0,0.1048465222120285,,,,,,,,,,6.007e-06,1446,2.0
143300,0.8781052231788635,0.875725269317627,0.0001,19.570852279663086,1.984375,37.25,37.0,0.1048465222120285,,,,,,,,,,6.011125e-06,1447,1.984375
143400,0.8679823875427246,0.8666978478431702,0.0001,22.005512237548828,2.0,40.5,39.5,0.1048465222120285,,,,,,,,,,6.015250000000001e-06,1448,2.0
143500,0.8558632731437683,0.8677969574928284,0.0001,24.938180923461914,2.0,44.0,39.75,0.1048465222120285,,,,,,,,,,6.019375e-06,1449,2.0
143600,0.8196062445640564,0.8406983017921448,0.0001,42.57032012939453,2.0,54.0,47.0,0.1048465222120285,,,,,,,,,,6.023500000000001e-06,1450,2.0
143700,0.8691486120223999,0.8656642436981201,0.0001,35.47410202026367,2.0,40.25,40.0,0.1048465222120285,,,,,,,,,,6.027625000000001e-06,1451,2.0
143800,0.8890682458877563,0.8883944153785706,0.0001,19.77666664123535,2.0,34.75,34.25,0.1048465222120285,,,,,,,,,,6.03175e-06,1452,2.0
143900,0.9040142297744751,0.9034814238548279,0.0001,25.535673141479492,2.0,30.375,30.0,0.1048465222120285,,,,,,,,,,6.035875000000001e-06,1453,2.0
144000,0.5628342628479004,0.8658111095428467,0.0001,36.467830657958984,1.9921875,227.0,41.0,0.1048465222120285,,,,,,,,,,6.040000000000001e-06,1454,1.9921875
144100,0.8885663151741028,0.8903791904449463,0.0001,19.77764320373535,2.0,34.0,32.5,0.1048465222120285,,,,,,,,,,6.044125e-06,1455,2.0
144200,0.8524885177612305,0.8578616380691528,0.0001,25.18701171875,1.9921875,45.25,43.0,0.1048465222120285,,,,,,,,,,6.04825e-06,1456,1.9921875
144300,0.8605254888534546,0.8791310787200928,0.0001,16.759397506713867,2.0,43.0,37.0,0.1048465222120285,,,,,,,,,,6.052375000000001e-06,1457,2.0
144400,0.8734574317932129,0.8720462918281555,0.0001,29.259382247924805,2.0,39.25,38.25,0.1048465222120285,,,,,,,,,,6.0565e-06,1458,2.0
144500,0.9029637575149536,0.9029537439346313,0.0001,17.983495712280273,1.984375,30.375,29.75,0.1048465222120285,,,,,,,,,,6.060625e-06,1459,1.984375
144600,0.863571286201477,0.8687077760696411,0.0001,19.507619857788086,1.9921875,42.5,40.0,0.1048465222120285,,,,,,,,,,6.064750000000001e-06,1460,1.9921875
144700,0.8662513494491577,0.8661997318267822,0.0001,20.27793312072754,2.0,41.75,41.25,0.1048465222120285,,,,,,,,,,6.068875e-06,1461,2.0
144800,0.8610788583755493,0.8657855987548828,0.0001,20.899084091186523,2.0,42.5,40.5,0.1048465222120285,,,,,,,,,,6.073000000000001e-06,1462,2.0
144900,0.7606967687606812,0.8551706671714783,0.0001,25.628698348999023,2.0,77.5,44.5,0.1048465222120285,,,,,,,,,,6.077125000000001e-06,1463,2.0
145000,0.8747010231018066,0.872414231300354,0.0001,20.79279899597168,2.0,39.5,38.5,0.1048465222120285,,,,,,,,,,6.08125e-06,1464,2.0
145100,0.8674564957618713,0.869062602519989,0.0001,22.521635055541992,2.0,40.75,39.75,0.1048465222120285,,,,,,,,,,6.085375000000001e-06,1465,2.0
145200,0.8867074251174927,0.885802149772644,0.0001,10.272099494934082,2.0,35.0,34.0,0.1048465222120285,,,,,,,,,,6.089500000000001e-06,1466,2.0
145300,0.8653784990310669,0.8632917404174805,0.0001,17.503173828125,1.9921875,42.0,41.0,0.1048465222120285,,,,,,,,,,6.0936250000000005e-06,1467,1.9921875
145400,0.8616833090782166,0.8605718612670898,0.0001,27.055356979370117,1.9921875,42.5,42.25,0.1048465222120285,,,,,,,,,,6.09775e-06,1468,1.9921875
145500,0.875098705291748,0.8744826316833496,0.0001,14.998748779296875,1.9921875,38.75,38.25,0.1048465222120285,,,,,,,,,,6.101875000000001e-06,1469,1.9921875
145600,0.8744921684265137,0.8808999061584473,0.0001,22.975208282470703,2.0,39.0,36.5,0.1048465222120285,,,,,,,,,,6.1060000000000005e-06,1470,2.0
145700,0.8616746068000793,0.860663652420044,0.0001,28.160581588745117,2.0,44.0,43.75,0.1048465222120285,,,,,,,,,,6.110125e-06,1471,2.0
145800,0.8603845834732056,0.8607444763183594,0.0001,16.69388771057129,1.9921875,43.25,42.75,0.1048465222120285,,,,,,,,,,6.114250000000001e-06,1472,1.9921875
145900,0.8742244839668274,0.8865468502044678,0.0001,10.851149559020996,2.0,39.0,34.75,0.1048465222120285,,,,,,,,,,6.1183750000000005e-06,1473,2.0
146000,0.8776289224624634,0.8805066347122192,0.0001,25.813983917236328,2.0,36.75,34.75,0.1048465222120285,,,,,,,,,,6.1225e-06,1474,2.0
146100,0.8837665319442749,0.885151743888855,0.0001,19.10464859008789,1.9921875,35.5,35.0,0.1048465222120285,,,,,,,,,,6.126625000000001e-06,1475,1.9921875
146200,0.864773154258728,0.8660391569137573,0.0001,18.611448287963867,1.984375,42.0,41.25,0.1048465222120285,,,,,,,,,,6.13075e-06,1476,1.984375
146300,0.8723421096801758,0.8719297051429749,0.0001,21.80220603942871,2.0,39.25,37.75,0.1048465222120285,,,,,,,,,,6.134875000000001e-06,1477,2.0
146400,0.8372226357460022,0.8752251863479614,0.0001,14.543403625488281,1.984375,51.0,39.0,0.1048465222120285,,,,,,,,,,6.139000000000001e-06,1478,1.984375
146500,0.8823972940444946,0.8836241960525513,0.0001,17.185277938842773,2.0,36.5,35.5,0.1048465222120285,,,,,,,,,,6.143125000000001e-06,1479,2.0
146600,0.868306040763855,0.8678483366966248,0.0001,25.614959716796875,2.0,40.75,40.5,0.1048465222120285,,,,,,,,,,6.14725e-06,1480,2.0
146700,0.8841192722320557,0.8869386315345764,0.0001,19.00417709350586,2.0,36.0,34.5,0.1048465222120285,,,,,,,,,,6.151375000000001e-06,1481,2.0
146800,0.848504364490509,0.8483836650848389,0.0001,24.278018951416016,2.0,47.25,46.0,0.1048465222120285,,,,,,,,,,6.155500000000001e-06,1482,2.0
146900,0.8664448857307434,0.8661593794822693,0.0001,21.488632202148438,2.0,41.25,40.75,0.1048465222120285,,,,,,,,,,6.159625e-06,1483,2.0
147000,0.8921064138412476,0.8915603160858154,0.0001,41.91413116455078,1.9921875,34.0,33.25,0.1048465222120285,,,,,,,,,,6.163750000000001e-06,1484,1.9921875
147100,0.9027925133705139,0.9017677307128906,0.0001,26.393980026245117,1.9921875,30.75,30.375,0.1048465222120285,,,,,,,,,,6.167875000000001e-06,1485,1.9921875
147200,0.8653793931007385,0.8654049634933472,0.0001,29.6098575592041,1.9921875,41.0,40.5,0.1048465222120285,,,,,,,,,,6.172e-06,1486,1.9921875
147300,0.8606982827186584,0.8621735572814941,0.0001,22.47285270690918,2.0,44.0,43.0,0.1048465222120285,,,,,,,,,,6.176125000000001e-06,1487,2.0
147400,0.8817390203475952,0.8797464966773987,0.0001,11.818132400512695,1.9921875,36.5,36.0,0.1048465222120285,,,,,,,,,,6.18025e-06,1488,1.9921875
147500,0.872164785861969,0.8741753101348877,0.0001,32.7756462097168,2.0,40.5,39.5,0.1048465222120285,,,,,,,,,,6.184375000000001e-06,1489,2.0
147600,0.8754706978797913,0.8747830390930176,0.0001,25.14723014831543,1.9921875,37.75,37.5,0.1048465222120285,,,,,,,,,,6.188500000000001e-06,1490,1.9921875
147700,0.818136990070343,0.8583818674087524,0.0001,20.571880340576172,1.9921875,56.0,42.5,0.1048465222120285,,,,,,,,,,6.192625e-06,1491,1.9921875
147800,0.8786007165908813,0.8791987895965576,0.0001,13.848350524902344,1.984375,38.5,36.75,0.1048465222120285,,,,,,,,,,6.1967500000000004e-06,1492,1.984375
147900,0.873848021030426,0.873802125453949,0.0001,13.305716514587402,1.9921875,40.25,38.25,0.1048465222120285,,,,,,,,,,6.200875000000001e-06,1493,1.9921875
148000,0.8642348051071167,0.8633434176445007,0.0001,23.410493850708008,1.984375,41.5,40.5,0.1048465222120285,,,,,,,,,,6.205000000000001e-06,1494,1.984375
148100,0.8557302355766296,0.8913942575454712,0.0001,12.548742294311523,2.0,45.5,33.25,0.1048465222120285,,,,,,,,,,6.2091250000000005e-06,1495,2.0
148200,0.8632280826568604,0.8651127815246582,0.0001,18.122766494750977,2.0,41.75,40.75,0.1048465222120285,,,,,,,,,,6.213250000000001e-06,1496,2.0
148300,0.8394051194190979,0.8441863059997559,0.0001,36.746578216552734,2.0,49.25,46.75,0.1048465222120285,,,,,,,,,,6.217375000000001e-06,1497,2.0
148400,0.8874270915985107,0.8866422772407532,0.0001,19.66282844543457,1.9921875,34.5,34.25,0.1048465222120285,,,,,,,,,,6.2215000000000005e-06,1498,1.9921875
148500,0.8998634815216064,0.8994722366333008,0.0001,17.544004440307617,2.0,31.375,31.0,0.1048465222120285,,,,,,,,,,6.225625000000001e-06,1499,2.0
148600,0.8708542585372925,0.8723165988922119,0.0001,14.036623001098633,2.0,39.5,38.0,0.1048465222120285,,,,,,,,,,6.22975e-06,1500,2.0
148700,0.869979202747345,0.875133752822876,0.0001,27.78700065612793,1.984375,41.25,37.75,0.1048465222120285,,,,,,,,,,6.233875000000001e-06,1501,1.984375
148800,0.8615279197692871,0.8599330186843872,0.0001,16.073902130126953,2.0,42.75,42.25,0.1048465222120285,,,,,,,,,,6.238000000000001e-06,1502,2.0
148900,0.8798110485076904,0.879609227180481,0.0001,22.628768920898438,2.0,37.75,37.5,0.1048465222120285,,,,,,,,,,6.242125e-06,1503,2.0
149000,0.8763512372970581,0.8851356506347656,0.0001,14.215374946594238,1.9921875,39.75,36.0,0.1048465222120285,,,,,,,,,,6.2462500000000005e-06,1504,1.9921875
149100,0.8704919815063477,0.8739724159240723,0.0001,19.269561767578125,1.9921875,39.75,38.5,0.1048465222120285,,,,,,,,,,6.250375000000001e-06,1505,1.9921875
149200,0.8580306768417358,0.8598420023918152,0.0001,16.537588119506836,1.984375,44.0,42.25,0.1048465222120285,,,,,,,,,,6.254500000000001e-06,1506,1.984375
149300,0.8675521612167358,0.8679999113082886,0.0001,22.357873916625977,1.9921875,41.5,40.25,0.1048465222120285,,,,,,,,,,6.258625000000001e-06,1507,1.9921875
149400,0.8619948029518127,0.861752450466156,0.0001,20.71949577331543,1.9921875,43.5,43.0,0.1048465222120285,,,,,,,,,,6.262750000000001e-06,1508,1.9921875
149500,0.8770937919616699,0.8766094446182251,0.0001,16.863718032836914,2.0,37.25,37.25,0.1048465222120285,,,,,,,,,,6.266875000000001e-06,1509,2.0
149600,0.8888702988624573,0.8903896808624268,0.0001,12.107954025268555,2.0,35.75,35.25,0.1048465222120285,,,,,,,,,,6.271000000000001e-06,1510,2.0
149700,0.8583593964576721,0.8573195934295654,0.0001,40.86823654174805,1.9921875,44.5,43.25,0.1048465222120285,,,,,,,,,,6.275125000000001e-06,1511,1.9921875
149800,0.8576725721359253,0.8614175319671631,0.0001,40.285579681396484,2.0,43.5,41.5,0.1048465222120285,,,,,,,,,,6.27925e-06,1512,2.0
149900,0.883311927318573,0.8836669921875,0.0001,12.424992561340332,1.9921875,36.5,36.0,0.1048465222120285,,,,,,,,,,6.2833750000000015e-06,1513,1.9921875
149950,,,,,,,,,0.1453583538532257,0.08431317657232285,0.04041333124041557,0.13985104858875275,0.07466601580381393,0.04746406897902489,0.06308117508888245,0.10696991533041,0.09430106729269028,,1514,
150000,0.8698349595069885,0.8671758770942688,0.0001,20.108001708984375,2.0,39.75,38.25,0.10696991533041,,,,,,,,,,6.287500000000001e-06,1515,2.0
150100,0.8642131090164185,0.8628734350204468,0.0001,28.689489364624023,2.0,41.5,41.25,0.10696991533041,,,,,,,,,,6.291625e-06,1516,2.0
150200,0.8529232740402222,0.8532542586326599,0.0001,19.489347457885742,2.0,44.5,43.75,0.10696991533041,,,,,,,,,,6.295750000000001e-06,1517,2.0
150300,0.852928638458252,0.8645415306091309,0.0001,24.934465408325195,1.9921875,46.0,40.5,0.10696991533041,,,,,,,,,,6.2998749999999995e-06,1518,1.9921875
150400,0.8693683743476868,0.8699941635131836,0.0001,29.49957275390625,2.0,40.5,39.5,0.10696991533041,,,,,,,,,,6.304000000000001e-06,1519,2.0
150500,0.8737500905990601,0.8731124401092529,0.0001,14.638850212097168,1.9921875,38.25,37.5,0.10696991533041,,,,,,,,,,6.308125000000001e-06,1520,1.9921875
150600,0.8688379526138306,0.8729234933853149,0.0001,22.264358520507812,2.0,40.5,39.0,0.10696991533041,,,,,,,,,,6.3122499999999996e-06,1521,2.0
150700,0.8739685416221619,0.8728628754615784,0.0001,20.5627384185791,2.0,38.5,39.0,0.10696991533041,,,,,,,,,,6.316375e-06,1522,2.0
150800,0.8629387021064758,0.8643026351928711,0.0001,14.369583129882812,2.0,42.5,42.5,0.10696991533041,,,,,,,,,,6.320500000000001e-06,1523,2.0
150900,0.853108286857605,0.8531937003135681,0.0001,18.379396438598633,2.0,45.0,44.25,0.10696991533041,,,,,,,,,,6.324625000000001e-06,1524,2.0
151000,0.8819588422775269,0.8775187730789185,0.0001,14.709357261657715,1.9921875,36.5,35.5,0.10696991533041,,,,,,,,,,6.32875e-06,1525,1.9921875
151100,0.8598076105117798,0.8672171831130981,0.0001,25.330078125,1.9921875,44.25,41.5,0.10696991533041,,,,,,,,,,6.332875000000001e-06,1526,1.9921875
151200,0.8847535848617554,0.8834073543548584,0.0001,20.928089141845703,2.0,35.5,35.75,0.10696991533041,,,,,,,,,,6.337000000000001e-06,1527,2.0
151300,0.8893248438835144,0.8904135227203369,0.0001,26.439992904663086,1.9921875,34.75,34.25,0.10696991533041,,,,,,,,,,6.341125e-06,1528,1.9921875
151400,0.871912956237793,0.8709462881088257,0.0001,21.017690658569336,2.0,38.75,38.25,0.10696991533041,,,,,,,,,,6.345250000000001e-06,1529,2.0
151500,0.8649344444274902,0.8704124689102173,0.0001,21.851831436157227,1.9921875,41.75,39.25,0.10696991533041,,,,,,,,,,6.349375e-06,1530,1.9921875
151600,0.8640419244766235,0.8634029030799866,0.0001,15.735882759094238,1.9921875,42.5,41.5,0.10696991533041,,,,,,,,,,6.353500000000001e-06,1531,1.9921875
151700,0.8749808073043823,0.8714120984077454,0.0001,29.81910514831543,2.0,38.5,38.0,0.10696991533041,,,,,,,,,,6.357625000000001e-06,1532,2.0
151800,0.8458260297775269,0.8598986268043518,0.0001,24.37495994567871,1.9921875,46.5,41.75,0.10696991533041,,,,,,,,,,6.36175e-06,1533,1.9921875
151900,0.8751865029335022,0.8771183490753174,0.0001,26.5483341217041,1.9921875,38.25,36.5,0.10696991533041,,,,,,,,,,6.365875e-06,1534,1.9921875
152000,0.8916317224502563,0.8913722038269043,0.0001,14.99639892578125,1.9921875,33.25,33.0,0.10696991533041,,,,,,,,,,6.370000000000001e-06,1535,1.9921875
152100,0.8759622573852539,0.8757619857788086,0.0001,14.455304145812988,2.0,39.0,38.75,0.10696991533041,,,,,,,,,,6.374125000000001e-06,1536,2.0
152200,0.8632272481918335,0.8620822429656982,0.0001,18.2945613861084,1.9921875,42.5,42.25,0.10696991533041,,,,,,,,,,6.37825e-06,1537,1.9921875
152300,0.8525850772857666,0.8500351309776306,0.0001,25.39784812927246,2.0,46.5,45.75,0.10696991533041,,,,,,,,,,6.382375000000001e-06,1538,2.0
152400,0.8039689064025879,0.8851547241210938,0.0001,13.550410270690918,1.9921875,63.75,34.25,0.10696991533041,,,,,,,,,,6.3865000000000014e-06,1539,1.9921875
152500,0.7925941348075867,0.8564330339431763,0.0001,27.938413619995117,2.0,69.5,43.5,0.10696991533041,,,,,,,,,,6.390625e-06,1540,2.0
152600,0.8662452697753906,0.8674894571304321,0.0001,23.7780818939209,1.9921875,41.25,40.5,0.10696991533041,,,,,,,,,,6.394750000000001e-06,1541,1.9921875
152700,0.8961386680603027,0.9022362232208252,0.0001,11.366608619689941,1.9921875,33.0,31.0,0.10696991533041,,,,,,,,,,6.398875e-06,1542,1.9921875
152800,0.8734994530677795,0.8736572265625,0.0001,21.54473304748535,2.0,40.5,39.5,0.10696991533041,,,,,,,,,,6.403000000000001e-06,1543,2.0
152900,0.8838595747947693,0.8846160173416138,0.0001,14.01654052734375,1.984375,35.5,35.25,0.10696991533041,,,,,,,,,,6.407125000000001e-06,1544,1.984375
153000,0.8781023025512695,0.8809911012649536,0.0001,17.516510009765625,1.9921875,37.0,35.25,0.10696991533041,,,,,,,,,,6.41125e-06,1545,1.9921875
153100,0.8811588883399963,0.8800417184829712,0.0001,33.231380462646484,1.9921875,36.25,35.0,0.10696991533041,,,,,,,,,,6.415375e-06,1546,1.9921875
153200,0.8702677488327026,0.86949622631073,0.0001,23.15498161315918,2.0,38.0,37.75,0.10696991533041,,,,,,,,,,6.419500000000001e-06,1547,2.0
153300,0.8529795408248901,0.8548933863639832,0.0001,21.39828109741211,2.0,44.75,43.25,0.10696991533041,,,,,,,,,,6.423625000000001e-06,1548,2.0
153400,0.8818343877792358,0.8814201354980469,0.0001,11.041204452514648,2.0,35.75,35.0,0.10696991533041,,,,,,,,,,6.42775e-06,1549,2.0
153500,0.8715505003929138,0.8742311000823975,0.0001,33.4013557434082,2.0,39.25,38.25,0.10696991533041,,,,,,,,,,6.431874999999999e-06,1550,2.0
153600,0.8842183947563171,0.8877484202384949,0.0001,19.054443359375,2.0,37.0,35.25,0.10696991533041,,,,,,,,,,6.436000000000001e-06,1551,2.0
153700,0.589698851108551,0.8569295406341553,0.0001,17.849502563476562,2.0,191.0,45.25,0.10696991533041,,,,,,,,,,6.4401250000000004e-06,1552,2.0
153800,0.8481998443603516,0.8693827390670776,0.0001,28.749399185180664,2.0,46.75,39.5,0.10696991533041,,,,,,,,,,6.444250000000001e-06,1553,2.0
153900,0.879744291305542,0.8811352849006653,0.0001,22.466886520385742,1.9921875,37.75,36.0,0.10696991533041,,,,,,,,,,6.448375e-06,1554,1.9921875
154000,0.8139771223068237,0.8645089864730835,0.0001,28.473175048828125,2.0,59.75,43.25,0.10696991533041,,,,,,,,,,6.452500000000001e-06,1555,2.0
154100,0.8393653631210327,0.8612822890281677,0.0001,24.202714920043945,1.984375,49.25,41.25,0.10696991533041,,,,,,,,,,6.456625000000001e-06,1556,1.984375
154200,0.8927748203277588,0.8903622031211853,0.0001,19.827688217163086,1.9921875,34.25,34.25,0.10696991533041,,,,,,,,,,6.46075e-06,1557,1.9921875
154300,0.8783489465713501,0.8762526512145996,0.0001,23.114206314086914,1.984375,37.0,36.25,0.10696991533041,,,,,,,,,,6.4648750000000005e-06,1558,1.984375
154400,0.8553701043128967,0.8568655252456665,0.0001,19.466510772705078,1.9921875,44.75,43.25,0.10696991533041,,,,,,,,,,6.469000000000001e-06,1559,1.9921875
154500,0.889050304889679,0.8878911733627319,0.0001,42.285396575927734,1.9921875,34.75,34.25,0.10696991533041,,,,,,,,,,6.473125000000001e-06,1560,1.9921875
154600,0.8761569261550903,0.8754319548606873,0.0001,18.008264541625977,2.0,38.75,38.25,0.10696991533041,,,,,,,,,,6.4772500000000005e-06,1561,2.0
154700,0.8775869607925415,0.8796119093894958,0.0001,30.05670738220215,1.9921875,38.25,37.25,0.10696991533041,,,,,,,,,,6.481374999999999e-06,1562,1.9921875
154800,0.8618559241294861,0.8616871237754822,0.0001,7.643527984619141,2.0,43.5,42.75,0.10696991533041,,,,,,,,,,6.485500000000001e-06,1563,2.0
154900,0.8536069393157959,0.8589015007019043,0.0001,22.94949722290039,1.9921875,45.25,42.25,0.10696991533041,,,,,,,,,,6.4896250000000006e-06,1564,1.9921875
155000,0.8881696462631226,0.8899262547492981,0.0001,15.374612808227539,1.9921875,35.0,34.75,0.10696991533041,,,,,,,,,,6.493750000000001e-06,1565,1.9921875
155100,0.8717020750045776,0.8703930377960205,0.0001,27.029138565063477,1.9921875,39.75,38.75,0.10696991533041,,,,,,,,,,6.497875e-06,1566,1.9921875
155200,0.8691385984420776,0.8676851987838745,0.0001,21.952594757080078,1.9921875,40.25,40.0,0.10696991533041,,,,,,,,,,6.502000000000001e-06,1567,1.9921875
155300,0.8640321493148804,0.8677599430084229,0.0001,16.764205932617188,2.0,42.5,41.5,0.10696991533041,,,,,,,,,,6.506125000000001e-06,1568,2.0
155400,0.8686742186546326,0.8693594932556152,0.0001,19.289276123046875,1.9921875,41.25,39.5,0.10696991533041,,,,,,,,,,6.51025e-06,1569,1.9921875
155500,0.874597430229187,0.8744325041770935,0.0001,15.33014965057373,1.984375,39.0,38.5,0.10696991533041,,,,,,,,,,6.514375000000001e-06,1570,1.984375
155600,0.8717082738876343,0.8689277768135071,0.0001,17.830656051635742,2.0,39.75,39.0,0.10696991533041,,,,,,,,,,6.518500000000001e-06,1571,2.0
155700,0.8624648451805115,0.8630148768424988,0.0001,24.840211868286133,1.9921875,42.0,41.0,0.10696991533041,,,,,,,,,,6.522625000000001e-06,1572,1.9921875
155800,0.8656334280967712,0.8642159104347229,0.0001,24.464811325073242,1.9921875,41.5,41.0,0.10696991533041,,,,,,,,,,6.526750000000001e-06,1573,1.9921875
155900,0.8745970726013184,0.8749165534973145,0.0001,18.086088180541992,1.9921875,38.75,37.5,0.10696991533041,,,,,,,,,,6.5308749999999995e-06,1574,1.9921875
156000,0.854442298412323,0.8550323843955994,0.0001,25.383634567260742,1.9921875,45.5,43.75,0.10696991533041,,,,,,,,,,6.535e-06,1575,1.9921875
156100,0.8849618434906006,0.8845659494400024,0.0001,17.24405288696289,2.0,35.5,35.0,0.10696991533041,,,,,,,,,,6.539125000000001e-06,1576,2.0
156200,0.882283627986908,0.8866502642631531,0.0001,15.352057456970215,2.0,37.75,35.0,0.10696991533041,,,,,,,,,,6.543250000000001e-06,1577,2.0
156300,0.8725797533988953,0.8722819685935974,0.0001,13.4981107711792,1.9921875,40.25,39.25,0.10696991533041,,,,,,,,,,6.547375e-06,1578,1.9921875
156400,0.8589156270027161,0.8592472076416016,0.0001,27.639972686767578,2.0,42.5,41.75,0.10696991533041,,,,,,,,,,6.5515e-06,1579,2.0
156500,0.8750064373016357,0.8790159225463867,0.0001,10.037911415100098,1.9921875,38.0,35.75,0.10696991533041,,,,,,,,,,6.555625000000001e-06,1580,1.9921875
156600,0.8661006689071655,0.8673404455184937,0.0001,22.38776969909668,2.0,41.25,39.75,0.10696991533041,,,,,,,,,,6.55975e-06,1581,2.0
156700,0.8726252317428589,0.8726297616958618,0.0001,14.435647964477539,1.9921875,39.75,39.5,0.10696991533041,,,,,,,,,,6.563875000000001e-06,1582,1.9921875
156800,0.8814419507980347,0.8786023855209351,0.0001,23.845775604248047,2.0,37.0,36.25,0.10696991533041,,,,,,,,,,6.568e-06,1583,2.0
156900,0.8928576707839966,0.8913247585296631,0.0001,15.486056327819824,2.0,32.75,32.25,0.10696991533041,,,,,,,,,,6.572125000000001e-06,1584,2.0
157000,0.859703779220581,0.8620716333389282,0.0001,16.32828140258789,2.0,43.5,42.75,0.10696991533041,,,,,,,,,,6.576250000000001e-06,1585,2.0
157100,0.8912677764892578,0.8907397985458374,0.0001,15.353045463562012,2.0,35.0,33.5,0.10696991533041,,,,,,,,,,6.580375e-06,1586,2.0
157200,0.8737123608589172,0.8733772039413452,0.0001,19.214277267456055,2.0,38.75,39.0,0.10696991533041,,,,,,,,,,6.5845e-06,1587,2.0
157300,0.8544093370437622,0.851321816444397,0.0001,26.4105224609375,1.9921875,45.75,45.25,0.10696991533041,,,,,,,,,,6.588625000000001e-06,1588,1.9921875
157400,0.8396702408790588,0.8517167568206787,0.0001,30.897642135620117,2.0,49.25,44.75,0.10696991533041,,,,,,,,,,6.592750000000001e-06,1589,2.0
157500,0.8563202619552612,0.8625136613845825,0.0001,14.70513916015625,2.0,44.5,42.0,0.10696991533041,,,,,,,,,,6.596875e-06,1590,2.0
157600,0.8722304105758667,0.873009204864502,0.0001,18.558338165283203,2.0,39.0,38.25,0.10696991533041,,,,,,,,,,6.601e-06,1591,2.0
157700,0.8830790519714355,0.8824414014816284,0.0001,20.424528121948242,2.0,37.0,36.75,0.10696991533041,,,,,,,,,,6.605125000000001e-06,1592,2.0
157800,0.8537417650222778,0.8532750606536865,0.0001,17.56561851501465,2.0,44.25,43.75,0.10696991533041,,,,,,,,,,6.60925e-06,1593,2.0
157900,0.8401376605033875,0.8382577896118164,0.0001,27.146732330322266,2.0,49.0,48.75,0.10696991533041,,,,,,,,,,6.613375000000001e-06,1594,2.0
158000,0.8688022494316101,0.8700347542762756,0.0001,28.59454345703125,1.984375,40.75,40.0,0.10696991533041,,,,,,,,,,6.6175e-06,1595,1.984375
158100,0.892243504524231,0.8903894424438477,0.0001,16.89635467529297,2.0,33.0,32.0,0.10696991533041,,,,,,,,,,6.621625e-06,1596,2.0
158200,0.8718090057373047,0.8712403774261475,0.0001,21.00558853149414,1.9921875,40.5,39.75,0.10696991533041,,,,,,,,,,6.625750000000001e-06,1597,1.9921875
158300,0.8990311622619629,0.9001244306564331,0.0001,17.075830459594727,1.9921875,30.75,29.5,0.10696991533041,,,,,,,,,,6.629875e-06,1598,1.9921875
158400,0.8879059553146362,0.8870712518692017,0.0001,14.737677574157715,1.984375,35.5,35.0,0.10696991533041,,,,,,,,,,6.634e-06,1599,1.984375
158500,0.9166280031204224,0.9156510233879089,0.0001,9.43005084991455,2.0,26.5,25.375,0.10696991533041,,,,,,,,,,6.638125000000001e-06,1600,2.0
158600,0.8858171701431274,0.8854038715362549,0.0001,18.212026596069336,1.9921875,35.5,34.5,0.10696991533041,,,,,,,,,,6.6422500000000015e-06,1601,1.9921875
158700,0.8929390907287598,0.8970277309417725,0.0001,21.676212310791016,2.0,34.5,32.25,0.10696991533041,,,,,,,,,,6.646375e-06,1602,2.0
158800,0.8775482773780823,0.8773285746574402,0.0001,23.1455135345459,2.0,38.0,37.25,0.10696991533041,,,,,,,,,,6.6505e-06,1603,2.0
158900,0.9112652540206909,0.9109168648719788,0.0001,15.925271987915039,1.9921875,27.875,27.5,0.10696991533041,,,,,,,,,,6.6546250000000015e-06,1604,1.9921875
159000,0.8650014400482178,0.8652490973472595,0.0001,14.370421409606934,2.0,42.5,41.5,0.10696991533041,,,,,,,,,,6.65875e-06,1605,2.0
159100,0.8705509901046753,0.8760345578193665,0.0001,15.1303129196167,2.0,41.75,39.0,0.10696991533041,,,,,,,,,,6.662875000000001e-06,1606,2.0
159200,0.8564748167991638,0.8588929176330566,0.0001,15.220108032226562,2.0,43.75,42.0,0.10696991533041,,,,,,,,,,6.667e-06,1607,2.0
159300,0.8714011907577515,0.8701775074005127,0.0001,18.967744827270508,1.9921875,39.0,38.25,0.10696991533041,,,,,,,,,,6.6711250000000004e-06,1608,1.9921875
159400,0.8844418525695801,0.8848719596862793,0.0001,12.144919395446777,1.984375,35.5,34.5,0.10696991533041,,,,,,,,,,6.675250000000001e-06,1609,1.984375
159500,0.8485532999038696,0.8630920052528381,0.0001,15.054640769958496,1.9921875,45.75,39.75,0.10696991533041,,,,,,,,,,6.679375e-06,1610,1.9921875
159600,0.8752731084823608,0.8753722906112671,0.0001,19.179794311523438,1.9921875,39.0,38.25,0.10696991533041,,,,,,,,,,6.6835000000000005e-06,1611,1.9921875
159700,0.855341374874115,0.8567231893539429,0.0001,19.909818649291992,2.0,45.5,45.0,0.10696991533041,,,,,,,,,,6.687625000000001e-06,1612,2.0
159800,0.8619838953018188,0.863408088684082,0.0001,18.400381088256836,2.0,43.5,42.75,0.10696991533041,,,,,,,,,,6.691750000000002e-06,1613,2.0
159900,0.8393254280090332,0.879697322845459,0.0001,20.460676193237305,2.0,51.0,35.5,0.10696991533041,,,,,,,,,,6.6958750000000005e-06,1614,2.0
159950,,,,,,,,,0.13391853868961334,0.11835125833749771,0.04724496230483055,0.14351631700992584,0.0792682021856308,0.0854913741350174,0.07068797200918198,0.11139822006225586,0.10010875761508942,,1615,
160000,0.8554584980010986,0.8561315536499023,0.0001,25.826923370361328,1.9921875,45.5,44.75,0.11139822006225586,,,,,,,,,,6.7e-06,1616,1.9921875
160100,0.872948408126831,0.8735568523406982,0.0001,18.6706600189209,2.0,40.25,39.0,0.11139822006225586,,,,,,,,,,6.704125000000002e-06,1617,2.0
160200,0.8507004380226135,0.8498798608779907,0.0001,31.34766960144043,1.9921875,45.75,44.0,0.11139822006225586,,,,,,,,,,6.7082500000000005e-06,1618,1.9921875
160300,0.8376604318618774,0.8409957885742188,0.0001,33.44379425048828,1.984375,49.0,47.0,0.11139822006225586,,,,,,,,,,6.712375000000001e-06,1619,1.984375
160400,0.8644540309906006,0.8642891049385071,0.0001,15.418208122253418,2.0,42.0,40.25,0.11139822006225586,,,,,,,,,,6.7165e-06,1620,2.0
160500,0.876487135887146,0.8750619292259216,0.0001,16.84254264831543,1.9921875,38.5,38.0,0.11139822006225586,,,,,,,,,,6.7206250000000006e-06,1621,1.9921875
160600,0.879837691783905,0.8838433027267456,0.0001,19.9047794342041,1.9921875,36.75,34.25,0.11139822006225586,,,,,,,,,,6.724750000000001e-06,1622,1.9921875
160700,0.8751230239868164,0.8734601736068726,0.0001,32.923744201660156,2.0,38.75,38.0,0.11139822006225586,,,,,,,,,,6.728875e-06,1623,2.0
160800,0.8749762773513794,0.8754284381866455,0.0001,22.05951499938965,1.9921875,37.25,36.75,0.11139822006225586,,,,,,,,,,6.733000000000001e-06,1624,1.9921875
160900,0.8856635093688965,0.8850729465484619,0.0001,14.493185997009277,2.0,35.0,34.75,0.11139822006225586,,,,,,,,,,6.737125000000001e-06,1625,2.0
161000,0.8606284856796265,0.8609325885772705,0.0001,20.644039154052734,2.0,42.75,41.5,0.11139822006225586,,,,,,,,,,6.74125e-06,1626,2.0
161100,0.8884580135345459,0.889136791229248,0.0001,38.15948486328125,1.9921875,34.75,34.25,0.11139822006225586,,,,,,,,,,6.745375000000001e-06,1627,1.9921875
161200,0.8534579277038574,0.8533627390861511,0.0001,18.813840866088867,2.0,45.0,44.25,0.11139822006225586,,,,,,,,,,6.7495e-06,1628,2.0
161300,0.8943430185317993,0.8923285007476807,0.0001,24.445261001586914,1.9921875,33.25,33.25,0.11139822006225586,,,,,,,,,,6.753625000000002e-06,1629,1.9921875
161400,0.8896709680557251,0.8882941007614136,0.0001,61.925445556640625,1.9921875,34.5,34.0,0.11139822006225586,,,,,,,,,,6.757750000000001e-06,1630,1.9921875
161500,0.8789685964584351,0.8797520399093628,0.0001,14.530791282653809,1.9921875,37.25,36.5,0.11139822006225586,,,,,,,,,,6.761875000000001e-06,1631,1.9921875
161600,0.8770853281021118,0.8762177228927612,0.0001,17.085901260375977,2.0,38.5,38.5,0.11139822006225586,,,,,,,,,,6.766e-06,1632,2.0
161700,0.8752225041389465,0.8747677803039551,0.0001,16.549633026123047,1.9921875,37.75,37.0,0.11139822006225586,,,,,,,,,,6.770125000000001e-06,1633,1.9921875
161800,0.8594233393669128,0.8601030111312866,0.0001,18.5531005859375,1.9921875,42.25,41.5,0.11139822006225586,,,,,,,,,,6.774250000000001e-06,1634,1.9921875
161900,0.8908770084381104,0.890408992767334,0.0001,23.734521865844727,1.9921875,34.75,34.25,0.11139822006225586,,,,,,,,,,6.778375e-06,1635,1.9921875
162000,0.8786171674728394,0.8772034645080566,0.0001,22.546125411987305,2.0,38.0,37.5,0.11139822006225586,,,,,,,,,,6.782500000000001e-06,1636,2.0
162100,0.8857744932174683,0.8876889944076538,0.0001,24.89931297302246,1.9921875,37.0,36.0,0.11139822006225586,,,,,,,,,,6.7866250000000004e-06,1637,1.9921875
162200,0.8512850999832153,0.8557298183441162,0.0001,24.557600021362305,2.0,48.0,45.5,0.11139822006225586,,,,,,,,,,6.79075e-06,1638,2.0
162300,0.8960411548614502,0.8979784250259399,0.0001,18.281938552856445,1.9921875,33.25,32.5,0.11139822006225586,,,,,,,,,,6.794875000000001e-06,1639,1.9921875
162400,0.89337557554245,0.8929977416992188,0.0001,25.698896408081055,1.9765625,33.25,32.75,0.11139822006225586,,,,,,,,,,6.7990000000000005e-06,1640,1.9765625
162500,0.8636000752449036,0.8636689186096191,0.0001,14.593973159790039,2.0,42.0,40.0,0.11139822006225586,,,,,,,,,,6.803125e-06,1641,2.0
162600,0.585644543170929,0.8748677968978882,0.0001,31.78787612915039,1.984375,195.0,37.25,0.11139822006225586,,,,,,,,,,6.807250000000001e-06,1642,1.984375
162700,0.8892024755477905,0.8898610472679138,0.0001,11.134635925292969,1.9921875,35.75,35.75,0.11139822006225586,,,,,,,,,,6.8113750000000005e-06,1643,1.9921875
162800,0.8622102737426758,0.8622574806213379,0.0001,17.588321685791016,2.0,42.5,41.5,0.11139822006225586,,,,,,,,,,6.8155e-06,1644,2.0
162900,0.8680675029754639,0.8676848411560059,0.0001,18.241071701049805,2.0,41.5,40.75,0.11139822006225586,,,,,,,,,,6.819625e-06,1645,2.0
163000,0.8758845329284668,0.8809808492660522,0.0001,21.911218643188477,2.0,38.0,35.5,0.11139822006225586,,,,,,,,,,6.823750000000001e-06,1646,2.0
163100,0.8773661851882935,0.8770152926445007,0.0001,23.55501365661621,1.9921875,37.75,37.0,0.11139822006225586,,,,,,,,,,6.827875e-06,1647,1.9921875
163200,0.8776856064796448,0.8766616582870483,0.0001,14.68034553527832,2.0,39.0,37.75,0.11139822006225586,,,,,,,,,,6.832000000000001e-06,1648,2.0
163300,0.8920353651046753,0.8921876549720764,0.0001,25.284149169921875,2.0,34.25,33.0,0.11139822006225586,,,,,,,,,,6.836125e-06,1649,2.0
163400,0.8591526746749878,0.8569679260253906,0.0001,26.58819580078125,1.9921875,43.25,42.75,0.11139822006225586,,,,,,,,,,6.84025e-06,1650,1.9921875
163500,0.8602756261825562,0.8687028884887695,0.0001,14.289874076843262,1.9921875,43.5,40.25,0.11139822006225586,,,,,,,,,,6.844375000000001e-06,1651,1.9921875
163600,0.8685641288757324,0.8708397150039673,0.0001,15.70080280303955,2.0,39.75,37.75,0.11139822006225586,,,,,,,,,,6.8485e-06,1652,2.0
163700,0.8616742491722107,0.8625410795211792,0.0001,27.456586837768555,1.9921875,42.0,41.5,0.11139822006225586,,,,,,,,,,6.852625e-06,1653,1.9921875
163800,0.875758171081543,0.8742696046829224,0.0001,27.294147491455078,2.0,39.75,39.25,0.11139822006225586,,,,,,,,,,6.856750000000001e-06,1654,2.0
163900,0.870569109916687,0.8701652884483337,0.0001,11.91002368927002,2.0,39.25,38.25,0.11139822006225586,,,,,,,,,,6.860875e-06,1655,2.0
164000,0.8613632917404175,0.8608846664428711,0.0001,22.951963424682617,1.9921875,42.0,40.75,0.11139822006225586,,,,,,,,,,6.865e-06,1656,1.9921875
164100,0.8864884376525879,0.8867558836936951,0.0001,15.792716026306152,2.0,36.5,36.75,0.11139822006225586,,,,,,,,,,6.869125e-06,1657,2.0
164200,0.8691567182540894,0.8693118095397949,0.0001,12.372614860534668,2.0,39.5,39.0,0.11139822006225586,,,,,,,,,,6.8732500000000015e-06,1658,2.0
164300,0.868354856967926,0.8681075572967529,0.0001,12.798103332519531,1.9921875,42.25,41.25,0.11139822006225586,,,,,,,,,,6.877375e-06,1659,1.9921875
164400,0.893368124961853,0.8932634592056274,0.0001,30.798721313476562,1.9921875,32.5,31.875,0.11139822006225586,,,,,,,,,,6.881500000000001e-06,1660,1.9921875
164500,0.8666294813156128,0.8679780960083008,0.0001,20.331995010375977,1.9921875,41.75,41.25,0.11139822006225586,,,,,,,,,,6.885625e-06,1661,1.9921875
164600,0.8643478155136108,0.8618049621582031,0.0001,21.634546279907227,2.0,41.25,41.0,0.11139822006225586,,,,,,,,,,6.88975e-06,1662,2.0
164700,0.8637738823890686,0.8633362054824829,0.0001,22.84402084350586,2.0,43.5,42.75,0.11139822006225586,,,,,,,,,,6.893875000000001e-06,1663,2.0
164800,0.8774595260620117,0.8773233890533447,0.0001,15.649031639099121,2.0,38.5,37.75,0.11139822006225586,,,,,,,,,,6.898e-06,1664,2.0
164900,0.8800283670425415,0.8801379203796387,0.0001,28.985193252563477,2.0,38.75,38.0,0.11139822006225586,,,,,,,,,,6.9021250000000004e-06,1665,2.0
165000,0.8765120506286621,0.8746744394302368,0.0001,19.89849281311035,1.9921875,39.5,39.25,0.11139822006225586,,,,,,,,,,6.906250000000001e-06,1666,1.9921875
165100,0.8651286363601685,0.8660401105880737,0.0001,18.52238655090332,1.9921875,40.5,39.5,0.11139822006225586,,,,,,,,,,6.910375e-06,1667,1.9921875
165200,0.8566288352012634,0.8551821708679199,0.0001,21.29259490966797,2.0,44.25,44.25,0.11139822006225586,,,,,,,,,,6.9145000000000005e-06,1668,2.0
165300,0.8901349306106567,0.888840913772583,0.0001,15.295572280883789,2.0,34.5,33.75,0.11139822006225586,,,,,,,,,,6.918625e-06,1669,2.0
165400,0.8517709970474243,0.8537487387657166,0.0001,23.502819061279297,1.9921875,45.5,44.5,0.11139822006225586,,,,,,,,,,6.922750000000002e-06,1670,1.9921875
165500,0.8316287398338318,0.8306218385696411,0.0001,29.70924186706543,2.0,51.0,49.75,0.11139822006225586,,,,,,,,,,6.9268750000000005e-06,1671,2.0
165600,0.8739481568336487,0.8817458152770996,0.0001,15.371818542480469,2.0,39.0,35.5,0.11139822006225586,,,,,,,,,,6.931e-06,1672,2.0
165700,0.7425545454025269,0.8823904991149902,0.0001,12.50756549835205,1.9921875,86.0,36.0,0.11139822006225586,,,,,,,,,,6.935125e-06,1673,1.9921875
165800,0.8830453157424927,0.8830878734588623,0.0001,15.503229141235352,2.0,37.0,35.75,0.11139822006225586,,,,,,,,,,6.9392500000000005e-06,1674,2.0
165900,0.8607609272003174,0.8706656098365784,0.0001,23.122604370117188,2.0,42.25,38.75,0.11139822006225586,,,,,,,,,,6.943375000000001e-06,1675,2.0
166000,0.8844105005264282,0.8875778913497925,0.0001,21.288911819458008,2.0,36.5,35.25,0.11139822006225586,,,,,,,,,,6.9475e-06,1676,2.0
166100,0.859319269657135,0.8575550317764282,0.0001,25.21349334716797,2.0,44.25,43.25,0.11139822006225586,,,,,,,,,,6.9516250000000005e-06,1677,2.0
166200,0.8756580352783203,0.8752082586288452,0.0001,25.255172729492188,2.0,39.25,38.25,0.11139822006225586,,,,,,,,,,6.955750000000001e-06,1678,2.0
166300,0.8714607954025269,0.8732720613479614,0.0001,17.515703201293945,1.9921875,40.25,39.25,0.11139822006225586,,,,,,,,,,6.959875e-06,1679,1.9921875
166400,0.8906524777412415,0.8961547613143921,0.0001,11.123377799987793,2.0,34.5,32.75,0.11139822006225586,,,,,,,,,,6.964000000000001e-06,1680,2.0
166500,0.8548277616500854,0.8582929968833923,0.0001,26.202213287353516,2.0,44.75,42.75,0.11139822006225586,,,,,,,,,,6.968125e-06,1681,2.0
166600,0.8797833323478699,0.8782532215118408,0.0001,27.537506103515625,1.9921875,36.75,36.5,0.11139822006225586,,,,,,,,,,6.972250000000002e-06,1682,1.9921875
166700,0.8666109442710876,0.8652893304824829,0.0001,31.266210556030273,2.0,40.25,39.5,0.11139822006225586,,,,,,,,,,6.976375000000001e-06,1683,2.0
166800,0.86878502368927,0.8694871068000793,0.0001,26.875396728515625,2.0,42.25,41.5,0.11139822006225586,,,,,,,,,,6.9805e-06,1684,2.0
166900,0.8642306923866272,0.863362193107605,0.0001,26.017560958862305,1.984375,42.75,42.25,0.11139822006225586,,,,,,,,,,6.984625e-06,1685,1.984375
167000,0.8698176741600037,0.870721697807312,0.0001,21.421756744384766,1.9921875,40.75,39.75,0.11139822006225586,,,,,,,,,,6.988750000000001e-06,1686,1.9921875
167100,0.8830889463424683,0.8862263560295105,0.0001,17.174123764038086,1.9921875,36.0,34.5,0.11139822006225586,,,,,,,,,,6.992875000000001e-06,1687,1.9921875
167200,0.892263650894165,0.892971396446228,0.0001,16.55527687072754,1.984375,34.25,34.0,0.11139822006225586,,,,,,,,,,6.997e-06,1688,1.984375
167300,0.8828706741333008,0.8841004967689514,0.0001,12.560185432434082,2.0,36.5,34.75,0.11139822006225586,,,,,,,,,,7.001125000000001e-06,1689,2.0
167400,0.8716096878051758,0.8709280490875244,0.0001,17.340862274169922,2.0,39.25,38.75,0.11139822006225586,,,,,,,,,,7.005250000000001e-06,1690,2.0
167500,0.8756539225578308,0.8830610513687134,0.0001,9.592268943786621,2.0,39.5,37.25,0.11139822006225586,,,,,,,,,,7.009375e-06,1691,2.0
167600,0.8748018145561218,0.8748695850372314,0.0001,10.701516151428223,2.0,39.25,37.75,0.11139822006225586,,,,,,,,,,7.013500000000001e-06,1692,2.0
167700,0.8464093208312988,0.8435761332511902,0.0001,30.195890426635742,2.0,47.75,46.75,0.11139822006225586,,,,,,,,,,7.0176250000000004e-06,1693,2.0
167800,0.8889292478561401,0.887710452079773,0.0001,17.366273880004883,1.984375,33.0,32.25,0.11139822006225586,,,,,,,,,,7.021750000000002e-06,1694,1.984375
167900,0.8849911689758301,0.8843681812286377,0.0001,13.711481094360352,2.0,36.0,35.75,0.11139822006225586,,,,,,,,,,7.025875000000001e-06,1695,2.0
168000,0.8877166509628296,0.8855811357498169,0.0001,15.041864395141602,1.9921875,36.0,35.5,0.11139822006225586,,,,,,,,,,7.0300000000000005e-06,1696,1.9921875
168100,0.8480823040008545,0.8518377542495728,0.0001,12.236871719360352,2.0,47.25,46.0,0.11139822006225586,,,,,,,,,,7.034125e-06,1697,2.0
168200,0.8907953500747681,0.8918967247009277,0.0001,14.8977689743042,2.0,34.25,33.0,0.11139822006225586,,,,,,,,,,7.03825e-06,1698,2.0
168300,0.8614253997802734,0.8629444241523743,0.0001,16.21550941467285,2.0,43.25,43.0,0.11139822006225586,,,,,,,,,,7.042375000000001e-06,1699,2.0
168400,0.8728858232498169,0.8718724250793457,0.0001,17.98444175720215,1.9921875,40.25,39.25,0.11139822006225586,,,,,,,,,,7.0465e-06,1700,1.9921875
168500,0.8706951141357422,0.8703182935714722,0.0001,18.737821578979492,1.9921875,40.25,40.0,0.11139822006225586,,,,,,,,,,7.050625e-06,1701,1.9921875
168600,0.8574904203414917,0.8560055494308472,0.0001,16.90876579284668,1.9921875,43.25,43.0,0.11139822006225586,,,,,,,,,,7.0547500000000005e-06,1702,1.9921875
168700,0.8784849047660828,0.8809287548065186,0.0001,13.18308162689209,1.984375,37.5,36.25,0.11139822006225586,,,,,,,,,,7.058875e-06,1703,1.984375
168800,0.8834653496742249,0.8842344284057617,0.0001,13.005424499511719,2.0,36.5,36.0,0.11139822006225586,,,,,,,,,,7.063000000000001e-06,1704,2.0
168900,0.8623452186584473,0.8621678352355957,0.0001,28.535507202148438,2.0,43.5,43.0,0.11139822006225586,,,,,,,,,,7.0671250000000005e-06,1705,2.0
169000,0.8664055466651917,0.8650873899459839,0.0001,19.441020965576172,2.0,41.75,40.75,0.11139822006225586,,,,,,,,,,7.07125e-06,1706,2.0
169100,0.8672908544540405,0.8748912811279297,0.0001,14.870149612426758,2.0,43.25,40.0,0.11139822006225586,,,,,,,,,,7.075375000000001e-06,1707,2.0
169200,0.902476966381073,0.9048415422439575,0.0001,11.512094497680664,1.9921875,31.0,30.375,0.11139822006225586,,,,,,,,,,7.0795000000000006e-06,1708,1.9921875
169300,0.8417181968688965,0.8588029146194458,0.0001,16.255067825317383,1.9921875,46.0,41.0,0.11139822006225586,,,,,,,,,,7.083625e-06,1709,1.9921875
169400,0.8899270296096802,0.890486478805542,0.0001,14.00988483428955,2.0,33.75,33.75,0.11139822006225586,,,,,,,,,,7.08775e-06,1710,2.0
169500,0.8835411667823792,0.8864715099334717,0.0001,19.9611873626709,2.0,35.5,34.25,0.11139822006225586,,,,,,,,,,7.0918750000000015e-06,1711,2.0
169600,0.8818018436431885,0.881413996219635,0.0001,16.22115135192871,2.0,36.0,35.25,0.11139822006225586,,,,,,,,,,7.096e-06,1712,2.0
169700,0.8943683505058289,0.8912938833236694,0.0001,11.111950874328613,1.9921875,33.0,32.75,0.11139822006225586,,,,,,,,,,7.100125e-06,1713,1.9921875
169800,0.8549317121505737,0.8643490672111511,0.0001,19.70911979675293,1.9921875,46.75,42.5,0.11139822006225586,,,,,,,,,,7.104250000000001e-06,1714,1.9921875
169900,0.8570719957351685,0.8557651042938232,0.0001,24.14280128479004,1.9921875,43.5,43.0,0.11139822006225586,,,,,,,,,,7.108375e-06,1715,1.9921875
169950,,,,,,,,,0.11617220193147659,0.09511400759220123,0.0496879518032074,0.19367970526218414,0.0850118100643158,0.07669351249933243,0.06579647958278656,0.11593099683523178,0.10831301659345627,,1716,
170000,0.8657170534133911,0.8657950162887573,0.0001,19.436594009399414,1.9921875,40.75,41.0,0.11593099683523178,,,,,,,,,,7.112500000000001e-06,1717,1.9921875
170100,0.8811830282211304,0.8807568550109863,0.0001,20.334259033203125,2.0,37.5,37.5,0.11593099683523178,,,,,,,,,,7.116625000000001e-06,1718,2.0
170200,0.8674166202545166,0.8657957911491394,0.0001,17.055452346801758,1.9921875,39.75,39.5,0.11593099683523178,,,,,,,,,,7.1207499999999995e-06,1719,1.9921875
170300,0.8723715543746948,0.873957633972168,0.0001,11.549383163452148,1.9921875,39.25,38.5,0.11593099683523178,,,,,,,,,,7.124875000000001e-06,1720,1.9921875
170400,0.8873535990715027,0.8877806067466736,0.0001,27.58070945739746,2.0,36.0,35.0,0.11593099683523178,,,,,,,,,,7.129000000000001e-06,1721,2.0
170500,0.8848938345909119,0.8866574764251709,0.0001,22.549528121948242,2.0,35.5,35.0,0.11593099683523178,,,,,,,,,,7.133125e-06,1722,2.0
170600,0.8637347221374512,0.8626335263252258,0.0001,27.854461669921875,2.0,42.25,41.25,0.11593099683523178,,,,,,,,,,7.13725e-06,1723,2.0
170700,0.8734131455421448,0.8735414743423462,0.0001,27.200321197509766,1.9921875,39.5,39.5,0.11593099683523178,,,,,,,,,,7.1413750000000016e-06,1724,1.9921875
170800,0.8709268569946289,0.8708529472351074,0.0001,20.466144561767578,2.0,40.25,39.25,0.11593099683523178,,,,,,,,,,7.1455000000000005e-06,1725,2.0
170900,0.8438572883605957,0.8467559814453125,0.0001,36.4278450012207,2.0,48.0,45.25,0.11593099683523178,,,,,,,,,,7.149625e-06,1726,2.0
171000,0.8894317150115967,0.8932201862335205,0.0001,23.779666900634766,2.0,34.75,32.0,0.11593099683523178,,,,,,,,,,7.153750000000001e-06,1727,2.0
171100,0.858451783657074,0.8673578500747681,0.0001,34.33694076538086,2.0,46.25,42.25,0.11593099683523178,,,,,,,,,,7.1578750000000005e-06,1728,2.0
171200,0.8575966954231262,0.8744814395904541,0.0001,60.155067443847656,2.0,44.25,37.25,0.11593099683523178,,,,,,,,,,7.162000000000001e-06,1729,2.0
171300,0.8763512372970581,0.8880631923675537,0.0001,26.20808219909668,1.984375,38.5,35.0,0.11593099683523178,,,,,,,,,,7.166125000000001e-06,1730,1.984375
171400,0.8881353139877319,0.8914175033569336,0.0001,17.141592025756836,1.9921875,36.0,34.0,0.11593099683523178,,,,,,,,,,7.17025e-06,1731,1.9921875
171500,0.7763668298721313,0.8703104257583618,0.0001,33.05865478515625,1.984375,74.0,39.25,0.11593099683523178,,,,,,,,,,7.174375000000001e-06,1732,1.984375
171600,0.8741598129272461,0.8776048421859741,0.0001,16.217100143432617,2.0,40.25,39.0,0.11593099683523178,,,,,,,,,,7.178500000000001e-06,1733,2.0
171700,0.8705323934555054,0.8714516162872314,0.0001,16.07304573059082,2.0,41.5,40.0,0.11593099683523178,,,,,,,,,,7.1826250000000005e-06,1734,2.0
171800,0.8646658658981323,0.8665936589241028,0.0001,16.357606887817383,2.0,40.5,39.5,0.11593099683523178,,,,,,,,,,7.18675e-06,1735,2.0
171900,0.8874964118003845,0.8866548538208008,0.0001,17.51323127746582,2.0,34.25,34.0,0.11593099683523178,,,,,,,,,,7.190875000000002e-06,1736,2.0
172000,0.8768859505653381,0.8771700263023376,0.0001,17.459903717041016,2.0,39.5,39.0,0.11593099683523178,,,,,,,,,,7.1950000000000006e-06,1737,2.0
172100,0.8815704584121704,0.8848516345024109,0.0001,15.629465103149414,1.9921875,37.5,36.75,0.11593099683523178,,,,,,,,,,7.199125e-06,1738,1.9921875
172200,0.8680795431137085,0.8698890209197998,0.0001,15.2549467086792,1.9921875,40.0,39.25,0.11593099683523178,,,,,,,,,,7.203250000000001e-06,1739,1.9921875
172300,0.8760995864868164,0.876100480556488,0.0001,12.308366775512695,2.0,38.75,38.5,0.11593099683523178,,,,,,,,,,7.207375000000001e-06,1740,2.0
172400,0.8987650871276855,0.9000879526138306,0.0001,16.582691192626953,1.9921875,31.75,31.0,0.11593099683523178,,,,,,,,,,7.211500000000001e-06,1741,1.9921875
172500,0.8794470429420471,0.878798246383667,0.0001,21.275257110595703,2.0,38.0,37.5,0.11593099683523178,,,,,,,,,,7.215625000000001e-06,1742,2.0
172600,0.854366660118103,0.8510666489601135,0.0001,37.18506622314453,2.0,44.5,44.0,0.11593099683523178,,,,,,,,,,7.21975e-06,1743,2.0
172700,0.8802100419998169,0.8795496225357056,0.0001,22.603017807006836,1.9921875,37.25,36.75,0.11593099683523178,,,,,,,,,,7.223875000000001e-06,1744,1.9921875
172800,0.9063368439674377,0.906041145324707,0.0001,13.13110065460205,2.0,29.375,28.625,0.11593099683523178,,,,,,,,,,7.228000000000001e-06,1745,2.0
172900,0.8964792490005493,0.8969383239746094,0.0001,14.897854804992676,2.0,32.75,32.5,0.11593099683523178,,,,,,,,,,7.232125000000001e-06,1746,2.0
173000,0.8779677748680115,0.8828717470169067,0.0001,17.893966674804688,1.9921875,37.75,35.75,0.11593099683523178,,,,,,,,,,7.23625e-06,1747,1.9921875
173100,0.8778358697891235,0.8785662055015564,0.0001,12.6246976852417,1.9921875,37.25,36.75,0.11593099683523178,,,,,,,,,,7.240375000000001e-06,1748,1.9921875
173200,0.8582668304443359,0.8613175749778748,0.0001,20.4809513092041,1.9921875,45.0,42.75,0.11593099683523178,,,,,,,,,,7.244500000000001e-06,1749,1.9921875
173300,0.8769493103027344,0.8766831159591675,0.0001,24.42060661315918,1.984375,38.5,36.5,0.11593099683523178,,,,,,,,,,7.248625e-06,1750,1.984375
173400,0.8535816669464111,0.8566001653671265,0.0001,19.765703201293945,2.0,45.75,44.0,0.11593099683523178,,,,,,,,,,7.252750000000001e-06,1751,2.0
173500,0.8555898666381836,0.8544310331344604,0.0001,29.02630043029785,1.9921875,44.5,43.75,0.11593099683523178,,,,,,,,,,7.256875000000001e-06,1752,1.9921875
173600,0.8514586091041565,0.850541353225708,0.0001,41.43962860107422,1.9921875,46.75,46.25,0.11593099683523178,,,,,,,,,,7.261000000000001e-06,1753,1.9921875
173700,0.8986480236053467,0.9047352075576782,0.0001,9.177342414855957,1.9921875,32.0,29.75,0.11593099683523178,,,,,,,,,,7.265125000000001e-06,1754,1.9921875
173800,0.840720534324646,0.8397955894470215,0.0001,22.786270141601562,2.0,49.25,47.75,0.11593099683523178,,,,,,,,,,7.26925e-06,1755,2.0
173900,0.8825857639312744,0.887800395488739,0.0001,20.251102447509766,2.0,36.75,34.5,0.11593099683523178,,,,,,,,,,7.273375000000001e-06,1756,2.0
174000,0.8740018606185913,0.873576819896698,0.0001,12.329398155212402,2.0,39.5,39.5,0.11593099683523178,,,,,,,,,,7.277500000000001e-06,1757,2.0
174100,0.8636999130249023,0.8642914295196533,0.0001,20.454509735107422,1.9921875,42.0,40.75,0.11593099683523178,,,,,,,,,,7.281625000000001e-06,1758,1.9921875
174200,0.8580485582351685,0.8603559732437134,0.0001,22.870574951171875,1.9921875,43.75,41.5,0.11593099683523178,,,,,,,,,,7.2857500000000005e-06,1759,1.9921875
174300,0.8521461486816406,0.8511385917663574,0.0001,27.0465145111084,2.0,44.5,43.25,0.11593099683523178,,,,,,,,,,7.289874999999999e-06,1760,2.0
174400,0.8975468277931213,0.8961000442504883,0.0001,21.508634567260742,2.0,31.75,31.5,0.11593099683523178,,,,,,,,,,7.294000000000001e-06,1761,2.0
174500,0.8716952800750732,0.8712558746337891,0.0001,27.897994995117188,2.0,40.0,39.75,0.11593099683523178,,,,,,,,,,7.2981250000000005e-06,1762,2.0
174600,0.8843861818313599,0.8883436918258667,0.0001,18.993743896484375,1.9921875,36.5,35.0,0.11593099683523178,,,,,,,,,,7.302250000000001e-06,1763,1.9921875
174700,0.8818179965019226,0.883607029914856,0.0001,19.227041244506836,1.9921875,36.25,34.5,0.11593099683523178,,,,,,,,,,7.306375e-06,1764,1.9921875
174800,0.8760260939598083,0.8781298398971558,0.0001,19.301490783691406,1.9921875,38.25,37.75,0.11593099683523178,,,,,,,,,,7.310500000000001e-06,1765,1.9921875
174900,0.8967308402061462,0.8966660499572754,0.0001,17.461034774780273,2.0,32.0,32.25,0.11593099683523178,,,,,,,,,,7.314625000000001e-06,1766,2.0
175000,0.8715683221817017,0.870742917060852,0.0001,26.1791934967041,1.9921875,39.5,39.0,0.11593099683523178,,,,,,,,,,7.31875e-06,1767,1.9921875
175100,0.8857957124710083,0.8859469294548035,0.0001,15.411422729492188,2.0,36.5,36.0,0.11593099683523178,,,,,,,,,,7.322875000000001e-06,1768,2.0
175200,0.8645647764205933,0.8641178607940674,0.0001,24.61922836303711,1.9921875,42.0,41.0,0.11593099683523178,,,,,,,,,,7.327000000000001e-06,1769,1.9921875
175300,0.8800448179244995,0.8794834017753601,0.0001,19.528688430786133,2.0,37.0,36.75,0.11593099683523178,,,,,,,,,,7.331125000000001e-06,1770,2.0
175400,0.8742403984069824,0.8747419714927673,0.0001,23.41082191467285,2.0,38.5,37.5,0.11593099683523178,,,,,,,,,,7.335250000000001e-06,1771,2.0
175500,0.8691853284835815,0.8687382936477661,0.0001,24.5479793548584,1.984375,40.5,39.5,0.11593099683523178,,,,,,,,,,7.3393749999999995e-06,1772,1.984375
175600,0.5988828539848328,0.9014502763748169,0.0001,72.54569244384766,1.984375,220.0,30.5,0.11593099683523178,,,,,,,,,,7.343500000000001e-06,1773,1.984375
175700,0.9069754481315613,0.9091412425041199,0.0001,20.116912841796875,1.9921875,29.25,28.375,0.11593099683523178,,,,,,,,,,7.347625000000001e-06,1774,1.9921875
175800,0.8913166522979736,0.890709400177002,0.0001,15.31017017364502,1.9921875,33.75,33.25,0.11593099683523178,,,,,,,,,,7.351750000000001e-06,1775,1.9921875
175900,0.8929341435432434,0.8932431936264038,0.0001,15.628180503845215,1.9921875,33.5,32.25,0.11593099683523178,,,,,,,,,,7.355875e-06,1776,1.9921875
176000,0.882402777671814,0.8807135224342346,0.0001,25.672239303588867,1.984375,37.0,36.5,0.11593099683523178,,,,,,,,,,7.360000000000001e-06,1777,1.984375
176100,0.8699897527694702,0.8705798387527466,0.0001,14.992655754089355,2.0,40.0,38.75,0.11593099683523178,,,,,,,,,,7.364125000000001e-06,1778,2.0
176200,0.8685351610183716,0.8680058717727661,0.0001,23.672040939331055,1.9921875,40.5,39.0,0.11593099683523178,,,,,,,,,,7.36825e-06,1779,1.9921875
176300,0.8519340753555298,0.8676750659942627,0.0001,30.89911460876465,1.9921875,45.75,39.5,0.11593099683523178,,,,,,,,,,7.372375000000001e-06,1780,1.9921875
176400,0.8461218476295471,0.8461172580718994,0.0001,15.912139892578125,2.0,47.75,46.75,0.11593099683523178,,,,,,,,,,7.376500000000001e-06,1781,2.0
176500,0.8955288529396057,0.897149920463562,0.0001,26.21555519104004,2.0,33.25,31.25,0.11593099683523178,,,,,,,,,,7.380625000000001e-06,1782,2.0
176600,0.897328794002533,0.8970186710357666,0.0001,9.71566390991211,1.9921875,31.25,30.875,0.11593099683523178,,,,,,,,,,7.384750000000001e-06,1783,1.9921875
176700,0.8546115159988403,0.8555766940116882,0.0001,23.67361831665039,2.0,45.75,44.5,0.11593099683523178,,,,,,,,,,7.388875e-06,1784,2.0
176800,0.885791003704071,0.8852821588516235,0.0001,28.07712173461914,2.0,35.5,34.0,0.11593099683523178,,,,,,,,,,7.393000000000001e-06,1785,2.0
176900,0.8850233554840088,0.8835563659667969,0.0001,14.478894233703613,2.0,34.75,34.0,0.11593099683523178,,,,,,,,,,7.397125000000001e-06,1786,2.0
177000,0.8879839777946472,0.8895002603530884,0.0001,17.395328521728516,1.984375,35.0,33.5,0.11593099683523178,,,,,,,,,,7.401250000000001e-06,1787,1.984375
177100,0.7903369665145874,0.8868695497512817,0.0001,17.896244049072266,2.0,71.5,34.5,0.11593099683523178,,,,,,,,,,7.405375e-06,1788,2.0
177200,0.9001342058181763,0.9010193943977356,0.0001,10.856035232543945,1.9921875,31.75,31.0,0.11593099683523178,,,,,,,,,,7.409500000000001e-06,1789,1.9921875
177300,0.8576310873031616,0.8620179891586304,0.0001,34.198177337646484,2.0,44.0,42.0,0.11593099683523178,,,,,,,,,,7.413625000000001e-06,1790,2.0
177400,0.8788593411445618,0.8800218105316162,0.0001,11.70842170715332,2.0,37.5,36.75,0.11593099683523178,,,,,,,,,,7.41775e-06,1791,2.0
177500,0.8979001641273499,0.9009594917297363,0.0001,10.12409496307373,1.9921875,30.875,30.25,0.11593099683523178,,,,,,,,,,7.421875000000001e-06,1792,1.9921875
177600,0.8854832649230957,0.8895684480667114,0.0001,15.262422561645508,1.9921875,36.0,34.0,0.11593099683523178,,,,,,,,,,7.426000000000001e-06,1793,1.9921875
177700,0.8667907118797302,0.8636740446090698,0.0001,35.023311614990234,2.0,41.5,41.0,0.11593099683523178,,,,,,,,,,7.430125e-06,1794,2.0
177800,0.8820085525512695,0.88850998878479,0.0001,20.333526611328125,1.984375,36.75,35.0,0.11593099683523178,,,,,,,,,,7.434250000000001e-06,1795,1.984375
177900,0.8676655292510986,0.8648020029067993,0.0001,21.757741928100586,2.0,40.75,39.5,0.11593099683523178,,,,,,,,,,7.438375e-06,1796,2.0
178000,0.8980432748794556,0.8974865078926086,0.0001,12.96013355255127,1.9921875,31.375,31.0,0.11593099683523178,,,,,,,,,,7.442500000000001e-06,1797,1.9921875
178100,0.8777973651885986,0.8766574859619141,0.0001,24.091266632080078,2.0,37.75,37.25,0.11593099683523178,,,,,,,,,,7.446625000000001e-06,1798,2.0
178200,0.8713281154632568,0.8726361989974976,0.0001,16.429725646972656,2.0,39.75,39.0,0.11593099683523178,,,,,,,,,,7.450750000000001e-06,1799,2.0
178300,0.8595156669616699,0.8610903024673462,0.0001,19.41261100769043,2.0,42.5,41.75,0.11593099683523178,,,,,,,,,,7.454875e-06,1800,2.0
178400,0.8779466152191162,0.8762801289558411,0.0001,15.620920181274414,2.0,39.0,38.75,0.11593099683523178,,,,,,,,,,7.459000000000001e-06,1801,2.0
178500,0.8480817675590515,0.8587971925735474,0.0001,18.515073776245117,2.0,46.5,42.5,0.11593099683523178,,,,,,,,,,7.463125000000001e-06,1802,2.0
178600,0.8770559430122375,0.8752691745758057,0.0001,16.958951950073242,2.0,37.75,37.0,0.11593099683523178,,,,,,,,,,7.46725e-06,1803,2.0
178700,0.9007090330123901,0.9003697633743286,0.0001,12.139721870422363,2.0,31.0,31.0,0.11593099683523178,,,,,,,,,,7.471375000000001e-06,1804,2.0
178800,0.8526845574378967,0.8539544343948364,0.0001,22.22017478942871,2.0,44.5,43.5,0.11593099683523178,,,,,,,,,,7.475500000000001e-06,1805,2.0
178900,0.8730819225311279,0.8722654581069946,0.0001,16.253725051879883,1.9921875,40.25,39.5,0.11593099683523178,,,,,,,,,,7.479625e-06,1806,1.9921875
179000,0.8612427711486816,0.8607286214828491,0.0001,25.38728141784668,2.0,42.25,42.0,0.11593099683523178,,,,,,,,,,7.483750000000001e-06,1807,2.0
179100,0.8731004595756531,0.8715682625770569,0.0001,11.733217239379883,2.0,38.75,38.0,0.11593099683523178,,,,,,,,,,7.487875e-06,1808,2.0
179200,0.8749745488166809,0.8748809099197388,0.0001,17.683284759521484,2.0,39.0,38.25,0.11593099683523178,,,,,,,,,,7.492000000000001e-06,1809,2.0
179300,0.8817757368087769,0.8815677165985107,0.0001,21.940950393676758,2.0,37.75,37.75,0.11593099683523178,,,,,,,,,,7.496125000000001e-06,1810,2.0
179400,0.8642828464508057,0.863994836807251,0.0001,18.059110641479492,2.0,41.25,40.75,0.11593099683523178,,,,,,,,,,7.500250000000001e-06,1811,2.0
179500,0.8671263456344604,0.8614645004272461,0.0001,17.637765884399414,2.0,41.0,40.5,0.11593099683523178,,,,,,,,,,7.5043750000000005e-06,1812,2.0
179600,0.8828161358833313,0.8831524848937988,0.0001,24.23688316345215,2.0,34.75,34.25,0.11593099683523178,,,,,,,,,,7.508500000000001e-06,1813,2.0
179700,0.8617589473724365,0.864571213722229,0.0001,16.737272262573242,2.0,42.5,40.75,0.11593099683523178,,,,,,,,,,7.512625000000001e-06,1814,2.0
179800,0.8553746938705444,0.8567752838134766,0.0001,20.372404098510742,1.9921875,44.0,42.5,0.11593099683523178,,,,,,,,,,7.5167500000000005e-06,1815,1.9921875
179900,0.8587609529495239,0.8583301305770874,0.0001,19.573720932006836,2.0,43.25,41.5,0.11593099683523178,,,,,,,,,,7.520875000000001e-06,1816,2.0
179950,,,,,,,,,0.12153735756874084,0.10574223101139069,0.04159698635339737,0.13960513472557068,0.08399105817079544,0.07727634161710739,0.0720815658569336,0.10993297398090363,0.10002406686544418,,1817,
180000,0.8896773457527161,0.8903282880783081,0.0001,16.32836151123047,1.9921875,34.0,32.5,0.10993297398090363,,,,,,,,,,7.525e-06,1818,1.9921875
180100,0.8815145492553711,0.8817458152770996,0.0001,18.307836532592773,2.0,37.25,36.25,0.10993297398090363,,,,,,,,,,7.5291250000000005e-06,1819,2.0
180200,0.8509552478790283,0.8615447878837585,0.0001,22.431425094604492,2.0,47.25,44.0,0.10993297398090363,,,,,,,,,,7.533250000000001e-06,1820,2.0
180300,0.880194902420044,0.8791731595993042,0.0001,20.429304122924805,1.9921875,37.5,37.0,0.10993297398090363,,,,,,,,,,7.537375e-06,1821,1.9921875
180400,0.8576161861419678,0.8574936389923096,0.0001,25.62548828125,2.0,43.0,42.0,0.10993297398090363,,,,,,,,,,7.5415000000000006e-06,1822,2.0
180500,0.8761304020881653,0.8813389539718628,0.0001,19.020645141601562,2.0,38.5,36.0,0.10993297398090363,,,,,,,,,,7.545625000000001e-06,1823,2.0
180600,0.8920596241950989,0.9100330471992493,0.0001,11.426848411560059,1.984375,33.25,27.25,0.10993297398090363,,,,,,,,,,7.54975e-06,1824,1.984375
180700,0.8692355155944824,0.8681475520133972,0.0001,17.11006736755371,2.0,40.25,39.75,0.10993297398090363,,,,,,,,,,7.553875000000001e-06,1825,2.0
180800,0.8456640243530273,0.8444890975952148,0.0001,21.760122299194336,1.9921875,45.75,43.5,0.10993297398090363,,,,,,,,,,7.5579999999999995e-06,1826,1.9921875
180900,0.8986233472824097,0.8982254862785339,0.0001,20.322744369506836,2.0,32.25,31.5,0.10993297398090363,,,,,,,,,,7.562125000000001e-06,1827,2.0
181000,0.8558242321014404,0.8593217134475708,0.0001,14.731375694274902,2.0,45.0,44.0,0.10993297398090363,,,,,,,,,,7.566250000000001e-06,1828,2.0
181100,0.8689846396446228,0.8687724471092224,0.0001,23.073362350463867,2.0,40.0,39.25,0.10993297398090363,,,,,,,,,,7.570375000000001e-06,1829,2.0
181200,0.8662935495376587,0.8660857677459717,0.0001,21.008441925048828,1.9921875,41.5,40.25,0.10993297398090363,,,,,,,,,,7.5745e-06,1830,1.9921875
181300,0.8986298441886902,0.9009831547737122,0.0001,11.00860595703125,2.0,31.5,29.75,0.10993297398090363,,,,,,,,,,7.578625000000001e-06,1831,2.0
181400,0.8716878890991211,0.8714678287506104,0.0001,20.945940017700195,2.0,39.5,39.25,0.10993297398090363,,,,,,,,,,7.582750000000001e-06,1832,2.0
181500,0.8606929779052734,0.8610379695892334,0.0001,22.22454261779785,2.0,42.75,42.0,0.10993297398090363,,,,,,,,,,7.586875e-06,1833,2.0
181600,0.8591227531433105,0.8596503734588623,0.0001,23.228561401367188,1.9921875,43.75,43.0,0.10993297398090363,,,,,,,,,,7.591000000000001e-06,1834,1.9921875
181700,0.8745934963226318,0.8770943880081177,0.0001,12.268866539001465,2.0,38.25,36.25,0.10993297398090363,,,,,,,,,,7.595125000000001e-06,1835,2.0
181800,0.8654337525367737,0.8759629726409912,0.0001,13.642328262329102,1.9921875,42.0,37.5,0.10993297398090363,,,,,,,,,,7.59925e-06,1836,1.9921875
181900,0.8798195123672485,0.8785191774368286,0.0001,10.979161262512207,2.0,38.5,37.75,0.10993297398090363,,,,,,,,,,7.603375000000001e-06,1837,2.0
182000,0.8022217750549316,0.8618870973587036,0.0001,24.95184898376465,1.9921875,65.0,43.75,0.10993297398090363,,,,,,,,,,7.6075e-06,1838,1.9921875
182100,0.8908557295799255,0.889345645904541,0.0001,24.8170108795166,2.0,35.25,34.5,0.10993297398090363,,,,,,,,,,7.611625000000001e-06,1839,2.0
182200,0.8768317103385925,0.877828061580658,0.0001,24.522911071777344,2.0,38.25,36.25,0.10993297398090363,,,,,,,,,,7.615750000000001e-06,1840,2.0
182300,0.8517361283302307,0.8531692028045654,0.0001,28.22711753845215,2.0,45.0,44.0,0.10993297398090363,,,,,,,,,,7.619875000000001e-06,1841,2.0
182400,0.8838925361633301,0.899297297000885,0.0001,12.097342491149902,2.0,36.75,30.875,0.10993297398090363,,,,,,,,,,7.624e-06,1842,2.0
182500,0.8565675020217896,0.856816828250885,0.0001,16.155597686767578,1.9921875,43.25,42.0,0.10993297398090363,,,,,,,,,,7.628125000000001e-06,1843,1.9921875
182600,0.8715920448303223,0.8744282126426697,0.0001,25.97344970703125,2.0,39.25,37.5,0.10993297398090363,,,,,,,,,,7.632250000000001e-06,1844,2.0
182700,0.8460193276405334,0.8768225908279419,0.0001,25.644214630126953,2.0,48.0,38.5,0.10993297398090363,,,,,,,,,,7.636375e-06,1845,2.0
182800,0.8881391286849976,0.8971549272537231,0.0001,17.523969650268555,1.984375,34.5,31.5,0.10993297398090363,,,,,,,,,,7.6405e-06,1846,1.984375
182900,0.8580268621444702,0.8922725915908813,0.0001,15.310022354125977,1.9921875,44.5,31.625,0.10993297398090363,,,,,,,,,,7.644625000000001e-06,1847,1.9921875
183000,0.8769327402114868,0.8758174180984497,0.0001,24.734704971313477,1.9921875,37.5,37.0,0.10993297398090363,,,,,,,,,,7.64875e-06,1848,1.9921875
183100,0.8950214982032776,0.8952277898788452,0.0001,16.98734474182129,1.984375,33.25,32.25,0.10993297398090363,,,,,,,,,,7.652875e-06,1849,1.984375
183200,0.8859068155288696,0.8866360187530518,0.0001,31.570524215698242,2.0,36.25,35.5,0.10993297398090363,,,,,,,,,,7.657e-06,1850,2.0
183300,0.8395657539367676,0.8517673015594482,0.0001,19.46442413330078,2.0,47.75,43.5,0.10993297398090363,,,,,,,,,,7.661125000000002e-06,1851,2.0
183400,0.8551365733146667,0.8548851013183594,0.0001,16.979887008666992,1.9921875,45.75,45.25,0.10993297398090363,,,,,,,,,,7.665250000000001e-06,1852,1.9921875
183500,0.8645086288452148,0.8681595325469971,0.0001,22.141965866088867,1.9921875,41.75,39.5,0.10993297398090363,,,,,,,,,,7.669375e-06,1853,1.9921875
183600,0.8642625212669373,0.8653707504272461,0.0001,33.189857482910156,1.9921875,41.5,41.0,0.10993297398090363,,,,,,,,,,7.6735e-06,1854,1.9921875
183700,0.87513267993927,0.8749316334724426,0.0001,35.17034912109375,2.0,39.5,37.75,0.10993297398090363,,,,,,,,,,7.677625000000001e-06,1855,2.0
183800,0.8818460702896118,0.8806703686714172,0.0001,15.31180477142334,1.9921875,36.75,36.0,0.10993297398090363,,,,,,,,,,7.681750000000001e-06,1856,1.9921875
183900,0.836872935295105,0.8451413512229919,0.0001,23.619531631469727,1.9921875,51.5,47.5,0.10993297398090363,,,,,,,,,,7.685875e-06,1857,1.9921875
184000,0.8726075887680054,0.8717269897460938,0.0001,39.50139617919922,1.9921875,38.5,38.25,0.10993297398090363,,,,,,,,,,7.690000000000001e-06,1858,1.9921875
184100,0.8769906759262085,0.8786244988441467,0.0001,22.953014373779297,1.9921875,39.0,38.25,0.10993297398090363,,,,,,,,,,7.694125000000001e-06,1859,1.9921875
184200,0.8568777441978455,0.8553828001022339,0.0001,21.15009117126465,2.0,42.0,41.75,0.10993297398090363,,,,,,,,,,7.69825e-06,1860,2.0
184300,0.8807581067085266,0.8804246783256531,0.0001,23.843647003173828,2.0,37.75,37.5,0.10993297398090363,,,,,,,,,,7.702375000000001e-06,1861,2.0
184400,0.8862571716308594,0.8935896158218384,0.0001,17.91086196899414,2.0,35.0,31.75,0.10993297398090363,,,,,,,,,,7.7065e-06,1862,2.0
184500,0.8437104225158691,0.8710888028144836,0.0001,31.23093605041504,1.9921875,46.75,38.5,0.10993297398090363,,,,,,,,,,7.710625000000002e-06,1863,1.9921875
184600,0.8634389042854309,0.8629505038261414,0.0001,16.513891220092773,2.0,41.75,41.25,0.10993297398090363,,,,,,,,,,7.714750000000001e-06,1864,2.0
184700,0.8772186636924744,0.8741011619567871,0.0001,26.19025230407715,1.9921875,37.5,36.75,0.10993297398090363,,,,,,,,,,7.718875e-06,1865,1.9921875
184800,0.875404417514801,0.8757071495056152,0.0001,14.819907188415527,1.984375,38.25,38.0,0.10993297398090363,,,,,,,,,,7.723e-06,1866,1.984375
184900,0.8844777941703796,0.8905752897262573,0.0001,17.993249893188477,2.0,35.5,33.25,0.10993297398090363,,,,,,,,,,7.727125000000001e-06,1867,2.0
185000,0.8763474822044373,0.877846360206604,0.0001,13.764487266540527,1.9921875,39.0,38.0,0.10993297398090363,,,,,,,,,,7.731250000000002e-06,1868,1.9921875
185100,0.8777806758880615,0.8792710304260254,0.0001,22.475492477416992,1.9921875,38.25,37.25,0.10993297398090363,,,,,,,,,,7.735375e-06,1869,1.9921875
185200,0.8686008453369141,0.8694850206375122,0.0001,19.442073822021484,2.0,39.75,38.5,0.10993297398090363,,,,,,,,,,7.7395e-06,1870,2.0
185300,0.8885453939437866,0.8865783214569092,0.0001,22.202442169189453,1.9921875,34.75,34.25,0.10993297398090363,,,,,,,,,,7.743625000000002e-06,1871,1.9921875
185400,0.8356913924217224,0.8713043928146362,0.0001,27.06221580505371,2.0,51.0,38.25,0.10993297398090363,,,,,,,,,,7.74775e-06,1872,2.0
185500,0.8650946617126465,0.8634623885154724,0.0001,21.3166446685791,2.0,41.75,41.0,0.10993297398090363,,,,,,,,,,7.751875000000001e-06,1873,2.0
185600,0.8781784772872925,0.8797915577888489,0.0001,16.286380767822266,1.9921875,36.75,35.5,0.10993297398090363,,,,,,,,,,7.756e-06,1874,1.9921875
185700,0.8673566579818726,0.8659961223602295,0.0001,14.096017837524414,1.9921875,41.25,40.5,0.10993297398090363,,,,,,,,,,7.760125000000002e-06,1875,1.9921875
185800,0.8651016354560852,0.8637277483940125,0.0001,25.005638122558594,2.0,41.25,40.25,0.10993297398090363,,,,,,,,,,7.764250000000001e-06,1876,2.0
185900,0.8553871512413025,0.8562825918197632,0.0001,19.894495010375977,2.0,44.0,43.5,0.10993297398090363,,,,,,,,,,7.768375e-06,1877,2.0
186000,0.8904329538345337,0.8893805146217346,0.0001,16.823400497436523,1.9921875,34.25,33.5,0.10993297398090363,,,,,,,,,,7.7725e-06,1878,1.9921875
186100,0.876608669757843,0.8760814666748047,0.0001,13.21052074432373,2.0,37.75,37.75,0.10993297398090363,,,,,,,,,,7.776625e-06,1879,2.0
186200,0.886698842048645,0.885652482509613,0.0001,20.665021896362305,1.9921875,35.0,33.75,0.10993297398090363,,,,,,,,,,7.780750000000002e-06,1880,1.9921875
186300,0.8941216468811035,0.8979434967041016,0.0001,12.093745231628418,1.984375,33.75,31.875,0.10993297398090363,,,,,,,,,,7.784875e-06,1881,1.984375
186400,0.8745546936988831,0.8749535083770752,0.0001,17.342214584350586,2.0,39.75,40.0,0.10993297398090363,,,,,,,,,,7.789e-06,1882,2.0
186500,0.8491142392158508,0.8498753905296326,0.0001,19.23032569885254,2.0,45.75,45.25,0.10993297398090363,,,,,,,,,,7.793125e-06,1883,2.0
186600,0.8826745748519897,0.8846698999404907,0.0001,15.970438957214355,1.984375,36.75,35.75,0.10993297398090363,,,,,,,,,,7.79725e-06,1884,1.984375
186700,0.8840339183807373,0.885096549987793,0.0001,29.905431747436523,2.0,35.75,34.5,0.10993297398090363,,,,,,,,,,7.801375000000001e-06,1885,2.0
186800,0.8975850343704224,0.8961300849914551,0.0001,13.588574409484863,1.9921875,31.75,31.625,0.10993297398090363,,,,,,,,,,7.8055e-06,1886,1.9921875
186900,0.8828550577163696,0.882643461227417,0.0001,20.139535903930664,1.984375,36.0,35.5,0.10993297398090363,,,,,,,,,,7.809625e-06,1887,1.984375
187000,0.8629683256149292,0.8642022013664246,0.0001,22.236988067626953,2.0,42.0,41.5,0.10993297398090363,,,,,,,,,,7.813750000000001e-06,1888,2.0
187100,0.893008828163147,0.8931317925453186,0.0001,16.2687931060791,1.9921875,33.5,32.5,0.10993297398090363,,,,,,,,,,7.817875e-06,1889,1.9921875
187200,0.8831610679626465,0.8838130235671997,0.0001,20.219839096069336,1.9921875,36.75,35.75,0.10993297398090363,,,,,,,,,,7.822e-06,1890,1.9921875
187300,0.8852300643920898,0.885637640953064,0.0001,16.816661834716797,1.9765625,37.0,35.75,0.10993297398090363,,,,,,,,,,7.826125e-06,1891,1.9765625
187400,0.7791717648506165,0.8773303627967834,0.0001,19.364656448364258,1.9921875,70.5,36.75,0.10993297398090363,,,,,,,,,,7.830250000000002e-06,1892,1.9921875
187500,0.8460346460342407,0.8519219160079956,0.0001,23.23080825805664,2.0,48.5,46.5,0.10993297398090363,,,,,,,,,,7.834375e-06,1893,2.0
187600,0.849281370639801,0.8589553833007812,0.0001,16.109731674194336,2.0,47.0,43.75,0.10993297398090363,,,,,,,,,,7.8385e-06,1894,2.0
187700,0.8758320212364197,0.8749618530273438,0.0001,20.974899291992188,2.0,38.75,38.25,0.10993297398090363,,,,,,,,,,7.842625e-06,1895,2.0
187800,0.8579456806182861,0.8601605892181396,0.0001,26.27020835876465,2.0,43.5,42.75,0.10993297398090363,,,,,,,,,,7.84675e-06,1896,2.0
187900,0.8770776987075806,0.8824238777160645,0.0001,13.98197078704834,1.9921875,38.25,35.5,0.10993297398090363,,,,,,,,,,7.850875000000001e-06,1897,1.9921875
188000,0.881648600101471,0.8799045085906982,0.0001,16.85638999938965,2.0,36.5,35.5,0.10993297398090363,,,,,,,,,,7.855e-06,1898,2.0
188100,0.8734637498855591,0.8761330246925354,0.0001,19.208097457885742,1.9921875,39.0,38.75,0.10993297398090363,,,,,,,,,,7.859124999999999e-06,1899,1.9921875
188200,0.8682847023010254,0.8693677186965942,0.0001,14.233682632446289,2.0,40.25,39.25,0.10993297398090363,,,,,,,,,,7.863250000000001e-06,1900,2.0
188300,0.8694543838500977,0.8689731359481812,0.0001,23.39000129699707,2.0,40.0,39.0,0.10993297398090363,,,,,,,,,,7.867375e-06,1901,2.0
188400,0.8512599468231201,0.850909411907196,0.0001,26.808927536010742,2.0,45.25,44.5,0.10993297398090363,,,,,,,,,,7.8715e-06,1902,2.0
188500,0.8529728651046753,0.852078378200531,0.0001,19.283031463623047,2.0,45.25,44.25,0.10993297398090363,,,,,,,,,,7.875625e-06,1903,2.0
188600,0.8878390789031982,0.8906080722808838,0.0001,18.881032943725586,2.0,36.0,35.0,0.10993297398090363,,,,,,,,,,7.879750000000002e-06,1904,2.0
188700,0.5662331581115723,0.9034415483474731,0.0001,15.083108901977539,2.0,254.0,30.0,0.10993297398090363,,,,,,,,,,7.883875e-06,1905,2.0
188800,0.882919192314148,0.8825969099998474,0.0001,15.908968925476074,2.0,37.0,35.75,0.10993297398090363,,,,,,,,,,7.888e-06,1906,2.0
188900,0.8831442594528198,0.8821438550949097,0.0001,19.47548484802246,2.0,34.75,34.5,0.10993297398090363,,,,,,,,,,7.892125e-06,1907,2.0
189000,0.8688499927520752,0.8682458400726318,0.0001,22.7098445892334,2.0,41.0,40.25,0.10993297398090363,,,,,,,,,,7.89625e-06,1908,2.0
189100,0.8485199213027954,0.8925086259841919,0.0001,14.567816734313965,1.9921875,48.75,33.25,0.10993297398090363,,,,,,,,,,7.900375000000001e-06,1909,1.9921875
189200,0.8918222784996033,0.8932803869247437,0.0001,16.31367301940918,2.0,34.25,33.75,0.10993297398090363,,,,,,,,,,7.9045e-06,1910,2.0
189300,0.8889866471290588,0.8874002695083618,0.0001,17.98634910583496,2.0,34.5,34.0,0.10993297398090363,,,,,,,,,,7.908625e-06,1911,2.0
189400,0.8637352585792542,0.8731701970100403,0.0001,15.145312309265137,2.0,41.0,37.0,0.10993297398090363,,,,,,,,,,7.912750000000001e-06,1912,2.0
189500,0.8751544952392578,0.8742315173149109,0.0001,34.69210433959961,1.984375,38.5,37.75,0.10993297398090363,,,,,,,,,,7.916875e-06,1913,1.984375
189600,0.8609936237335205,0.8607558012008667,0.0001,13.868573188781738,2.0,43.25,43.0,0.10993297398090363,,,,,,,,,,7.921000000000001e-06,1914,2.0
189700,0.8828071355819702,0.8849742412567139,0.0001,16.419506072998047,1.9921875,35.75,34.5,0.10993297398090363,,,,,,,,,,7.925125e-06,1915,1.9921875
189800,0.882165789604187,0.8836134076118469,0.0001,16.277801513671875,2.0,36.75,35.75,0.10993297398090363,,,,,,,,,,7.929250000000002e-06,1916,2.0
189900,0.8855619430541992,0.8831738233566284,0.0001,13.663023948669434,2.0,36.5,36.0,0.10993297398090363,,,,,,,,,,7.933375000000001e-06,1917,2.0
189950,,,,,,,,,0.14593587815761566,0.09599296003580093,0.0655563548207283,0.1657569408416748,0.07993213832378387,0.07904613763093948,0.05593717470765114,0.11653410643339157,0.08518315106630325,,1918,
190000,0.8813623785972595,0.8805141448974609,0.0001,22.817869186401367,1.984375,38.0,38.0,0.11653410643339157,,,,,,,,,,7.9375e-06,1919,1.984375
190100,0.8825087547302246,0.8816510438919067,0.0001,12.045790672302246,2.0,36.0,35.75,0.11653410643339157,,,,,,,,,,7.941625e-06,1920,2.0
190200,0.8913142681121826,0.8926447629928589,0.0001,21.670259475708008,1.984375,34.5,33.5,0.11653410643339157,,,,,,,,,,7.945750000000001e-06,1921,1.984375
190300,0.8565385341644287,0.8615485429763794,0.0001,18.40848159790039,1.9921875,44.75,42.25,0.11653410643339157,,,,,,,,,,7.949875000000002e-06,1922,1.9921875
190400,0.888174295425415,0.8886274099349976,0.0001,18.585315704345703,1.9921875,34.5,34.25,0.11653410643339157,,,,,,,,,,7.954e-06,1923,1.9921875
190500,0.8551054000854492,0.8552863001823425,0.0001,54.797603607177734,1.984375,44.25,43.25,0.11653410643339157,,,,,,,,,,7.958125e-06,1924,1.984375
190600,0.8717191815376282,0.8696479201316833,0.0001,24.521717071533203,2.0,39.5,38.75,0.11653410643339157,,,,,,,,,,7.962250000000002e-06,1925,2.0
190700,0.8647151589393616,0.8809676766395569,0.0001,15.870352745056152,1.9921875,43.0,36.75,0.11653410643339157,,,,,,,,,,7.966375e-06,1926,1.9921875
190800,0.8795228600502014,0.8823025226593018,0.0001,12.596905708312988,2.0,37.0,34.5,0.11653410643339157,,,,,,,,,,7.970500000000001e-06,1927,2.0
190900,0.8995543718338013,0.8996391296386719,0.0001,20.105520248413086,2.0,31.125,30.0,0.11653410643339157,,,,,,,,,,7.974625e-06,1928,2.0
191000,0.8792815804481506,0.8797929286956787,0.0001,37.538936614990234,1.9921875,38.5,38.25,0.11653410643339157,,,,,,,,,,7.97875e-06,1929,1.9921875
191100,0.8613448143005371,0.8640844821929932,0.0001,15.361058235168457,2.0,43.0,40.25,0.11653410643339157,,,,,,,,,,7.982875000000001e-06,1930,2.0
191200,0.8683618307113647,0.871461033821106,0.0001,18.861862182617188,1.984375,39.75,38.25,0.11653410643339157,,,,,,,,,,7.987e-06,1931,1.984375
191300,0.8607774972915649,0.8589951395988464,0.0001,23.242536544799805,1.9921875,43.0,42.75,0.11653410643339157,,,,,,,,,,7.991125e-06,1932,1.9921875
191400,0.888637125492096,0.8889421224594116,0.0001,11.325433731079102,1.9921875,35.5,34.0,0.11653410643339157,,,,,,,,,,7.995250000000001e-06,1933,1.9921875
191500,0.7725308537483215,0.8872137069702148,0.0001,12.35103988647461,1.9921875,80.0,34.5,0.11653410643339157,,,,,,,,,,7.999375000000002e-06,1934,1.9921875
191600,0.8665449619293213,0.8763505816459656,0.0001,32.59096908569336,2.0,42.5,39.0,0.11653410643339157,,,,,,,,,,8.0035e-06,1935,2.0
191700,0.8722454309463501,0.8712108731269836,0.0001,17.574350357055664,1.9921875,40.5,40.75,0.11653410643339157,,,,,,,,,,8.007625e-06,1936,1.9921875
191800,0.8356723785400391,0.8357598185539246,0.0001,30.602710723876953,2.0,49.0,48.75,0.11653410643339157,,,,,,,,,,8.011750000000002e-06,1937,2.0
191900,0.8764243125915527,0.8758448362350464,0.0001,24.803661346435547,2.0,39.0,38.5,0.11653410643339157,,,,,,,,,,8.015875e-06,1938,2.0
192000,0.8942015171051025,0.8950525522232056,0.0001,12.144007682800293,2.0,33.5,32.5,0.11653410643339157,,,,,,,,,,8.020000000000001e-06,1939,2.0
192100,0.8741341829299927,0.8726182579994202,0.0001,18.998062133789062,2.0,38.75,38.5,0.11653410643339157,,,,,,,,,,8.024125e-06,1940,2.0
192200,0.8776930570602417,0.8778250217437744,0.0001,40.67876052856445,2.0,38.5,38.5,0.11653410643339157,,,,,,,,,,8.028249999999999e-06,1941,2.0
192300,0.8670295476913452,0.8652499318122864,0.0001,26.6317195892334,2.0,40.25,40.0,0.11653410643339157,,,,,,,,,,8.032375000000001e-06,1942,2.0
192400,0.8784027099609375,0.8769466280937195,0.0001,13.837750434875488,2.0,37.75,37.0,0.11653410643339157,,,,,,,,,,8.0365e-06,1943,2.0
192500,0.86949223279953,0.8796113729476929,0.0001,12.447759628295898,1.9921875,39.5,34.75,0.11653410643339157,,,,,,,,,,8.040625e-06,1944,1.9921875
192600,0.8334892392158508,0.8546707034111023,0.0001,27.493886947631836,1.9921875,51.0,42.5,0.11653410643339157,,,,,,,,,,8.04475e-06,1945,1.9921875
192700,0.878105878829956,0.8763859868049622,0.0001,26.504352569580078,1.9921875,38.25,38.0,0.11653410643339157,,,,,,,,,,8.048875e-06,1946,1.9921875
192800,0.8745421171188354,0.871214747428894,0.0001,24.9189510345459,1.9921875,38.5,38.5,0.11653410643339157,,,,,,,,,,8.053e-06,1947,1.9921875
192900,0.8914989233016968,0.8921215534210205,0.0001,12.279227256774902,1.9921875,33.25,32.5,0.11653410643339157,,,,,,,,,,8.057125e-06,1948,1.9921875
193000,0.8892534375190735,0.8941835165023804,0.0001,14.406915664672852,1.9921875,35.0,32.5,0.11653410643339157,,,,,,,,,,8.06125e-06,1949,1.9921875
193100,0.8925505876541138,0.8926923274993896,0.0001,14.147711753845215,2.0,34.0,32.5,0.11653410643339157,,,,,,,,,,8.065375e-06,1950,2.0
193200,0.8871708512306213,0.8861367106437683,0.0001,26.8177490234375,2.0,36.0,36.0,0.11653410643339157,,,,,,,,,,8.069500000000001e-06,1951,2.0
193300,0.8727222681045532,0.8738194704055786,0.0001,26.10072898864746,1.9921875,39.0,38.25,0.11653410643339157,,,,,,,,,,8.073625e-06,1952,1.9921875
193400,0.8902127146720886,0.890430212020874,0.0001,31.538496017456055,2.0,34.5,34.25,0.11653410643339157,,,,,,,,,,8.077749999999999e-06,1953,2.0
193500,0.8657097816467285,0.8717095255851746,0.0001,18.85686492919922,2.0,40.5,38.5,0.11653410643339157,,,,,,,,,,8.081875000000001e-06,1954,2.0
193600,0.8677992224693298,0.8670748472213745,0.0001,16.490144729614258,1.9921875,40.5,39.25,0.11653410643339157,,,,,,,,,,8.086e-06,1955,1.9921875
193700,0.8865404725074768,0.8893581628799438,0.0001,23.59507179260254,1.9921875,35.5,34.25,0.11653410643339157,,,,,,,,,,8.090125e-06,1956,1.9921875
193800,0.8834537267684937,0.8805547952651978,0.0001,22.11016845703125,2.0,37.0,36.5,0.11653410643339157,,,,,,,,,,8.09425e-06,1957,2.0
193900,0.8708156943321228,0.8775098919868469,0.0001,27.790430068969727,1.984375,39.0,36.25,0.11653410643339157,,,,,,,,,,8.098375e-06,1958,1.984375
194000,0.8802499175071716,0.880063533782959,0.0001,11.312530517578125,2.0,37.5,37.25,0.11653410643339157,,,,,,,,,,8.1025e-06,1959,2.0
194100,0.8981279134750366,0.8965526223182678,0.0001,13.1854887008667,2.0,31.5,31.125,0.11653410643339157,,,,,,,,,,8.106625e-06,1960,2.0
194200,0.8897606134414673,0.8970145583152771,0.0001,11.581539154052734,1.9921875,34.0,31.375,0.11653410643339157,,,,,,,,,,8.11075e-06,1961,1.9921875
194300,0.8801038265228271,0.878667950630188,0.0001,20.66091537475586,2.0,37.0,35.75,0.11653410643339157,,,,,,,,,,8.114875e-06,1962,2.0
194400,0.8814425468444824,0.8818327784538269,0.0001,13.995287895202637,1.9921875,37.75,36.25,0.11653410643339157,,,,,,,,,,8.119000000000001e-06,1963,1.9921875
194500,0.8692282438278198,0.8689467906951904,0.0001,13.75090503692627,2.0,40.0,39.25,0.11653410643339157,,,,,,,,,,8.123125e-06,1964,2.0
194600,0.8894165754318237,0.8909406661987305,0.0001,40.86629867553711,1.984375,35.5,34.5,0.11653410643339157,,,,,,,,,,8.127249999999999e-06,1965,1.984375
194700,0.8762561082839966,0.8774219751358032,0.0001,13.708656311035156,2.0,38.5,37.75,0.11653410643339157,,,,,,,,,,8.131375000000001e-06,1966,2.0
194800,0.8727081418037415,0.8715793490409851,0.0001,28.690082550048828,1.984375,40.5,40.0,0.11653410643339157,,,,,,,,,,8.1355e-06,1967,1.984375
194900,0.877285361289978,0.8754428625106812,0.0001,29.943286895751953,2.0,36.5,36.75,0.11653410643339157,,,,,,,,,,8.139625000000001e-06,1968,2.0
195000,0.8705480694770813,0.8721051216125488,0.0001,36.459930419921875,2.0,40.75,39.5,0.11653410643339157,,,,,,,,,,8.14375e-06,1969,2.0
195100,0.9027040004730225,0.902071475982666,0.0001,16.004011154174805,1.9921875,30.25,30.25,0.11653410643339157,,,,,,,,,,8.147875e-06,1970,1.9921875
195200,0.8667242527008057,0.8669353723526001,0.0001,18.020233154296875,2.0,40.5,40.0,0.11653410643339157,,,,,,,,,,8.152000000000001e-06,1971,2.0
195300,0.8826965689659119,0.8811655640602112,0.0001,22.349544525146484,2.0,36.0,34.75,0.11653410643339157,,,,,,,,,,8.156125e-06,1972,2.0
195400,0.8879696130752563,0.8859891891479492,0.0001,22.26014518737793,1.984375,35.25,34.75,0.11653410643339157,,,,,,,,,,8.16025e-06,1973,1.984375
195500,0.8690188527107239,0.8675079345703125,0.0001,24.60527992248535,2.0,39.75,39.25,0.11653410643339157,,,,,,,,,,8.164375000000001e-06,1974,2.0
195600,0.8817463517189026,0.8874254822731018,0.0001,30.193714141845703,1.984375,36.0,33.75,0.11653410643339157,,,,,,,,,,8.1685e-06,1975,1.984375
195700,0.8799062371253967,0.8802481889724731,0.0001,15.866122245788574,2.0,37.25,36.5,0.11653410643339157,,,,,,,,,,8.172625e-06,1976,2.0
195800,0.8709306120872498,0.8712663054466248,0.0001,20.179340362548828,1.9921875,40.0,39.5,0.11653410643339157,,,,,,,,,,8.17675e-06,1977,1.9921875
195900,0.8591974973678589,0.8563699722290039,0.0001,24.308494567871094,1.9921875,44.0,43.25,0.11653410643339157,,,,,,,,,,8.180875000000002e-06,1978,1.9921875
196000,0.8326352834701538,0.8601998686790466,0.0001,25.757246017456055,1.9921875,51.0,41.75,0.11653410643339157,,,,,,,,,,8.185e-06,1979,1.9921875
196100,0.8801618814468384,0.8802282810211182,0.0001,22.290613174438477,1.9921875,38.0,37.5,0.11653410643339157,,,,,,,,,,8.189125000000001e-06,1980,1.9921875
196200,0.892115592956543,0.892408013343811,0.0001,14.304640769958496,2.0,33.75,32.25,0.11653410643339157,,,,,,,,,,8.19325e-06,1981,2.0
196300,0.8817735910415649,0.8822559118270874,0.0001,13.050082206726074,2.0,36.75,35.75,0.11653410643339157,,,,,,,,,,8.197375e-06,1982,2.0
196400,0.8687032461166382,0.8703931570053101,0.0001,29.36783790588379,1.9921875,39.75,38.25,0.11653410643339157,,,,,,,,,,8.201500000000001e-06,1983,1.9921875
196500,0.8959730267524719,0.8969501256942749,0.0001,31.8270263671875,1.9921875,32.5,32.25,0.11653410643339157,,,,,,,,,,8.205625e-06,1984,1.9921875
196600,0.8858171105384827,0.8846683502197266,0.0001,19.398290634155273,1.9921875,35.75,35.0,0.11653410643339157,,,,,,,,,,8.20975e-06,1985,1.9921875
196700,0.8564291000366211,0.8595401644706726,0.0001,34.28550338745117,2.0,44.25,41.5,0.11653410643339157,,,,,,,,,,8.213875000000001e-06,1986,2.0
196800,0.8612707853317261,0.8686728477478027,0.0001,19.992109298706055,2.0,42.25,39.25,0.11653410643339157,,,,,,,,,,8.218e-06,1987,2.0
196900,0.8950525522232056,0.8932121396064758,0.0001,15.850150108337402,1.9921875,33.0,32.25,0.11653410643339157,,,,,,,,,,8.222125e-06,1988,1.9921875
197000,0.8785393238067627,0.8769549131393433,0.0001,26.57901954650879,2.0,39.25,38.5,0.11653410643339157,,,,,,,,,,8.22625e-06,1989,2.0
197100,0.8725012540817261,0.8715426325798035,0.0001,27.435537338256836,1.9921875,39.75,38.75,0.11653410643339157,,,,,,,,,,8.230375000000002e-06,1990,1.9921875
197200,0.8855187892913818,0.8826151490211487,0.0001,34.85548782348633,2.0,35.5,34.5,0.11653410643339157,,,,,,,,,,8.2345e-06,1991,2.0
197300,0.9025462865829468,0.900994062423706,0.0001,50.491825103759766,2.0,30.25,30.125,0.11653410643339157,,,,,,,,,,8.238625000000001e-06,1992,2.0
197400,0.8929161429405212,0.8920247554779053,0.0001,11.484230995178223,2.0,34.0,33.25,0.11653410643339157,,,,,,,,,,8.24275e-06,1993,2.0
197500,0.8484333157539368,0.8498275279998779,0.0001,31.8109188079834,1.9921875,47.25,46.5,0.11653410643339157,,,,,,,,,,8.246875e-06,1994,1.9921875
197600,0.8893968462944031,0.8895689249038696,0.0001,15.864336967468262,1.984375,33.5,33.0,0.11653410643339157,,,,,,,,,,8.251000000000001e-06,1995,1.984375
197700,0.8741456270217896,0.8739190697669983,0.0001,15.424615859985352,1.9921875,39.0,38.25,0.11653410643339157,,,,,,,,,,8.255125e-06,1996,1.9921875
197800,0.834445595741272,0.8800318241119385,0.0001,43.733577728271484,2.0,53.25,36.0,0.11653410643339157,,,,,,,,,,8.25925e-06,1997,2.0
197900,0.8718639612197876,0.8755549788475037,0.0001,26.495609283447266,2.0,39.0,37.5,0.11653410643339157,,,,,,,,,,8.263375000000001e-06,1998,2.0
198000,0.8739154934883118,0.8725221753120422,0.0001,27.485944747924805,1.984375,39.75,39.75,0.11653410643339157,,,,,,,,,,8.2675e-06,1999,1.984375
198100,0.6627722978591919,0.8652606010437012,0.0001,19.241636276245117,2.0,128.0,40.0,0.11653410643339157,,,,,,,,,,8.271625e-06,2000,2.0
198200,0.8810898065567017,0.8813326954841614,0.0001,50.83500289916992,1.9921875,37.25,36.5,0.11653410643339157,,,,,,,,,,8.27575e-06,2001,1.9921875
198300,0.9100767374038696,0.9098283052444458,0.0001,21.32297706604004,2.0,28.25,27.625,0.11653410643339157,,,,,,,,,,8.279875e-06,2002,2.0
198400,0.8846496343612671,0.8998543620109558,0.0001,13.63409423828125,2.0,36.75,30.5,0.11653410643339157,,,,,,,,,,8.284e-06,2003,2.0
198500,0.8912848234176636,0.8905071020126343,0.0001,20.992366790771484,1.9921875,32.75,32.25,0.11653410643339157,,,,,,,,,,8.288125e-06,2004,1.9921875
198600,0.8649794459342957,0.8654891848564148,0.0001,20.747005462646484,1.9921875,41.25,40.5,0.11653410643339157,,,,,,,,,,8.29225e-06,2005,1.9921875
198700,0.877423882484436,0.8779267072677612,0.0001,21.42740249633789,2.0,38.5,37.75,0.11653410643339157,,,,,,,,,,8.296375e-06,2006,2.0
198800,0.8748293519020081,0.8719243407249451,0.0001,14.951205253601074,1.9921875,38.25,39.0,0.11653410643339157,,,,,,,,,,8.300500000000001e-06,2007,1.9921875
198900,0.8700989484786987,0.8688943386077881,0.0001,22.688018798828125,2.0,41.25,41.25,0.11653410643339157,,,,,,,,,,8.304625e-06,2008,2.0
199000,0.8713150024414062,0.8738182783126831,0.0001,15.562254905700684,1.9921875,41.5,40.0,0.11653410643339157,,,,,,,,,,8.30875e-06,2009,1.9921875
199100,0.886242151260376,0.8868623971939087,0.0001,12.912551879882812,1.984375,34.5,33.5,0.11653410643339157,,,,,,,,,,8.312875e-06,2010,1.984375
199200,0.8954615592956543,0.8956081867218018,0.0001,22.65675163269043,1.984375,33.0,32.5,0.11653410643339157,,,,,,,,,,8.317e-06,2011,1.984375
199300,0.8537077903747559,0.8507797718048096,0.0001,36.50533676147461,2.0,45.5,44.75,0.11653410643339157,,,,,,,,,,8.321125e-06,2012,2.0
199400,0.8675487637519836,0.8662201166152954,0.0001,35.701568603515625,2.0,40.75,39.5,0.11653410643339157,,,,,,,,,,8.32525e-06,2013,2.0
199500,0.8827769160270691,0.8853659629821777,0.0001,15.41324520111084,2.0,37.25,35.75,0.11653410643339157,,,,,,,,,,8.329375e-06,2014,2.0
199600,0.8627256155014038,0.8748668432235718,0.0001,24.731908798217773,1.984375,42.25,37.0,0.11653410643339157,,,,,,,,,,8.3335e-06,2015,1.984375
199700,0.8805211186408997,0.8810323476791382,0.0001,18.288442611694336,1.9921875,36.25,36.0,0.11653410643339157,,,,,,,,,,8.337625e-06,2016,1.9921875
199800,0.8804861903190613,0.8796167969703674,0.0001,41.7756462097168,2.0,37.5,36.25,0.11653410643339157,,,,,,,,,,8.34175e-06,2017,2.0
199900,0.8871443271636963,0.8869884014129639,0.0001,27.211410522460938,2.0,35.25,34.0,0.11653410643339157,,,,,,,,,,8.345875e-06,2018,2.0
199950,,,,,,,,,0.12775662541389465,0.09005680680274963,0.0291539765894413,0.12982362508773804,0.08410877734422684,0.056868650019168854,0.07134371250867844,0.10500394552946091,0.09964261204004288,,2019,
200000,0.8720581531524658,0.8725157976150513,0.0001,21.972797393798828,2.0,39.75,39.0,0.10500394552946091,,,,,,,,,,8.350000000000001e-06,2020,2.0
200100,0.8865067958831787,0.8884924650192261,0.0001,18.238916397094727,1.9921875,35.5,34.25,0.10500394552946091,,,,,,,,,,8.354125e-06,2021,1.9921875
200200,0.8823321461677551,0.8846129179000854,0.0001,10.396307945251465,2.0,36.0,34.5,0.10500394552946091,,,,,,,,,,8.358249999999999e-06,2022,2.0
200300,0.8788865208625793,0.879500150680542,0.0001,23.9937744140625,1.9921875,38.75,37.75,0.10500394552946091,,,,,,,,,,8.362375e-06,2023,1.9921875
200400,0.8694976568222046,0.8728312253952026,0.0001,30.06610107421875,1.984375,40.25,38.5,0.10500394552946091,,,,,,,,,,8.3665e-06,2024,1.984375
200500,0.8565179109573364,0.8729028105735779,0.0001,27.702594757080078,2.0,44.25,37.5,0.10500394552946091,,,,,,,,,,8.370625000000001e-06,2025,2.0
200600,0.8635460734367371,0.8712422847747803,0.0001,21.892742156982422,1.9921875,42.0,39.5,0.10500394552946091,,,,,,,,,,8.37475e-06,2026,1.9921875
200700,0.8691675662994385,0.8813265562057495,0.0001,14.212274551391602,1.9921875,40.75,36.0,0.10500394552946091,,,,,,,,,,8.378875e-06,2027,1.9921875
200800,0.8898778557777405,0.8894855380058289,0.0001,32.131473541259766,2.0,34.5,33.0,0.10500394552946091,,,,,,,,,,8.383000000000001e-06,2028,2.0
200900,0.8822029829025269,0.8821144104003906,0.0001,13.079111099243164,1.984375,36.0,35.5,0.10500394552946091,,,,,,,,,,8.387125e-06,2029,1.984375
201000,0.8637024164199829,0.864728569984436,0.0001,20.729394912719727,2.0,41.25,41.0,0.10500394552946091,,,,,,,,,,8.39125e-06,2030,2.0
201100,0.8916042447090149,0.8896715641021729,0.0001,18.19305419921875,1.9921875,34.5,34.0,0.10500394552946091,,,,,,,,,,8.395375e-06,2031,1.9921875
201200,0.8846360445022583,0.885931134223938,0.0001,14.342966079711914,2.0,35.25,34.0,0.10500394552946091,,,,,,,,,,8.399500000000001e-06,2032,2.0
201300,0.8679317831993103,0.8675389289855957,0.0001,18.13630485534668,2.0,41.25,40.5,0.10500394552946091,,,,,,,,,,8.403625e-06,2033,2.0
201400,0.8755979537963867,0.8741540908813477,0.0001,17.727691650390625,1.9921875,38.5,38.5,0.10500394552946091,,,,,,,,,,8.40775e-06,2034,1.9921875
201500,0.8835172653198242,0.8891311883926392,0.0001,10.365141868591309,2.0,35.5,33.5,0.10500394552946091,,,,,,,,,,8.411875e-06,2035,2.0
201600,0.8931742310523987,0.8922408819198608,0.0001,34.10195541381836,1.9921875,33.25,32.5,0.10500394552946091,,,,,,,,,,8.416e-06,2036,1.9921875
201700,0.8682379722595215,0.8737531900405884,0.0001,16.36496925354004,2.0,40.75,38.25,0.10500394552946091,,,,,,,,,,8.420125000000001e-06,2037,2.0
201800,0.8694555759429932,0.8678457140922546,0.0001,15.505126953125,2.0,39.25,39.25,0.10500394552946091,,,,,,,,,,8.42425e-06,2038,2.0
201900,0.8792920112609863,0.8803327083587646,0.0001,23.212799072265625,1.984375,37.5,37.0,0.10500394552946091,,,,,,,,,,8.428375e-06,2039,1.984375
202000,0.7508953809738159,0.8532475829124451,0.0001,32.89878463745117,1.9921875,82.0,44.25,0.10500394552946091,,,,,,,,,,8.432500000000001e-06,2040,1.9921875
202100,0.8751484155654907,0.8738081455230713,0.0001,16.506189346313477,2.0,39.0,38.0,0.10500394552946091,,,,,,,,,,8.436625e-06,2041,2.0
202200,0.8693355917930603,0.8810634613037109,0.0001,14.419563293457031,1.9921875,40.25,35.75,0.10500394552946091,,,,,,,,,,8.44075e-06,2042,1.9921875
202300,0.8888177871704102,0.8902931213378906,0.0001,16.599613189697266,1.984375,33.75,32.5,0.10500394552946091,,,,,,,,,,8.444875e-06,2043,1.984375
202400,0.8961842060089111,0.895304799079895,0.0001,15.642523765563965,1.9921875,32.25,32.5,0.10500394552946091,,,,,,,,,,8.449000000000002e-06,2044,1.9921875
202500,0.8686243891716003,0.8656888604164124,0.0001,27.416772842407227,2.0,39.75,39.5,0.10500394552946091,,,,,,,,,,8.453125e-06,2045,2.0
202600,0.8853594064712524,0.9023048281669617,0.0001,17.5278263092041,2.0,36.0,30.5,0.10500394552946091,,,,,,,,,,8.45725e-06,2046,2.0
202700,0.8788049221038818,0.8782047033309937,0.0001,21.620119094848633,1.984375,36.25,35.5,0.10500394552946091,,,,,,,,,,8.461375e-06,2047,1.984375
202800,0.874292254447937,0.8734397888183594,0.0001,32.01710891723633,1.9921875,38.75,38.75,0.10500394552946091,,,,,,,,,,8.4655e-06,2048,1.9921875
202900,0.8591686487197876,0.8573113679885864,0.0001,20.49334716796875,2.0,42.25,40.75,0.10500394552946091,,,,,,,,,,8.469625000000001e-06,2049,2.0
203000,0.9108655452728271,0.9100072383880615,0.0001,23.707792282104492,1.9921875,27.75,27.25,0.10500394552946091,,,,,,,,,,8.47375e-06,2050,1.9921875
203100,0.8969013690948486,0.9013490080833435,0.0001,14.275403022766113,2.0,32.5,31.0,0.10500394552946091,,,,,,,,,,8.477875e-06,2051,2.0
203200,0.8914389610290527,0.8915791511535645,0.0001,14.981391906738281,2.0,33.75,33.25,0.10500394552946091,,,,,,,,,,8.482000000000001e-06,2052,2.0
203300,0.8761882781982422,0.8770709037780762,0.0001,45.56533432006836,2.0,38.75,38.5,0.10500394552946091,,,,,,,,,,8.486125e-06,2053,2.0
203400,0.8721696138381958,0.8705031871795654,0.0001,21.352466583251953,2.0,38.25,38.25,0.10500394552946091,,,,,,,,,,8.49025e-06,2054,2.0
203500,0.8920053243637085,0.8904571533203125,0.0001,10.979789733886719,1.9921875,34.25,34.5,0.10500394552946091,,,,,,,,,,8.494375e-06,2055,1.9921875
203600,0.8469526767730713,0.8478938341140747,0.0001,20.49298095703125,2.0,46.5,45.0,0.10500394552946091,,,,,,,,,,8.498500000000002e-06,2056,2.0
203700,0.8521795272827148,0.8520362377166748,0.0001,18.450342178344727,1.984375,45.75,45.0,0.10500394552946091,,,,,,,,,,8.502625e-06,2057,1.984375
203800,0.9046421051025391,0.9033491015434265,0.0001,11.477032661437988,1.9921875,30.0,30.5,0.10500394552946091,,,,,,,,,,8.50675e-06,2058,1.9921875
203900,0.8799246549606323,0.8827602863311768,0.0001,32.44414520263672,2.0,36.75,35.5,0.10500394552946091,,,,,,,,,,8.510875e-06,2059,2.0
204000,0.878995418548584,0.8813803195953369,0.0001,22.63082504272461,2.0,37.75,36.25,0.10500394552946091,,,,,,,,,,8.515e-06,2060,2.0
204100,0.8724085092544556,0.8734498023986816,0.0001,20.808095932006836,2.0,40.0,38.25,0.10500394552946091,,,,,,,,,,8.519125000000001e-06,2061,2.0
204200,0.8709290027618408,0.8736851215362549,0.0001,18.242155075073242,2.0,39.25,38.0,0.10500394552946091,,,,,,,,,,8.52325e-06,2062,2.0
204300,0.8748781681060791,0.8747161626815796,0.0001,14.62518310546875,1.9921875,38.75,38.0,0.10500394552946091,,,,,,,,,,8.527375e-06,2063,1.9921875
204400,0.8836517333984375,0.8804048895835876,0.0001,15.351359367370605,1.9921875,35.5,34.5,0.10500394552946091,,,,,,,,,,8.5315e-06,2064,1.9921875
204500,0.8516923189163208,0.8611366152763367,0.0001,18.935733795166016,2.0,44.5,40.5,0.10500394552946091,,,,,,,,,,8.535625e-06,2065,2.0
204600,0.890303909778595,0.8948873281478882,0.0001,26.954938888549805,2.0,33.5,32.0,0.10500394552946091,,,,,,,,,,8.53975e-06,2066,2.0
204700,0.858546257019043,0.8593120574951172,0.0001,18.17855453491211,2.0,43.25,42.25,0.10500394552946091,,,,,,,,,,8.543875e-06,2067,2.0
204800,0.8936353921890259,0.8920999765396118,0.0001,17.510299682617188,2.0,33.75,33.5,0.10500394552946091,,,,,,,,,,8.548e-06,2068,2.0
204900,0.8870286345481873,0.8914268612861633,0.0001,16.275789260864258,1.9921875,34.25,31.375,0.10500394552946091,,,,,,,,,,8.552125e-06,2069,1.9921875
205000,0.8801125288009644,0.880534291267395,0.0001,21.76899528503418,1.9921875,37.5,37.25,0.10500394552946091,,,,,,,,,,8.55625e-06,2070,1.9921875
205100,0.8782276511192322,0.8887850642204285,0.0001,22.50718116760254,1.9921875,39.0,35.0,0.10500394552946091,,,,,,,,,,8.560375e-06,2071,1.9921875
205200,0.8631731271743774,0.8643993139266968,0.0001,26.087858200073242,1.9921875,43.0,41.75,0.10500394552946091,,,,,,,,,,8.5645e-06,2072,1.9921875
205300,0.882008969783783,0.8829920291900635,0.0001,21.890729904174805,2.0,38.25,37.25,0.10500394552946091,,,,,,,,,,8.568625000000001e-06,2073,2.0
205400,0.8701671361923218,0.870560348033905,0.0001,17.898160934448242,2.0,40.0,39.25,0.10500394552946091,,,,,,,,,,8.57275e-06,2074,2.0
205500,0.8719249367713928,0.8718721866607666,0.0001,23.395870208740234,2.0,38.75,37.75,0.10500394552946091,,,,,,,,,,8.576875e-06,2075,2.0
205600,0.8703086376190186,0.8688205480575562,0.0001,32.22001266479492,1.9921875,40.25,39.5,0.10500394552946091,,,,,,,,,,8.581e-06,2076,1.9921875
205700,0.8761330842971802,0.8752583861351013,0.0001,19.587568283081055,2.0,39.25,38.75,0.10500394552946091,,,,,,,,,,8.585125e-06,2077,2.0
205800,0.8655124306678772,0.8653145432472229,0.0001,18.405929565429688,2.0,42.5,42.75,0.10500394552946091,,,,,,,,,,8.58925e-06,2078,2.0
205900,0.8883681297302246,0.889255940914154,0.0001,11.147696495056152,2.0,35.5,34.75,0.10500394552946091,,,,,,,,,,8.593375e-06,2079,2.0
206000,0.887310802936554,0.8927968740463257,0.0001,12.329329490661621,1.9921875,35.25,32.25,0.10500394552946091,,,,,,,,,,8.5975e-06,2080,1.9921875
206100,0.8782373070716858,0.8772519826889038,0.0001,18.700946807861328,1.9921875,37.25,36.5,0.10500394552946091,,,,,,,,,,8.601625e-06,2081,1.9921875
206200,0.8724738955497742,0.877239465713501,0.0001,24.627151489257812,2.0,39.5,37.5,0.10500394552946091,,,,,,,,,,8.60575e-06,2082,2.0
206300,0.8523342609405518,0.8526656031608582,0.0001,27.6173152923584,2.0,44.75,43.75,0.10500394552946091,,,,,,,,,,8.609875e-06,2083,2.0
206400,0.8657869696617126,0.8666932582855225,0.0001,17.899433135986328,1.9921875,41.0,39.75,0.10500394552946091,,,,,,,,,,8.614000000000001e-06,2084,1.9921875
206500,0.8640617728233337,0.8668272495269775,0.0001,17.36793327331543,1.9921875,42.25,40.75,0.10500394552946091,,,,,,,,,,8.618125000000001e-06,2085,1.9921875
206600,0.8818129897117615,0.8818461894989014,0.0001,23.57570457458496,1.984375,38.25,38.5,0.10500394552946091,,,,,,,,,,8.62225e-06,2086,1.984375
206700,0.8659020066261292,0.8665716052055359,0.0001,30.36871337890625,2.0,41.5,40.5,0.10500394552946091,,,,,,,,,,8.626375000000001e-06,2087,2.0
206800,0.874697744846344,0.875909686088562,0.0001,19.287267684936523,1.984375,38.75,38.25,0.10500394552946091,,,,,,,,,,8.6305e-06,2088,1.984375
206900,0.8590409755706787,0.8607467412948608,0.0001,30.213550567626953,2.0,43.0,41.5,0.10500394552946091,,,,,,,,,,8.634625e-06,2089,2.0
207000,0.8571363091468811,0.8615233898162842,0.0001,22.373857498168945,2.0,43.75,41.75,0.10500394552946091,,,,,,,,,,8.638750000000001e-06,2090,2.0
207100,0.9016652703285217,0.9031701683998108,0.0001,14.275967597961426,1.9921875,30.25,29.25,0.10500394552946091,,,,,,,,,,8.642875e-06,2091,1.9921875
207200,0.8722934722900391,0.8710952997207642,0.0001,21.503408432006836,2.0,38.75,38.0,0.10500394552946091,,,,,,,,,,8.647e-06,2092,2.0
207300,0.8268724083900452,0.8589638471603394,0.0001,31.090490341186523,1.9921875,54.0,43.75,0.10500394552946091,,,,,,,,,,8.651125000000001e-06,2093,1.9921875
207400,0.8759361505508423,0.8761081695556641,0.0001,24.177017211914062,2.0,39.5,38.75,0.10500394552946091,,,,,,,,,,8.65525e-06,2094,2.0
207500,0.9073518514633179,0.906114399433136,0.0001,19.52274513244629,2.0,29.5,29.0,0.10500394552946091,,,,,,,,,,8.659375e-06,2095,2.0
207600,0.8814654350280762,0.8905636668205261,0.0001,16.048391342163086,1.9921875,38.5,34.75,0.10500394552946091,,,,,,,,,,8.663500000000001e-06,2096,1.9921875
207700,0.8778451681137085,0.8764125108718872,0.0001,19.53358268737793,2.0,38.0,37.0,0.10500394552946091,,,,,,,,,,8.667625e-06,2097,2.0
207800,0.9007819294929504,0.9000185132026672,0.0001,16.421274185180664,2.0,32.25,32.0,0.10500394552946091,,,,,,,,,,8.67175e-06,2098,2.0
207900,0.8917105197906494,0.8922525644302368,0.0001,12.511019706726074,1.9921875,34.75,33.75,0.10500394552946091,,,,,,,,,,8.675875000000001e-06,2099,1.9921875
208000,0.8546297550201416,0.8551189303398132,0.0001,26.620166778564453,2.0,45.5,44.5,0.10500394552946091,,,,,,,,,,8.68e-06,2100,2.0
208100,0.8784328699111938,0.8782931566238403,0.0001,14.793741226196289,1.9921875,37.5,37.25,0.10500394552946091,,,,,,,,,,8.684125e-06,2101,1.9921875
208200,0.8779473304748535,0.878145158290863,0.0001,13.962869644165039,2.0,37.75,37.0,0.10500394552946091,,,,,,,,,,8.688250000000001e-06,2102,2.0
208300,0.864472508430481,0.8646835088729858,0.0001,21.068437576293945,1.9921875,42.5,42.0,0.10500394552946091,,,,,,,,,,8.692375e-06,2103,1.9921875
208400,0.872291624546051,0.8743228316307068,0.0001,20.738046646118164,2.0,39.25,38.5,0.10500394552946091,,,,,,,,,,8.6965e-06,2104,2.0
208500,0.8973323106765747,0.9005411863327026,0.0001,43.92107391357422,1.9921875,31.625,29.75,0.10500394552946091,,,,,,,,,,8.700625000000001e-06,2105,1.9921875
208600,0.8801865577697754,0.8773177266120911,0.0001,30.083459854125977,1.9921875,37.25,37.5,0.10500394552946091,,,,,,,,,,8.70475e-06,2106,1.9921875
208700,0.8606451749801636,0.8602780103683472,0.0001,27.68779945373535,2.0,42.0,41.5,0.10500394552946091,,,,,,,,,,8.708875e-06,2107,2.0
208800,0.8936852812767029,0.8983485102653503,0.0001,18.17292594909668,1.9921875,34.0,31.5,0.10500394552946091,,,,,,,,,,8.713000000000001e-06,2108,1.9921875
208900,0.8842872381210327,0.8833230137825012,0.0001,15.69927978515625,1.9921875,35.5,35.0,0.10500394552946091,,,,,,,,,,8.717125e-06,2109,1.9921875
209000,0.8625401258468628,0.8625537157058716,0.0001,23.495697021484375,1.9921875,43.0,42.5,0.10500394552946091,,,,,,,,,,8.72125e-06,2110,1.9921875
209100,0.8615943193435669,0.8690447807312012,0.0001,19.39640235900879,2.0,43.25,39.0,0.10500394552946091,,,,,,,,,,8.725375000000001e-06,2111,2.0
209200,0.8901188373565674,0.896649956703186,0.0001,14.906041145324707,1.984375,35.0,31.875,0.10500394552946091,,,,,,,,,,8.7295e-06,2112,1.984375
209300,0.8684411644935608,0.8683151006698608,0.0001,18.26188850402832,2.0,40.25,39.0,0.10500394552946091,,,,,,,,,,8.733625e-06,2113,2.0
209400,0.8781051635742188,0.8792725205421448,0.0001,27.890399932861328,2.0,37.25,36.75,0.10500394552946091,,,,,,,,,,8.737750000000001e-06,2114,2.0
209500,0.8915965557098389,0.8922146558761597,0.0001,11.814733505249023,1.9921875,34.5,33.75,0.10500394552946091,,,,,,,,,,8.741875e-06,2115,1.9921875
209600,0.8829348087310791,0.881503701210022,0.0001,18.373899459838867,1.9921875,35.75,34.75,0.10500394552946091,,,,,,,,,,8.746e-06,2116,1.9921875
209700,0.8536130785942078,0.8618593215942383,0.0001,33.951507568359375,1.984375,45.25,42.0,0.10500394552946091,,,,,,,,,,8.750125000000001e-06,2117,1.984375
209800,0.8712619543075562,0.8689382672309875,0.0001,27.218219757080078,1.9921875,40.25,39.75,0.10500394552946091,,,,,,,,,,8.75425e-06,2118,1.9921875
209900,0.8575001955032349,0.8592840433120728,0.0001,24.387510299682617,2.0,44.0,42.25,0.10500394552946091,,,,,,,,,,8.758375e-06,2119,2.0
209950,,,,,,,,,0.1253514289855957,0.0848914235830307,0.07996981590986252,0.10247302800416946,0.07566649466753006,0.050855837762355804,0.06614071875810623,0.10122999548912048,0.10446274280548096,,2120,
210000,0.8815121650695801,0.8806437253952026,0.0001,22.926889419555664,2.0,38.0,37.25,0.10122998803853989,,,,,,,,,,8.762500000000001e-06,2121,2.0
210100,0.8459740877151489,0.8669666647911072,0.0001,27.844818115234375,2.0,47.75,39.75,0.10122998803853989,,,,,,,,,,8.766625e-06,2122,2.0
210200,0.8930737972259521,0.8935949802398682,0.0001,16.745908737182617,2.0,33.5,32.75,0.10122998803853989,,,,,,,,,,8.77075e-06,2123,2.0
210300,0.8921291828155518,0.8905060887336731,0.0001,14.352378845214844,1.9921875,32.25,31.625,0.10122998803853989,,,,,,,,,,8.774875000000001e-06,2124,1.9921875
210400,0.8689525723457336,0.8745101690292358,0.0001,19.672561645507812,2.0,41.25,38.5,0.10122998803853989,,,,,,,,,,8.779e-06,2125,2.0
210500,0.8691531419754028,0.8762814402580261,0.0001,32.042640686035156,1.9921875,40.25,37.5,0.10122998803853989,,,,,,,,,,8.783125e-06,2126,1.9921875
210600,0.8781780004501343,0.8792493939399719,0.0001,16.920490264892578,1.9921875,38.25,37.25,0.10122998803853989,,,,,,,,,,8.787250000000001e-06,2127,1.9921875
210700,0.8660538196563721,0.8671395182609558,0.0001,26.897912979125977,1.9921875,42.25,41.0,0.10122998803853989,,,,,,,,,,8.791375e-06,2128,1.9921875
210800,0.8545295596122742,0.872623085975647,0.0001,17.213537216186523,2.0,45.25,37.5,0.10122998803853989,,,,,,,,,,8.7955e-06,2129,2.0
210900,0.8945742845535278,0.8943517804145813,0.0001,12.908493041992188,2.0,33.25,33.0,0.10122998803853989,,,,,,,,,,8.799625000000001e-06,2130,2.0
211000,0.8860158920288086,0.8926854133605957,0.0001,18.130430221557617,1.9921875,35.75,32.25,0.10122998803853989,,,,,,,,,,8.80375e-06,2131,1.9921875
211100,0.892902672290802,0.893311083316803,0.0001,21.80387306213379,1.9921875,33.5,33.25,0.10122998803853989,,,,,,,,,,8.807875e-06,2132,1.9921875
211200,0.8679620027542114,0.8704308271408081,0.0001,19.214508056640625,1.9921875,41.25,38.5,0.10122998803853989,,,,,,,,,,8.812000000000001e-06,2133,1.9921875
211300,0.8894520998001099,0.8883103132247925,0.0001,16.438983917236328,1.984375,33.75,33.5,0.10122998803853989,,,,,,,,,,8.816125e-06,2134,1.984375
211400,0.8614335060119629,0.8825401067733765,0.0001,16.919723510742188,1.9921875,44.25,37.5,0.10122998803853989,,,,,,,,,,8.82025e-06,2135,1.9921875
211500,0.8788595199584961,0.8807841539382935,0.0001,39.93561553955078,1.9921875,37.25,36.5,0.10122998803853989,,,,,,,,,,8.824375000000001e-06,2136,1.9921875
211600,0.8725016117095947,0.8732273578643799,0.0001,15.2527494430542,2.0,38.5,37.75,0.10122998803853989,,,,,,,,,,8.8285e-06,2137,2.0
211700,0.8825530409812927,0.8882874250411987,0.0001,18.11063003540039,1.9921875,36.5,34.75,0.10122998803853989,,,,,,,,,,8.832625e-06,2138,1.9921875
211800,0.8911129236221313,0.8901209831237793,0.0001,19.534399032592773,1.9921875,35.25,34.75,0.10122998803853989,,,,,,,,,,8.836750000000001e-06,2139,1.9921875
211900,0.8840440511703491,0.8837625980377197,0.0001,11.300508499145508,2.0,36.0,35.0,0.10122998803853989,,,,,,,,,,8.840875e-06,2140,2.0
212000,0.8655211925506592,0.8666175603866577,0.0001,21.296567916870117,1.984375,41.5,41.25,0.10122998803853989,,,,,,,,,,8.845000000000001e-06,2141,1.984375
212100,0.8753786087036133,0.8746211528778076,0.0001,16.38482666015625,1.984375,38.75,38.5,0.10122998803853989,,,,,,,,,,8.849125000000001e-06,2142,1.984375
212200,0.8818209171295166,0.8819035291671753,0.0001,17.134321212768555,2.0,37.25,37.0,0.10122998803853989,,,,,,,,,,8.85325e-06,2143,2.0
212300,0.9065536260604858,0.9057286977767944,0.0001,22.24774742126465,1.9921875,29.875,30.375,0.10122998803853989,,,,,,,,,,8.857375000000001e-06,2144,1.9921875
212400,0.8843822479248047,0.8837045431137085,0.0001,11.768230438232422,1.9921875,37.25,35.5,0.10122998803853989,,,,,,,,,,8.861500000000001e-06,2145,1.9921875
212500,0.8977458477020264,0.89759361743927,0.0001,18.576187133789062,1.9921875,32.25,32.25,0.10122998803853989,,,,,,,,,,8.865625e-06,2146,1.9921875
212600,0.8737000226974487,0.8723697066307068,0.0001,14.320630073547363,2.0,40.0,39.5,0.10122998803853989,,,,,,,,,,8.869750000000001e-06,2147,2.0
212700,0.8891690969467163,0.887281060218811,0.0001,15.66991138458252,1.984375,33.75,33.0,0.10122998803853989,,,,,,,,,,8.873875000000001e-06,2148,1.984375
212800,0.8762471675872803,0.8730558156967163,0.0001,21.368066787719727,1.9921875,37.5,36.75,0.10122998803853989,,,,,,,,,,8.878e-06,2149,1.9921875
212900,0.8749409914016724,0.8736609220504761,0.0001,25.23102378845215,1.9921875,39.5,39.25,0.10122998803853989,,,,,,,,,,8.882125000000001e-06,2150,1.9921875
213000,0.8893059492111206,0.8872882127761841,0.0001,30.553634643554688,1.96875,35.0,34.75,0.10122998803853989,,,,,,,,,,8.886250000000002e-06,2151,1.96875
213100,0.8853835463523865,0.8901810050010681,0.0001,14.735669136047363,2.0,35.0,33.25,0.10122998803853989,,,,,,,,,,8.890375e-06,2152,2.0
213200,0.884425163269043,0.8843433856964111,0.0001,43.228084564208984,2.0,36.75,35.75,0.10122998803853989,,,,,,,,,,8.894500000000001e-06,2153,2.0
213300,0.8859869837760925,0.8865645527839661,0.0001,15.068514823913574,1.984375,36.25,36.25,0.10122998803853989,,,,,,,,,,8.898625000000002e-06,2154,1.984375
213400,0.86258864402771,0.8690094351768494,0.0001,20.944087982177734,2.0,42.75,38.75,0.10122998803853989,,,,,,,,,,8.90275e-06,2155,2.0
213500,0.8823258876800537,0.8849937915802002,0.0001,20.0218563079834,1.9921875,36.75,36.25,0.10122998803853989,,,,,,,,,,8.906875000000001e-06,2156,1.9921875
213600,0.8455849885940552,0.8466244339942932,0.0001,34.74040222167969,2.0,49.5,48.5,0.10122998803853989,,,,,,,,,,8.911000000000002e-06,2157,2.0
213700,0.8873913288116455,0.888434886932373,0.0001,21.30161476135254,2.0,35.5,34.75,0.10122998803853989,,,,,,,,,,8.915125e-06,2158,2.0
213800,0.8838386535644531,0.8841536045074463,0.0001,23.313697814941406,1.9921875,37.0,35.5,0.10122998803853989,,,,,,,,,,8.919250000000001e-06,2159,1.9921875
213900,0.8836497068405151,0.8841217160224915,0.0001,22.41985511779785,2.0,38.25,37.75,0.10122998803853989,,,,,,,,,,8.923375000000002e-06,2160,2.0
214000,0.7270830273628235,0.8914363384246826,0.0001,19.063241958618164,2.0,105.0,34.75,0.10122998803853989,,,,,,,,,,8.9275e-06,2161,2.0
214100,0.8701587319374084,0.8705933690071106,0.0001,18.978870391845703,2.0,40.25,40.0,0.10122998803853989,,,,,,,,,,8.931625000000001e-06,2162,2.0
214200,0.889707088470459,0.8879111409187317,0.0001,14.259576797485352,2.0,34.0,33.75,0.10122998803853989,,,,,,,,,,8.935750000000002e-06,2163,2.0
214300,0.8800272345542908,0.8803257942199707,0.0001,16.388349533081055,1.9921875,37.5,36.75,0.10122998803853989,,,,,,,,,,8.939875e-06,2164,1.9921875
214400,0.8604588508605957,0.8594327569007874,0.0001,22.29037094116211,2.0,43.25,42.25,0.10122998803853989,,,,,,,,,,8.944000000000001e-06,2165,2.0
214500,0.8812759518623352,0.8809140920639038,0.0001,13.612556457519531,2.0,36.0,35.75,0.10122998803853989,,,,,,,,,,8.948125000000002e-06,2166,2.0
214600,0.8750944137573242,0.8755927681922913,0.0001,17.043027877807617,2.0,38.25,37.25,0.10122998803853989,,,,,,,,,,8.95225e-06,2167,2.0
214700,0.8856610059738159,0.8906614780426025,0.0001,9.233443260192871,2.0,34.75,32.75,0.10122998803853989,,,,,,,,,,8.956375000000001e-06,2168,2.0
214800,0.8810034394264221,0.8799294233322144,0.0001,23.819753646850586,2.0,36.25,35.25,0.10122998803853989,,,,,,,,,,8.960500000000002e-06,2169,2.0
214900,0.8834319114685059,0.8814682364463806,0.0001,17.216514587402344,2.0,36.5,36.25,0.10122998803853989,,,,,,,,,,8.964625e-06,2170,2.0
215000,0.8527387380599976,0.8535618185997009,0.0001,21.230987548828125,1.9921875,46.5,45.0,0.10122998803853989,,,,,,,,,,8.968750000000001e-06,2171,1.9921875
215100,0.872174859046936,0.873333215713501,0.0001,38.4029541015625,2.0,38.75,38.25,0.10122998803853989,,,,,,,,,,8.972875000000002e-06,2172,2.0
215200,0.8898458480834961,0.8886196613311768,0.0001,29.46152114868164,1.984375,35.25,34.75,0.10122998803853989,,,,,,,,,,8.977e-06,2173,1.984375
215300,0.8992068767547607,0.8997644782066345,0.0001,18.077913284301758,1.984375,32.0,31.125,0.10122998803853989,,,,,,,,,,8.981125000000001e-06,2174,1.984375
215400,0.8756700754165649,0.8770670890808105,0.0001,18.862131118774414,1.9921875,38.75,37.75,0.10122998803853989,,,,,,,,,,8.98525e-06,2175,1.9921875
215500,0.8729813098907471,0.8740372657775879,0.0001,20.124267578125,2.0,40.25,38.75,0.10122998803853989,,,,,,,,,,8.989375e-06,2176,2.0
215600,0.8629347681999207,0.8616020083427429,0.0001,25.243263244628906,2.0,42.5,42.0,0.10122998803853989,,,,,,,,,,8.993500000000001e-06,2177,2.0
215700,0.8837791681289673,0.8828044533729553,0.0001,21.184194564819336,2.0,36.75,36.5,0.10122998803853989,,,,,,,,,,8.997625e-06,2178,2.0
215800,0.8671097159385681,0.870319664478302,0.0001,23.622407913208008,2.0,42.0,41.0,0.10122998803853989,,,,,,,,,,9.00175e-06,2179,2.0
215900,0.8720149993896484,0.8725385069847107,0.0001,36.03969955444336,2.0,39.25,38.5,0.10122998803853989,,,,,,,,,,9.005875000000001e-06,2180,2.0
216000,0.8693891763687134,0.8680238723754883,0.0001,13.810269355773926,1.9921875,40.75,40.25,0.10122998803853989,,,,,,,,,,9.01e-06,2181,1.9921875
216100,0.8680710792541504,0.8695864677429199,0.0001,16.3778018951416,2.0,41.25,40.0,0.10122998803853989,,,,,,,,,,9.014125e-06,2182,2.0
216200,0.8700174689292908,0.8689936995506287,0.0001,17.91047477722168,2.0,39.75,39.25,0.10122998803853989,,,,,,,,,,9.018250000000001e-06,2183,2.0
216300,0.8703145980834961,0.8695856332778931,0.0001,20.563621520996094,2.0,41.5,41.0,0.10122998803853989,,,,,,,,,,9.022375e-06,2184,2.0
216400,0.8897345066070557,0.8902192115783691,0.0001,20.729780197143555,1.984375,33.75,33.75,0.10122998803853989,,,,,,,,,,9.0265e-06,2185,1.984375
216500,0.8847006559371948,0.8829559683799744,0.0001,14.00634765625,1.9921875,36.75,36.5,0.10122998803853989,,,,,,,,,,9.030625000000001e-06,2186,1.9921875
216600,0.8829700946807861,0.8850903511047363,0.0001,15.505505561828613,2.0,37.75,35.5,0.10122998803853989,,,,,,,,,,9.03475e-06,2187,2.0
216700,0.8705517053604126,0.86996990442276,0.0001,23.406095504760742,2.0,39.75,38.5,0.10122998803853989,,,,,,,,,,9.038875e-06,2188,2.0
216800,0.8877897262573242,0.8856366872787476,0.0001,14.624467849731445,2.0,34.25,33.5,0.10122998803853989,,,,,,,,,,9.043000000000001e-06,2189,2.0
216900,0.8839271068572998,0.8823168277740479,0.0001,18.259695053100586,2.0,36.5,36.0,0.10122998803853989,,,,,,,,,,9.047125e-06,2190,2.0
217000,0.8868582248687744,0.8867932558059692,0.0001,40.390907287597656,1.984375,35.25,34.75,0.10122998803853989,,,,,,,,,,9.05125e-06,2191,1.984375
217100,0.8867121934890747,0.8875648379325867,0.0001,9.93388557434082,2.0,35.5,34.75,0.10122998803853989,,,,,,,,,,9.055375000000001e-06,2192,2.0
217200,0.8891638517379761,0.8883602619171143,0.0001,11.903857231140137,1.9921875,35.25,34.75,0.10122998803853989,,,,,,,,,,9.0595e-06,2193,1.9921875
217300,0.872012734413147,0.8721804618835449,0.0001,31.1492862701416,2.0,40.25,39.25,0.10122998803853989,,,,,,,,,,9.063625e-06,2194,2.0
217400,0.8757774829864502,0.8748980164527893,0.0001,27.726531982421875,2.0,39.0,37.75,0.10122998803853989,,,,,,,,,,9.067750000000001e-06,2195,2.0
217500,0.8869481086730957,0.8875380754470825,0.0001,17.758649826049805,1.984375,35.75,34.75,0.10122998803853989,,,,,,,,,,9.071875e-06,2196,1.984375
217600,0.8506758213043213,0.8512099981307983,0.0001,21.595617294311523,1.9921875,47.0,45.5,0.10122998803853989,,,,,,,,,,9.076000000000001e-06,2197,1.9921875
217700,0.8823823928833008,0.882238507270813,0.0001,14.339250564575195,1.984375,36.5,35.75,0.10122998803853989,,,,,,,,,,9.080125000000001e-06,2198,1.984375
217800,0.8705875873565674,0.8702516555786133,0.0001,22.649494171142578,2.0,39.5,39.25,0.10122998803853989,,,,,,,,,,9.08425e-06,2199,2.0
217900,0.9005284309387207,0.9003533124923706,0.0001,9.147625923156738,1.9921875,30.875,30.0,0.10122998803853989,,,,,,,,,,9.088375000000001e-06,2200,1.9921875
218000,0.8733389377593994,0.8717455863952637,0.0001,16.039945602416992,1.9921875,38.5,38.0,0.10122998803853989,,,,,,,,,,9.092500000000001e-06,2201,1.9921875
218100,0.8983851671218872,0.8967870473861694,0.0001,12.095063209533691,1.9921875,30.875,30.875,0.10122998803853989,,,,,,,,,,9.096625e-06,2202,1.9921875
218200,0.8721061944961548,0.8717418909072876,0.0001,18.666616439819336,2.0,39.5,39.0,0.10122998803853989,,,,,,,,,,9.100750000000001e-06,2203,2.0
218300,0.8912522792816162,0.8900668621063232,0.0001,13.844675064086914,2.0,35.25,35.25,0.10122998803853989,,,,,,,,,,9.104875000000001e-06,2204,2.0
218400,0.8908975124359131,0.8883575201034546,0.0001,22.603179931640625,1.984375,33.75,33.75,0.10122998803853989,,,,,,,,,,9.109e-06,2205,1.984375
218500,0.8933802843093872,0.8923725485801697,0.0001,15.59815502166748,1.9921875,32.75,32.0,0.10122998803853989,,,,,,,,,,9.113125000000001e-06,2206,1.9921875
218600,0.8606890439987183,0.8603276014328003,0.0001,38.559139251708984,1.9921875,44.25,43.75,0.10122998803853989,,,,,,,,,,9.117250000000002e-06,2207,1.9921875
218700,0.8883281946182251,0.886716365814209,0.0001,25.7646484375,1.9921875,35.25,34.75,0.10122998803853989,,,,,,,,,,9.121375e-06,2208,1.9921875
218800,0.8950377702713013,0.8913931846618652,0.0001,21.770597457885742,1.9921875,32.5,32.5,0.10122998803853989,,,,,,,,,,9.125500000000001e-06,2209,1.9921875
218900,0.8639724254608154,0.8635741472244263,0.0001,21.82513999938965,1.9921875,42.0,41.5,0.10122998803853989,,,,,,,,,,9.129625000000002e-06,2210,1.9921875
219000,0.8854482173919678,0.8850395083427429,0.0001,16.389184951782227,1.9921875,35.75,34.5,0.10122998803853989,,,,,,,,,,9.13375e-06,2211,1.9921875
219100,0.880210280418396,0.8783321380615234,0.0001,36.645355224609375,2.0,37.5,37.25,0.10122998803853989,,,,,,,,,,9.137875000000001e-06,2212,2.0
219200,0.8974786400794983,0.8984161615371704,0.0001,14.161303520202637,2.0,33.5,32.5,0.10122998803853989,,,,,,,,,,9.142000000000002e-06,2213,2.0
219300,0.8949059844017029,0.8950967788696289,0.0001,14.153665542602539,1.9921875,32.5,31.625,0.10122998803853989,,,,,,,,,,9.146125e-06,2214,1.9921875
219400,0.8435885310173035,0.8992249965667725,0.0001,21.50263023376465,2.0,49.5,31.5,0.10122998803853989,,,,,,,,,,9.150250000000001e-06,2215,2.0
219500,0.8668050765991211,0.8652281761169434,0.0001,20.581907272338867,2.0,40.5,40.25,0.10122998803853989,,,,,,,,,,9.154375000000002e-06,2216,2.0
219600,0.8748746514320374,0.8753120303153992,0.0001,39.08363723754883,1.9921875,38.75,38.0,0.10122998803853989,,,,,,,,,,9.1585e-06,2217,1.9921875
219700,0.8615220785140991,0.8592627048492432,0.0001,19.36221694946289,1.984375,42.5,41.75,0.10122998803853989,,,,,,,,,,9.162625000000001e-06,2218,1.984375
219800,0.8563191294670105,0.8568663001060486,0.0001,24.772085189819336,2.0,43.25,43.0,0.10122998803853989,,,,,,,,,,9.166750000000002e-06,2219,2.0
219900,0.8882395625114441,0.8893482685089111,0.0001,25.665271759033203,1.984375,34.75,34.5,0.10122998803853989,,,,,,,,,,9.170875e-06,2220,1.984375
219950,,,,,,,,,0.11958840489387512,0.08325187116861343,0.06020040810108185,0.14517031610012054,0.08141323179006577,0.08163196593523026,0.06491104513406754,0.10902372002601624,0.11503440141677856,,2221,
220000,0.8910583853721619,0.8916792273521423,0.0001,22.06524658203125,1.984375,34.0,33.75,0.10902372002601624,,,,,,,,,,9.175000000000001e-06,2222,1.984375
220100,0.8821385502815247,0.8818994164466858,0.0001,14.696322441101074,1.9921875,36.75,36.75,0.10902372002601624,,,,,,,,,,9.179125000000002e-06,2223,1.9921875
220200,0.8800646066665649,0.8793889284133911,0.0001,16.416584014892578,2.0,37.0,36.5,0.10902372002601624,,,,,,,,,,9.18325e-06,2224,2.0
220300,0.911270260810852,0.9096091985702515,0.0001,10.207903861999512,1.9765625,28.875,28.5,0.10902372002601624,,,,,,,,,,9.187375000000001e-06,2225,1.9765625
220400,0.8727720379829407,0.8728380799293518,0.0001,44.86069869995117,2.0,39.0,38.0,0.10902372002601624,,,,,,,,,,9.191500000000002e-06,2226,2.0
220500,0.9036394357681274,0.9022924304008484,0.0001,22.648344039916992,2.0,30.875,30.25,0.10902372002601624,,,,,,,,,,9.195625e-06,2227,2.0
220600,0.8658339977264404,0.870114266872406,0.0001,12.423359870910645,2.0,41.5,40.0,0.10902372002601624,,,,,,,,,,9.199750000000001e-06,2228,2.0
220700,0.8806965947151184,0.8853989839553833,0.0001,20.06198501586914,1.9921875,37.25,35.25,0.10902372002601624,,,,,,,,,,9.203875000000002e-06,2229,1.9921875
220800,0.866072416305542,0.8643984198570251,0.0001,22.590808868408203,2.0,41.25,41.0,0.10902372002601624,,,,,,,,,,9.208e-06,2230,2.0
220900,0.8797966241836548,0.8788306713104248,0.0001,22.499418258666992,1.9921875,36.25,36.0,0.10902372002601624,,,,,,,,,,9.212125000000001e-06,2231,1.9921875
221000,0.8875669836997986,0.8870989084243774,0.0001,18.438352584838867,2.0,36.25,35.5,0.10902372002601624,,,,,,,,,,9.21625e-06,2232,2.0
221100,0.9075855016708374,0.9057800769805908,0.0001,16.316434860229492,1.9921875,30.75,29.875,0.10902372002601624,,,,,,,,,,9.220375e-06,2233,1.9921875
221200,0.8843238949775696,0.8841517567634583,0.0001,15.7885160446167,2.0,36.25,35.25,0.10902372002601624,,,,,,,,,,9.224500000000001e-06,2234,2.0
221300,0.8739480972290039,0.8745021820068359,0.0001,26.49167823791504,1.984375,38.0,37.0,0.10902372002601624,,,,,,,,,,9.228625000000002e-06,2235,1.984375
221400,0.8826923370361328,0.8821201920509338,0.0001,17.66149139404297,1.9921875,36.75,36.5,0.10902372002601624,,,,,,,,,,9.23275e-06,2236,1.9921875
221500,0.8743507862091064,0.8774490356445312,0.0001,29.413803100585938,2.0,39.5,38.0,0.10902372002601624,,,,,,,,,,9.236875000000001e-06,2237,2.0
221600,0.8810294270515442,0.8820445537567139,0.0001,19.17356300354004,1.9921875,37.25,36.5,0.10902372002601624,,,,,,,,,,9.241000000000002e-06,2238,1.9921875
221700,0.8697869777679443,0.8709182739257812,0.0001,19.51240348815918,1.9921875,40.25,38.75,0.10902372002601624,,,,,,,,,,9.245125e-06,2239,1.9921875
221800,0.9036590456962585,0.9030510187149048,0.0001,18.200565338134766,1.9921875,30.125,30.0,0.10902372002601624,,,,,,,,,,9.249250000000001e-06,2240,1.9921875
221900,0.8729324340820312,0.8744887113571167,0.0001,29.131275177001953,1.9921875,39.0,37.5,0.10902372002601624,,,,,,,,,,9.253375000000002e-06,2241,1.9921875
222000,0.8780750036239624,0.8818376064300537,0.0001,14.229491233825684,1.9921875,39.0,38.0,0.10902372002601624,,,,,,,,,,9.2575e-06,2242,1.9921875
222100,0.8822749853134155,0.8833391666412354,0.0001,30.007965087890625,1.9921875,37.75,36.5,0.10902372002601624,,,,,,,,,,9.261625000000001e-06,2243,1.9921875
222200,0.9127659797668457,0.911077082157135,0.0001,8.64942455291748,1.9921875,27.75,27.5,0.10902372002601624,,,,,,,,,,9.26575e-06,2244,1.9921875
222300,0.8697167038917542,0.8809811472892761,0.0001,17.324085235595703,2.0,40.0,34.75,0.10902372002601624,,,,,,,,,,9.269875e-06,2245,2.0
222400,0.8786889314651489,0.8784485459327698,0.0001,37.757076263427734,1.9921875,36.5,36.25,0.10902372002601624,,,,,,,,,,9.274000000000001e-06,2246,1.9921875
222500,0.9052212238311768,0.9085689783096313,0.0001,8.17752742767334,1.9921875,29.875,27.5,0.10902372002601624,,,,,,,,,,9.278125000000002e-06,2247,1.9921875
222600,0.8802415132522583,0.8784979581832886,0.0001,15.507942199707031,2.0,37.5,37.0,0.10902372002601624,,,,,,,,,,9.28225e-06,2248,2.0
222700,0.8920223712921143,0.892371416091919,0.0001,27.274442672729492,2.0,33.25,33.0,0.10902372002601624,,,,,,,,,,9.286375e-06,2249,2.0
222800,0.8653181791305542,0.8639999628067017,0.0001,34.988765716552734,1.9921875,42.25,42.0,0.10902372002601624,,,,,,,,,,9.290500000000002e-06,2250,1.9921875
222900,0.8536698818206787,0.8642827272415161,0.0001,17.846853256225586,1.9921875,45.5,42.25,0.10902372002601624,,,,,,,,,,9.294625e-06,2251,1.9921875
223000,0.8812461495399475,0.8812013864517212,0.0001,19.450300216674805,2.0,36.0,35.25,0.10902372002601624,,,,,,,,,,9.298750000000001e-06,2252,2.0
223100,0.8825785517692566,0.8822500109672546,0.0001,17.289321899414062,2.0,36.25,36.0,0.10902372002601624,,,,,,,,,,9.302875e-06,2253,2.0
223200,0.8677495718002319,0.8656260967254639,0.0001,18.49981689453125,2.0,41.25,40.5,0.10902372002601624,,,,,,,,,,9.307e-06,2254,2.0
223300,0.8776001930236816,0.8799335360527039,0.0001,10.660575866699219,2.0,38.25,37.25,0.10902372002601624,,,,,,,,,,9.311125000000001e-06,2255,2.0
223400,0.887325644493103,0.8882941603660583,0.0001,17.124839782714844,2.0,35.0,34.5,0.10902372002601624,,,,,,,,,,9.31525e-06,2256,2.0
223500,0.871734619140625,0.8745386004447937,0.0001,31.731840133666992,1.9921875,40.5,38.0,0.10902372002601624,,,,,,,,,,9.319375000000001e-06,2257,1.9921875
223600,0.8373288512229919,0.839036226272583,0.0001,28.511474609375,2.0,50.5,49.0,0.10902372002601624,,,,,,,,,,9.323500000000001e-06,2258,2.0
223700,0.8645743131637573,0.8646994829177856,0.0001,21.220579147338867,2.0,41.75,40.25,0.10902372002601624,,,,,,,,,,9.327625000000002e-06,2259,2.0
223800,0.8724800944328308,0.8819128274917603,0.0001,14.097735404968262,2.0,39.25,35.75,0.10902372002601624,,,,,,,,,,9.331750000000001e-06,2260,2.0
223900,0.8905655145645142,0.8873274922370911,0.0001,16.168201446533203,2.0,33.75,33.25,0.10902372002601624,,,,,,,,,,9.335875e-06,2261,2.0
224000,0.8663028478622437,0.8729295134544373,0.0001,16.96234893798828,2.0,40.5,38.5,0.10902372002601624,,,,,,,,,,9.340000000000002e-06,2262,2.0
224100,0.8872720003128052,0.8852282166481018,0.0001,24.275365829467773,1.9921875,35.0,33.75,0.10902372002601624,,,,,,,,,,9.344125000000001e-06,2263,1.9921875
224200,0.8756715059280396,0.8762640357017517,0.0001,55.209144592285156,1.9921875,38.75,38.25,0.10902372002601624,,,,,,,,,,9.348250000000002e-06,2264,1.9921875
224300,0.8689693212509155,0.8715365529060364,0.0001,33.682132720947266,2.0,42.25,39.25,0.10902372002601624,,,,,,,,,,9.352375e-06,2265,2.0
224400,0.8360755443572998,0.8779900670051575,0.0001,19.039966583251953,1.9921875,51.5,36.25,0.10902372002601624,,,,,,,,,,9.356500000000001e-06,2266,1.9921875
224500,0.8756581544876099,0.8749843239784241,0.0001,35.156776428222656,1.9921875,38.0,37.0,0.10902372002601624,,,,,,,,,,9.360625000000002e-06,2267,1.9921875
224600,0.87382572889328,0.8784410357475281,0.0001,15.764849662780762,2.0,38.75,36.5,0.10902372002601624,,,,,,,,,,9.36475e-06,2268,2.0
224700,0.8984832763671875,0.9006733894348145,0.0001,12.969955444335938,1.984375,31.75,30.5,0.10902372002601624,,,,,,,,,,9.368875000000001e-06,2269,1.984375
224800,0.8715811371803284,0.8722838163375854,0.0001,36.106685638427734,1.9921875,40.5,40.25,0.10902372002601624,,,,,,,,,,9.373000000000002e-06,2270,1.9921875
224900,0.8676468729972839,0.8682528734207153,0.0001,20.796762466430664,1.9921875,41.5,40.5,0.10902372002601624,,,,,,,,,,9.377125000000002e-06,2271,1.9921875
225000,0.886622428894043,0.8877702355384827,0.0001,16.07927894592285,2.0,36.0,35.75,0.10902372002601624,,,,,,,,,,9.381250000000001e-06,2272,2.0
225100,0.8628956079483032,0.8654131889343262,0.0001,26.697437286376953,1.9921875,42.5,41.25,0.10902372002601624,,,,,,,,,,9.385375e-06,2273,1.9921875
225200,0.8700439929962158,0.8697479963302612,0.0001,23.749441146850586,2.0,39.75,38.5,0.10902372002601624,,,,,,,,,,9.389500000000002e-06,2274,2.0
225300,0.8791935443878174,0.8797546625137329,0.0001,18.893075942993164,1.9921875,37.75,37.5,0.10902372002601624,,,,,,,,,,9.393625000000001e-06,2275,1.9921875
225400,0.8688997626304626,0.8712491989135742,0.0001,14.7882719039917,1.9921875,41.0,39.25,0.10902372002601624,,,,,,,,,,9.397750000000002e-06,2276,1.9921875
225500,0.8717142939567566,0.8710793852806091,0.0001,13.704507827758789,2.0,38.25,37.75,0.10902372002601624,,,,,,,,,,9.401875e-06,2277,2.0
225600,0.8859041929244995,0.8845785856246948,0.0001,14.476394653320312,1.9921875,35.5,35.5,0.10902372002601624,,,,,,,,,,9.406000000000001e-06,2278,1.9921875
225700,0.8890225887298584,0.8919754028320312,0.0001,22.110132217407227,2.0,35.0,34.0,0.10902372002601624,,,,,,,,,,9.410125000000002e-06,2279,2.0
225800,0.8430731892585754,0.842556893825531,0.0001,26.394916534423828,2.0,47.25,46.5,0.10902372002601624,,,,,,,,,,9.41425e-06,2280,2.0
225900,0.8718542456626892,0.8699017763137817,0.0001,35.856971740722656,2.0,37.75,36.5,0.10902372002601624,,,,,,,,,,9.418375000000001e-06,2281,2.0
226000,0.8838101029396057,0.8826907277107239,0.0001,18.5820369720459,2.0,35.0,33.75,0.10902372002601624,,,,,,,,,,9.422500000000002e-06,2282,2.0
226100,0.8784761428833008,0.8782511949539185,0.0001,19.164945602416992,1.9921875,38.25,37.75,0.10902372002601624,,,,,,,,,,9.426625000000002e-06,2283,1.9921875
226200,0.8875376582145691,0.8885427713394165,0.0001,23.95317840576172,1.9921875,35.5,34.5,0.10902372002601624,,,,,,,,,,9.430750000000001e-06,2284,1.9921875
226300,0.8988996744155884,0.898596465587616,0.0001,31.534032821655273,1.9921875,31.875,31.0,0.10902372002601624,,,,,,,,,,9.434875e-06,2285,1.9921875
226400,0.8743232488632202,0.8738456964492798,0.0001,19.807941436767578,1.9921875,39.25,37.75,0.10902372002601624,,,,,,,,,,9.439000000000002e-06,2286,1.9921875
226500,0.8744800090789795,0.8733677268028259,0.0001,17.823318481445312,2.0,39.75,39.0,0.10902372002601624,,,,,,,,,,9.443125000000001e-06,2287,2.0
226600,0.8802893161773682,0.8782320618629456,0.0001,14.8250732421875,1.9921875,38.5,37.75,0.10902372002601624,,,,,,,,,,9.447250000000002e-06,2288,1.9921875
226700,0.8605420589447021,0.8589276075363159,0.0001,17.554168701171875,2.0,44.0,43.5,0.10902372002601624,,,,,,,,,,9.451375e-06,2289,2.0
226800,0.8848733901977539,0.886054277420044,0.0001,23.48019790649414,1.984375,36.0,34.0,0.10902372002601624,,,,,,,,,,9.455500000000001e-06,2290,1.984375
226900,0.9031069278717041,0.9023496508598328,0.0001,13.956120491027832,1.9921875,31.5,32.0,0.10902372002601624,,,,,,,,,,9.459625000000002e-06,2291,1.9921875
227000,0.8775177001953125,0.8848212957382202,0.0001,14.346208572387695,2.0,38.0,34.75,0.10902372002601624,,,,,,,,,,9.46375e-06,2292,2.0
227100,0.8588109016418457,0.8758095502853394,0.0001,21.866313934326172,1.9921875,43.25,37.0,0.10902372002601624,,,,,,,,,,9.467875000000001e-06,2293,1.9921875
227200,0.8962690830230713,0.8937524557113647,0.0001,12.077345848083496,1.984375,32.75,32.25,0.10902372002601624,,,,,,,,,,9.472000000000002e-06,2294,1.984375
227300,0.8912767171859741,0.8897995948791504,0.0001,16.010086059570312,1.9921875,33.75,33.75,0.10902372002601624,,,,,,,,,,9.476125000000002e-06,2295,1.9921875
227400,0.8832437992095947,0.8849239349365234,0.0001,18.522598266601562,2.0,34.5,33.75,0.10902372002601624,,,,,,,,,,9.480250000000001e-06,2296,2.0
227500,0.7586387991905212,0.860209584236145,0.0001,18.047048568725586,2.0,81.0,43.0,0.10902372002601624,,,,,,,,,,9.484375e-06,2297,2.0
227600,0.888448178768158,0.8873299956321716,0.0001,16.580411911010742,1.9921875,34.25,33.5,0.10902372002601624,,,,,,,,,,9.488500000000002e-06,2298,1.9921875
227700,0.9111578464508057,0.9103493690490723,0.0001,12.076155662536621,2.0,28.875,28.25,0.10902372002601624,,,,,,,,,,9.492625000000001e-06,2299,2.0
227800,0.9131214618682861,0.9155813455581665,0.0001,21.683523178100586,1.9921875,27.875,25.625,0.10902372002601624,,,,,,,,,,9.496750000000002e-06,2300,1.9921875
227900,0.8566282987594604,0.8781176805496216,0.0001,15.319534301757812,1.9921875,44.5,35.75,0.10902372002601624,,,,,,,,,,9.500875e-06,2301,1.9921875
228000,0.8731244802474976,0.8722772598266602,0.0001,34.8465461730957,2.0,38.75,38.75,0.10902372002601624,,,,,,,,,,9.505000000000001e-06,2302,2.0
228100,0.7941094636917114,0.9067879915237427,0.0001,11.603910446166992,1.9921875,69.0,28.5,0.10902372002601624,,,,,,,,,,9.509125000000002e-06,2303,1.9921875
228200,0.8861477375030518,0.8861526250839233,0.0001,14.234048843383789,1.9921875,34.75,34.25,0.10902372002601624,,,,,,,,,,9.51325e-06,2304,1.9921875
228300,0.8756838440895081,0.8775308132171631,0.0001,20.470346450805664,1.9921875,38.75,38.0,0.10902372002601624,,,,,,,,,,9.517375000000001e-06,2305,1.9921875
228400,0.866083025932312,0.8739624619483948,0.0001,21.71108055114746,2.0,40.0,36.75,0.10902372002601624,,,,,,,,,,9.5215e-06,2306,2.0
228500,0.8469694256782532,0.8808385729789734,0.0001,10.890876770019531,2.0,47.75,35.75,0.10902372002601624,,,,,,,,,,9.525625e-06,2307,2.0
228600,0.8681488037109375,0.8688762187957764,0.0001,22.476171493530273,2.0,40.5,40.25,0.10902372002601624,,,,,,,,,,9.529750000000001e-06,2308,2.0
228700,0.8885326981544495,0.8924916386604309,0.0001,15.956047058105469,1.9921875,35.0,33.0,0.10902372002601624,,,,,,,,,,9.533875e-06,2309,1.9921875
228800,0.8979479074478149,0.8967503309249878,0.0001,14.897073745727539,1.9921875,31.375,31.0,0.10902372002601624,,,,,,,,,,9.538e-06,2310,1.9921875
228900,0.8779680728912354,0.8785972595214844,0.0001,19.237537384033203,2.0,38.0,36.25,0.10902372002601624,,,,,,,,,,9.542125000000001e-06,2311,2.0
229000,0.8918633460998535,0.8932912945747375,0.0001,15.130838394165039,1.984375,33.75,32.5,0.10902372002601624,,,,,,,,,,9.546250000000002e-06,2312,1.984375
229100,0.8817889094352722,0.8860949277877808,0.0001,12.891830444335938,1.9921875,36.25,34.25,0.10902372002601624,,,,,,,,,,9.550375000000001e-06,2313,1.9921875
229200,0.8763686418533325,0.8765950202941895,0.0001,21.741178512573242,2.0,38.5,37.75,0.10902372002601624,,,,,,,,,,9.5545e-06,2314,2.0
229300,0.863161563873291,0.8640572428703308,0.0001,28.292936325073242,1.984375,41.5,41.0,0.10902372002601624,,,,,,,,,,9.558625000000002e-06,2315,1.984375
229400,0.8254265785217285,0.8438374996185303,0.0001,22.91753387451172,1.9921875,53.0,46.75,0.10902372002601624,,,,,,,,,,9.562750000000001e-06,2316,1.9921875
229500,0.8947887420654297,0.8954259753227234,0.0001,11.660164833068848,1.9921875,32.75,31.25,0.10902372002601624,,,,,,,,,,9.566875000000001e-06,2317,1.9921875
229600,0.8595773577690125,0.8582524657249451,0.0001,18.87881088256836,1.9921875,44.0,43.75,0.10902372002601624,,,,,,,,,,9.571e-06,2318,1.9921875
229700,0.8870174884796143,0.886359691619873,0.0001,21.692136764526367,2.0,36.25,36.0,0.10902372002601624,,,,,,,,,,9.575125000000001e-06,2319,2.0
229800,0.8596765995025635,0.8599289655685425,0.0001,15.75974178314209,1.9921875,44.0,43.75,0.10902372002601624,,,,,,,,,,9.579250000000002e-06,2320,1.9921875
229900,0.8968802690505981,0.8967041969299316,0.0001,16.838825225830078,1.9921875,32.5,31.875,0.10902372002601624,,,,,,,,,,9.583375e-06,2321,1.9921875
229950,,,,,,,,,0.15712076425552368,0.1011250838637352,0.1229550689458847,0.15796199440956116,0.08411896228790283,0.07470887899398804,0.06342223286628723,0.11833103001117706,0.09752257168292999,,2322,
230000,0.8838286399841309,0.8846406936645508,0.0001,13.452896118164062,1.9921875,36.25,36.25,0.11833102256059647,,,,,,,,,,9.587500000000001e-06,2323,1.9921875
230100,0.8766660690307617,0.8770202994346619,0.0001,28.99368667602539,2.0,40.25,39.5,0.11833102256059647,,,,,,,,,,9.591625000000002e-06,2324,2.0
230200,0.8789256811141968,0.8778690695762634,0.0001,19.349943161010742,2.0,37.5,37.5,0.11833102256059647,,,,,,,,,,9.59575e-06,2325,2.0
230300,0.8808725476264954,0.8854620456695557,0.0001,16.637853622436523,1.9921875,36.25,34.5,0.11833102256059647,,,,,,,,,,9.599875000000001e-06,2326,1.9921875
230400,0.8733044266700745,0.8718215823173523,0.0001,16.371402740478516,1.9921875,38.5,37.5,0.11833102256059647,,,,,,,,,,9.604e-06,2327,1.9921875
230500,0.8633664846420288,0.8661872148513794,0.0001,22.9453067779541,1.9921875,42.0,40.0,0.11833102256059647,,,,,,,,,,9.608125000000002e-06,2328,1.9921875
230600,0.8592791557312012,0.8932005763053894,0.0001,11.464682579040527,2.0,44.25,32.5,0.11833102256059647,,,,,,,,,,9.612250000000001e-06,2329,2.0
230700,0.8784244060516357,0.8775511980056763,0.0001,20.311227798461914,1.9921875,38.5,37.75,0.11833102256059647,,,,,,,,,,9.616375000000002e-06,2330,1.9921875
230800,0.9067277312278748,0.9049718379974365,0.0001,53.98845291137695,2.0,29.125,29.0,0.11833102256059647,,,,,,,,,,9.6205e-06,2331,2.0
230900,0.8769049644470215,0.8755882978439331,0.0001,14.96403980255127,2.0,39.25,38.0,0.11833102256059647,,,,,,,,,,9.624625000000001e-06,2332,2.0
231000,0.8850288987159729,0.8862684965133667,0.0001,23.349821090698242,2.0,34.75,34.0,0.11833102256059647,,,,,,,,,,9.628750000000002e-06,2333,2.0
231100,0.8848536014556885,0.884414553642273,0.0001,16.936750411987305,2.0,36.5,36.25,0.11833102256059647,,,,,,,,,,9.632875e-06,2334,2.0
231200,0.889113187789917,0.889185905456543,0.0001,13.626391410827637,1.9921875,34.0,33.5,0.11833102256059647,,,,,,,,,,9.637000000000001e-06,2335,1.9921875
231300,0.8729051351547241,0.8847683668136597,0.0001,22.654251098632812,1.9921875,40.0,35.25,0.11833102256059647,,,,,,,,,,9.641125000000002e-06,2336,1.9921875
231400,0.8626925945281982,0.8656869530677795,0.0001,21.218931198120117,2.0,42.25,40.25,0.11833102256059647,,,,,,,,,,9.64525e-06,2337,2.0
231500,0.8608189225196838,0.8604030013084412,0.0001,16.128501892089844,2.0,45.75,45.0,0.11833102256059647,,,,,,,,,,9.649375000000001e-06,2338,2.0
231600,0.9027968049049377,0.9029251337051392,0.0001,58.8528938293457,1.9921875,30.375,29.625,0.11833102256059647,,,,,,,,,,9.6535e-06,2339,1.9921875
231700,0.8846374750137329,0.8888134360313416,0.0001,18.07967185974121,1.9921875,35.75,33.75,0.11833102256059647,,,,,,,,,,9.657625000000002e-06,2340,1.9921875
231800,0.8732718825340271,0.8743921518325806,0.0001,30.057416915893555,2.0,39.75,39.5,0.11833102256059647,,,,,,,,,,9.661750000000001e-06,2341,2.0
231900,0.8606130480766296,0.8617302179336548,0.0001,21.343050003051758,2.0,42.5,41.75,0.11833102256059647,,,,,,,,,,9.665875000000002e-06,2342,2.0
232000,0.8877134919166565,0.8873108625411987,0.0001,18.238142013549805,2.0,36.0,36.0,0.11833102256059647,,,,,,,,,,9.67e-06,2343,2.0
232100,0.8473276495933533,0.8711823225021362,0.0001,21.931058883666992,1.984375,47.75,38.75,0.11833102256059647,,,,,,,,,,9.674125000000001e-06,2344,1.984375
232200,0.8767772912979126,0.8750578761100769,0.0001,12.398239135742188,2.0,38.0,38.0,0.11833102256059647,,,,,,,,,,9.678250000000002e-06,2345,2.0
232300,0.8307784795761108,0.8901010155677795,0.0001,60.40444564819336,1.9921875,55.75,34.5,0.11833102256059647,,,,,,,,,,9.682375e-06,2346,1.9921875
232400,0.817249059677124,0.8684765696525574,0.0001,18.81977653503418,2.0,57.5,41.0,0.11833102256059647,,,,,,,,,,9.686500000000001e-06,2347,2.0
232500,0.8759093284606934,0.8747985363006592,0.0001,17.076807022094727,2.0,39.0,39.0,0.11833102256059647,,,,,,,,,,9.690625000000002e-06,2348,2.0
232600,0.883033812046051,0.8825065493583679,0.0001,21.35169792175293,1.9921875,36.75,36.0,0.11833102256059647,,,,,,,,,,9.69475e-06,2349,1.9921875
232700,0.8078724145889282,0.8992206454277039,0.0001,15.356866836547852,1.9921875,64.0,31.25,0.11833102256059647,,,,,,,,,,9.698875000000001e-06,2350,1.9921875
232800,0.8449697494506836,0.8592362403869629,0.0001,34.59851837158203,2.0,47.75,42.75,0.11833102256059647,,,,,,,,,,9.703e-06,2351,2.0
232900,0.8873026371002197,0.8872367143630981,0.0001,18.939008712768555,2.0,37.0,37.0,0.11833102256059647,,,,,,,,,,9.707125000000002e-06,2352,2.0
233000,0.8550523519515991,0.8560742139816284,0.0001,28.63709831237793,2.0,44.5,43.75,0.11833102256059647,,,,,,,,,,9.711250000000001e-06,2353,2.0
233100,0.8611827492713928,0.8680286407470703,0.0001,13.141955375671387,1.9921875,42.5,39.5,0.11833102256059647,,,,,,,,,,9.715375e-06,2354,1.9921875
233200,0.8710336685180664,0.8701852560043335,0.0001,24.117176055908203,2.0,40.25,40.0,0.11833102256059647,,,,,,,,,,9.7195e-06,2355,2.0
233300,0.8883188962936401,0.8878256678581238,0.0001,16.27275848388672,1.984375,34.75,33.75,0.11833102256059647,,,,,,,,,,9.723625000000001e-06,2356,1.984375
233400,0.891154408454895,0.8928051590919495,0.0001,18.63409423828125,2.0,34.75,34.0,0.11833102256059647,,,,,,,,,,9.727750000000002e-06,2357,2.0
233500,0.8416795134544373,0.8807910680770874,0.0001,15.040484428405762,2.0,48.5,35.5,0.11833102256059647,,,,,,,,,,9.731875e-06,2358,2.0
233600,0.8382922410964966,0.8382705450057983,0.0001,21.310209274291992,2.0,50.75,50.25,0.11833102256059647,,,,,,,,,,9.736000000000001e-06,2359,2.0
233700,0.8848478198051453,0.8847602009773254,0.0001,28.076513290405273,1.9921875,35.75,34.25,0.11833102256059647,,,,,,,,,,9.740125000000002e-06,2360,1.9921875
233800,0.8934743404388428,0.8993667364120483,0.0001,12.675127983093262,1.984375,33.5,31.0,0.11833102256059647,,,,,,,,,,9.74425e-06,2361,1.984375
233900,0.8651820421218872,0.8752177357673645,0.0001,16.286523818969727,1.9921875,42.0,38.5,0.11833102256059647,,,,,,,,,,9.748375000000001e-06,2362,1.9921875
234000,0.8822823166847229,0.881522536277771,0.0001,27.133743286132812,1.9921875,37.0,36.75,0.11833102256059647,,,,,,,,,,9.7525e-06,2363,1.9921875
234100,0.8819596767425537,0.8825669884681702,0.0001,26.65457534790039,2.0,37.0,36.0,0.11833102256059647,,,,,,,,,,9.756625e-06,2364,2.0
234200,0.8799428939819336,0.8799395561218262,0.0001,20.081567764282227,2.0,37.75,36.5,0.11833102256059647,,,,,,,,,,9.760750000000001e-06,2365,2.0
234300,0.8822728395462036,0.8828808665275574,0.0001,35.02085494995117,1.9921875,37.5,36.25,0.11833102256059647,,,,,,,,,,9.764875e-06,2366,1.9921875
234400,0.8924551010131836,0.8965009450912476,0.0001,16.52903938293457,1.9921875,33.25,32.0,0.11833102256059647,,,,,,,,,,9.769e-06,2367,1.9921875
234500,0.8974852561950684,0.8962618112564087,0.0001,16.519289016723633,1.9921875,31.5,30.625,0.11833102256059647,,,,,,,,,,9.773125e-06,2368,1.9921875
234600,0.8753873109817505,0.8733426332473755,0.0001,20.907711029052734,1.9921875,39.0,38.0,0.11833102256059647,,,,,,,,,,9.777250000000002e-06,2369,1.9921875
234700,0.8305916786193848,0.8726589679718018,0.0001,24.14615249633789,2.0,53.75,38.25,0.11833102256059647,,,,,,,,,,9.781375000000001e-06,2370,2.0
234800,0.8890920281410217,0.8877660036087036,0.0001,24.573740005493164,1.9921875,35.5,35.0,0.11833102256059647,,,,,,,,,,9.785500000000001e-06,2371,1.9921875
234900,0.8678236603736877,0.8669455051422119,0.0001,19.438125610351562,2.0,41.25,40.75,0.11833102256059647,,,,,,,,,,9.789625e-06,2372,2.0
235000,0.8755297660827637,0.8750519156455994,0.0001,18.745880126953125,2.0,39.5,39.25,0.11833102256059647,,,,,,,,,,9.793750000000001e-06,2373,2.0
235100,0.8781948089599609,0.879216194152832,0.0001,32.8071403503418,2.0,37.25,36.0,0.11833102256059647,,,,,,,,,,9.797875000000001e-06,2374,2.0
235200,0.8927332758903503,0.8917686343193054,0.0001,15.672675132751465,2.0,33.25,32.25,0.11833102256059647,,,,,,,,,,9.802e-06,2375,2.0
235300,0.8979802131652832,0.8990089893341064,0.0001,13.960827827453613,1.9765625,32.0,31.0,0.11833102256059647,,,,,,,,,,9.806125000000001e-06,2376,1.9765625
235400,0.8550507426261902,0.8638358116149902,0.0001,26.077362060546875,2.0,45.0,41.25,0.11833102256059647,,,,,,,,,,9.810250000000001e-06,2377,2.0
235500,0.8837392926216125,0.8808332085609436,0.0001,25.033952713012695,1.9921875,37.0,37.0,0.11833102256059647,,,,,,,,,,9.814375e-06,2378,1.9921875
235600,0.8794443607330322,0.8840439319610596,0.0001,22.39137077331543,1.9921875,38.0,35.5,0.11833102256059647,,,,,,,,,,9.818500000000001e-06,2379,1.9921875
235700,0.8737938404083252,0.8763911724090576,0.0001,21.131725311279297,1.9921875,39.75,39.0,0.11833102256059647,,,,,,,,,,9.822625e-06,2380,1.9921875
235800,0.8879696726799011,0.886752724647522,0.0001,36.48358917236328,2.0,34.75,34.5,0.11833102256059647,,,,,,,,,,9.826750000000002e-06,2381,2.0
235900,0.8736048936843872,0.8759402632713318,0.0001,21.4694766998291,1.9921875,38.75,37.5,0.11833102256059647,,,,,,,,,,9.830875000000001e-06,2382,1.9921875
236000,0.8908768892288208,0.8936929702758789,0.0001,13.083727836608887,2.0,33.5,32.25,0.11833102256059647,,,,,,,,,,9.835e-06,2383,2.0
236100,0.860806405544281,0.8612100481987,0.0001,20.33873748779297,1.984375,43.0,42.5,0.11833102256059647,,,,,,,,,,9.839125e-06,2384,1.984375
236200,0.9066128730773926,0.9052702188491821,0.0001,18.581106185913086,1.984375,30.0,29.375,0.11833102256059647,,,,,,,,,,9.843250000000001e-06,2385,1.984375
236300,0.890156090259552,0.890059232711792,0.0001,21.363515853881836,1.9921875,34.25,33.75,0.11833102256059647,,,,,,,,,,9.847375000000002e-06,2386,1.9921875
236400,0.8539052605628967,0.8538771271705627,0.0001,19.246370315551758,2.0,44.0,44.25,0.11833102256059647,,,,,,,,,,9.8515e-06,2387,2.0
236500,0.8682249784469604,0.8675939440727234,0.0001,18.09166717529297,1.9921875,40.75,40.25,0.11833102256059647,,,,,,,,,,9.855625000000001e-06,2388,1.9921875
236600,0.8466513156890869,0.8778799772262573,0.0001,16.803787231445312,2.0,48.0,36.5,0.11833102256059647,,,,,,,,,,9.859750000000002e-06,2389,2.0
236700,0.8727425336837769,0.8717026710510254,0.0001,15.628958702087402,2.0,39.5,38.75,0.11833102256059647,,,,,,,,,,9.863875e-06,2390,2.0
236800,0.8829672336578369,0.8836957216262817,0.0001,16.37989616394043,2.0,36.5,35.5,0.11833102256059647,,,,,,,,,,9.868000000000001e-06,2391,2.0
236900,0.8771809339523315,0.8776196241378784,0.0001,18.295856475830078,1.984375,38.5,37.5,0.11833102256059647,,,,,,,,,,9.872125e-06,2392,1.984375
237000,0.8628048896789551,0.8680756688117981,0.0001,19.07301902770996,2.0,43.5,41.25,0.11833102256059647,,,,,,,,,,9.876250000000002e-06,2393,2.0
237100,0.8810861110687256,0.8826539516448975,0.0001,15.748682022094727,1.9921875,37.5,37.5,0.11833102256059647,,,,,,,,,,9.880375000000001e-06,2394,1.9921875
237200,0.8901619911193848,0.8904924988746643,0.0001,23.358774185180664,1.984375,34.5,33.75,0.11833102256059647,,,,,,,,,,9.8845e-06,2395,1.984375
237300,0.6427116990089417,0.8920358419418335,0.0001,26.606159210205078,1.9921875,154.0,33.25,0.11833102256059647,,,,,,,,,,9.888625e-06,2396,1.9921875
237400,0.8824830055236816,0.8800365924835205,0.0001,26.09073257446289,1.9921875,36.25,35.75,0.11833102256059647,,,,,,,,,,9.892750000000001e-06,2397,1.9921875
237500,0.8002281188964844,0.876166045665741,0.0001,17.78680992126465,2.0,63.75,37.0,0.11833102256059647,,,,,,,,,,9.896875000000002e-06,2398,2.0
237600,0.7151268124580383,0.8783145546913147,0.0001,33.839881896972656,2.0,105.0,37.25,0.11833102256059647,,,,,,,,,,9.901e-06,2399,2.0
237700,0.8811948299407959,0.8845007419586182,0.0001,29.560712814331055,2.0,37.0,35.5,0.11833102256059647,,,,,,,,,,9.905125e-06,2400,2.0
237800,0.8497531414031982,0.8512073159217834,0.0001,27.391950607299805,1.9921875,46.75,45.5,0.11833102256059647,,,,,,,,,,9.909250000000002e-06,2401,1.9921875
237900,0.8770769238471985,0.8748490810394287,0.0001,35.551692962646484,1.9921875,38.25,37.75,0.11833102256059647,,,,,,,,,,9.913375e-06,2402,1.9921875
238000,0.8251059055328369,0.8547933101654053,0.0001,14.266891479492188,2.0,52.5,44.5,0.11833102256059647,,,,,,,,,,9.917500000000001e-06,2403,2.0
238100,0.869412899017334,0.8690481185913086,0.0001,27.648542404174805,1.9921875,40.25,39.25,0.11833102256059647,,,,,,,,,,9.921625e-06,2404,1.9921875
238200,0.8810720443725586,0.882453441619873,0.0001,12.284608840942383,1.9921875,37.75,37.0,0.11833102256059647,,,,,,,,,,9.925750000000002e-06,2405,1.9921875
238300,0.8721675276756287,0.8722900748252869,0.0001,15.29809856414795,1.9921875,39.5,38.5,0.11833102256059647,,,,,,,,,,9.929875000000001e-06,2406,1.9921875
238400,0.8835262060165405,0.884032130241394,0.0001,16.42361831665039,2.0,37.25,36.75,0.11833102256059647,,,,,,,,,,9.934e-06,2407,2.0
238500,0.8863945007324219,0.8869665861129761,0.0001,14.742924690246582,1.9921875,35.5,34.75,0.11833102256059647,,,,,,,,,,9.938125e-06,2408,1.9921875
238600,0.9096910953521729,0.9092848896980286,0.0001,10.644222259521484,1.9921875,28.5,28.0,0.11833102256059647,,,,,,,,,,9.942250000000001e-06,2409,1.9921875
238700,0.8670549392700195,0.8666791915893555,0.0001,20.096487045288086,1.9921875,40.25,39.25,0.11833102256059647,,,,,,,,,,9.946375000000002e-06,2410,1.9921875
238800,0.8908722400665283,0.8916690349578857,0.0001,12.356468200683594,1.984375,34.75,34.0,0.11833102256059647,,,,,,,,,,9.9505e-06,2411,1.984375
238900,0.8692114353179932,0.8701127171516418,0.0001,25.53790283203125,2.0,41.0,39.75,0.11833102256059647,,,,,,,,,,9.954625e-06,2412,2.0
239000,0.8784584403038025,0.8788352012634277,0.0001,15.44559383392334,2.0,38.25,37.0,0.11833102256059647,,,,,,,,,,9.958750000000002e-06,2413,2.0
239100,0.8974491953849792,0.8957625031471252,0.0001,16.212169647216797,1.9921875,32.75,31.75,0.11833102256059647,,,,,,,,,,9.962875e-06,2414,1.9921875
239200,0.8831926584243774,0.885419487953186,0.0001,16.42915153503418,1.9921875,36.5,35.0,0.11833102256059647,,,,,,,,,,9.967000000000001e-06,2415,1.9921875
239300,0.8483222723007202,0.8495407700538635,0.0001,19.376501083374023,2.0,48.0,47.25,0.11833102256059647,,,,,,,,,,9.971125e-06,2416,2.0
239400,0.8654125332832336,0.8645322322845459,0.0001,20.00421714782715,1.9921875,41.5,41.25,0.11833102256059647,,,,,,,,,,9.975250000000002e-06,2417,1.9921875
239500,0.8828514814376831,0.8816286325454712,0.0001,13.306121826171875,1.984375,36.0,34.75,0.11833102256059647,,,,,,,,,,9.979375000000001e-06,2418,1.984375
239600,0.8685204982757568,0.8679699301719666,0.0001,17.114622116088867,1.984375,40.75,40.0,0.11833102256059647,,,,,,,,,,9.9835e-06,2419,1.984375
239700,0.8760021328926086,0.8745482563972473,0.0001,32.98643112182617,2.0,39.75,39.0,0.11833102256059647,,,,,,,,,,9.987625e-06,2420,2.0
239800,0.8831358551979065,0.885819673538208,0.0001,20.425901412963867,1.9921875,36.5,34.5,0.11833102256059647,,,,,,,,,,9.991750000000001e-06,2421,1.9921875
239900,0.8725931644439697,0.8720135688781738,0.0001,32.059234619140625,1.9921875,40.0,39.25,0.11833102256059647,,,,,,,,,,9.995875000000002e-06,2422,1.9921875
239950,,,,,,,,,0.14168313145637512,0.08015721291303635,0.08415297418832779,0.15336310863494873,0.06809093058109283,0.06769700348377228,0.0657937079668045,0.11063869297504425,0.11358600109815598,,2423,
240000,0.8701934814453125,0.8757349252700806,0.0001,18.166669845581055,2.0,39.75,38.5,0.11063868552446365,,,,,,,,,,1e-05,2424,2.0
240100,0.8612270355224609,0.8628901243209839,0.0001,43.044010162353516,2.0,43.5,42.75,0.11063868552446365,,,,,,,,,,1e-05,2425,2.0
240200,0.891776442527771,0.8903008699417114,0.0001,49.79482650756836,1.984375,33.0,33.25,0.11063868552446365,,,,,,,,,,1e-05,2426,1.984375
240300,0.8786953091621399,0.8795323371887207,0.0001,23.908615112304688,2.0,37.5,36.5,0.11063868552446365,,,,,,,,,,1e-05,2427,2.0
240400,0.881348729133606,0.8938890099525452,0.0001,17.947031021118164,1.9921875,36.5,32.5,0.11063868552446365,,,,,,,,,,1e-05,2428,1.9921875
240500,0.853058934211731,0.8547418117523193,0.0001,18.970584869384766,1.9921875,45.75,44.5,0.11063868552446365,,,,,,,,,,1e-05,2429,1.9921875
240600,0.8803183436393738,0.8808271288871765,0.0001,24.958547592163086,1.984375,37.5,36.5,0.11063868552446365,,,,,,,,,,1e-05,2430,1.984375
240700,0.86714768409729,0.866115391254425,0.0001,25.03944969177246,2.0,41.25,40.75,0.11063868552446365,,,,,,,,,,1e-05,2431,2.0
240800,0.855657696723938,0.8574209809303284,0.0001,28.836759567260742,2.0,44.5,42.75,0.11063868552446365,,,,,,,,,,1e-05,2432,2.0
240900,0.8756186962127686,0.8720975518226624,0.0001,25.431900024414062,1.9921875,38.5,38.5,0.11063868552446365,,,,,,,,,,1e-05,2433,1.9921875
241000,0.8677768707275391,0.8661909103393555,0.0001,26.783130645751953,1.9921875,41.5,40.75,0.11063868552446365,,,,,,,,,,1e-05,2434,1.9921875
241100,0.874192476272583,0.8748161196708679,0.0001,16.678470611572266,1.9921875,38.25,37.5,0.11063868552446365,,,,,,,,,,1e-05,2435,1.9921875
241200,0.867301344871521,0.8662304878234863,0.0001,22.197052001953125,2.0,40.75,40.5,0.11063868552446365,,,,,,,,,,1e-05,2436,2.0
241300,0.8748791217803955,0.8815288543701172,0.0001,24.21291160583496,1.984375,40.0,37.5,0.11063868552446365,,,,,,,,,,1e-05,2437,1.984375
241400,0.8330433368682861,0.833227813243866,0.0001,28.44788932800293,2.0,52.25,50.5,0.11063868552446365,,,,,,,,,,1e-05,2438,2.0
241500,0.8758098483085632,0.8755753636360168,0.0001,29.887495040893555,2.0,39.0,38.25,0.11063868552446365,,,,,,,,,,1e-05,2439,2.0
241600,0.8913578987121582,0.8906146287918091,0.0001,13.701263427734375,2.0,34.25,34.5,0.11063868552446365,,,,,,,,,,1e-05,2440,2.0
241700,0.8768206834793091,0.8775606751441956,0.0001,22.302513122558594,1.984375,38.25,37.5,0.11063868552446365,,,,,,,,,,1e-05,2441,1.984375
241800,0.890992283821106,0.8922711610794067,0.0001,16.111759185791016,1.9921875,34.5,33.75,0.11063868552446365,,,,,,,,,,1e-05,2442,1.9921875
241900,0.698534369468689,0.8742483258247375,0.0001,22.538471221923828,2.0,108.0,39.0,0.11063868552446365,,,,,,,,,,1e-05,2443,2.0
242000,0.8803063631057739,0.8794534206390381,0.0001,22.263080596923828,2.0,37.75,37.5,0.11063868552446365,,,,,,,,,,1e-05,2444,2.0
242100,0.8893142342567444,0.8904399275779724,0.0001,21.165151596069336,1.9921875,34.5,33.5,0.11063868552446365,,,,,,,,,,1e-05,2445,1.9921875
242200,0.875210702419281,0.8747786283493042,0.0001,29.18918228149414,1.984375,38.25,38.0,0.11063868552446365,,,,,,,,,,1e-05,2446,1.984375
242300,0.8910834789276123,0.8906698226928711,0.0001,17.810766220092773,2.0,33.5,33.25,0.11063868552446365,,,,,,,,,,1e-05,2447,2.0
242400,0.8942923545837402,0.8933599591255188,0.0001,18.326248168945312,2.0,33.75,33.75,0.11063868552446365,,,,,,,,,,1e-05,2448,2.0
242500,0.8822251558303833,0.8893030881881714,0.0001,14.884089469909668,1.984375,36.25,33.5,0.11063868552446365,,,,,,,,,,1e-05,2449,1.984375
242600,0.8598171472549438,0.858307957649231,0.0001,21.11910057067871,1.984375,43.75,43.0,0.11063868552446365,,,,,,,,,,1e-05,2450,1.984375
242700,0.8389982581138611,0.838729202747345,0.0001,25.461362838745117,1.9921875,48.5,47.25,0.11063868552446365,,,,,,,,,,1e-05,2451,1.9921875
242800,0.8586913347244263,0.8648906946182251,0.0001,21.967435836791992,2.0,44.0,41.0,0.11063868552446365,,,,,,,,,,1e-05,2452,2.0
242900,0.8742009401321411,0.8794822692871094,0.0001,11.868704795837402,2.0,38.0,36.5,0.11063868552446365,,,,,,,,,,1e-05,2453,2.0
243000,0.8431886434555054,0.881921112537384,0.0001,20.462390899658203,2.0,48.75,35.75,0.11063868552446365,,,,,,,,,,1e-05,2454,2.0
243100,0.8710557222366333,0.866154670715332,0.0001,25.843902587890625,2.0,40.75,40.0,0.11063868552446365,,,,,,,,,,1e-05,2455,2.0
243200,0.8791506290435791,0.8811697959899902,0.0001,21.580114364624023,1.9921875,36.25,34.5,0.11063868552446365,,,,,,,,,,1e-05,2456,1.9921875
243300,0.8663246631622314,0.8651010394096375,0.0001,14.716084480285645,1.984375,40.0,39.5,0.11063868552446365,,,,,,,,,,1e-05,2457,1.984375
243400,0.8724676370620728,0.871903121471405,0.0001,24.774580001831055,1.9921875,40.0,39.25,0.11063868552446365,,,,,,,,,,1e-05,2458,1.9921875
243500,0.8500848412513733,0.8525605797767639,0.0001,19.194162368774414,1.9921875,45.0,44.0,0.11063868552446365,,,,,,,,,,1e-05,2459,1.9921875
243600,0.8399795889854431,0.8796166181564331,0.0001,17.279468536376953,2.0,48.25,34.25,0.11063868552446365,,,,,,,,,,1e-05,2460,2.0
243700,0.8879942893981934,0.8896393775939941,0.0001,22.345138549804688,2.0,35.25,33.75,0.11063868552446365,,,,,,,,,,1e-05,2461,2.0
243800,0.8828849196434021,0.8813055753707886,0.0001,24.656904220581055,2.0,37.5,37.0,0.11063868552446365,,,,,,,,,,1e-05,2462,2.0
243900,0.8773826360702515,0.876741886138916,0.0001,25.819808959960938,1.984375,39.5,39.25,0.11063868552446365,,,,,,,,,,1e-05,2463,1.984375
244000,0.9075104594230652,0.9065426588058472,0.0001,13.39023494720459,1.9921875,28.875,28.125,0.11063868552446365,,,,,,,,,,1e-05,2464,1.9921875
244100,0.891951322555542,0.890521764755249,0.0001,27.71815299987793,2.0,33.5,33.25,0.11063868552446365,,,,,,,,,,1e-05,2465,2.0
244200,0.8919805288314819,0.889689028263092,0.0001,27.867481231689453,1.9921875,33.25,32.75,0.11063868552446365,,,,,,,,,,1e-05,2466,1.9921875
244300,0.8737780451774597,0.8722810745239258,0.0001,24.04871368408203,1.9921875,40.0,39.5,0.11063868552446365,,,,,,,,,,1e-05,2467,1.9921875
244400,0.8756720423698425,0.8714653849601746,0.0001,19.05891227722168,2.0,39.75,38.5,0.11063868552446365,,,,,,,,,,1e-05,2468,2.0
244500,0.8809882998466492,0.8811122179031372,0.0001,17.15006446838379,1.9921875,36.75,35.75,0.11063868552446365,,,,,,,,,,1e-05,2469,1.9921875
244600,0.8703928589820862,0.8711532354354858,0.0001,19.382080078125,2.0,38.75,37.75,0.11063868552446365,,,,,,,,,,1e-05,2470,2.0
244700,0.8922134041786194,0.8926341533660889,0.0001,11.749351501464844,1.9921875,33.25,32.5,0.11063868552446365,,,,,,,,,,1e-05,2471,1.9921875
244800,0.8773982524871826,0.877266526222229,0.0001,14.793298721313477,1.9921875,39.25,39.0,0.11063868552446365,,,,,,,,,,1e-05,2472,1.9921875
244900,0.8828451633453369,0.8824170231819153,0.0001,12.191859245300293,2.0,36.0,36.0,0.11063868552446365,,,,,,,,,,1e-05,2473,2.0
245000,0.8917602300643921,0.8959308862686157,0.0001,16.308853149414062,1.9921875,34.25,32.25,0.11063868552446365,,,,,,,,,,1e-05,2474,1.9921875
245100,0.8919076323509216,0.8919625878334045,0.0001,16.105133056640625,1.9921875,34.0,33.75,0.11063868552446365,,,,,,,,,,1e-05,2475,1.9921875
245200,0.8850983381271362,0.8832939863204956,0.0001,20.246610641479492,1.9921875,36.25,35.75,0.11063868552446365,,,,,,,,,,1e-05,2476,1.9921875
245300,0.8573631048202515,0.8567326068878174,0.0001,20.54338264465332,1.984375,44.5,44.5,0.11063868552446365,,,,,,,,,,1e-05,2477,1.984375
245400,0.8803361654281616,0.8798245787620544,0.0001,21.969919204711914,1.9921875,36.25,35.5,0.11063868552446365,,,,,,,,,,1e-05,2478,1.9921875
245500,0.8681910037994385,0.8682326078414917,0.0001,18.906373977661133,2.0,42.0,42.0,0.11063868552446365,,,,,,,,,,1e-05,2479,2.0
245600,0.8843660354614258,0.8808138370513916,0.0001,22.297086715698242,1.9921875,35.75,34.5,0.11063868552446365,,,,,,,,,,1e-05,2480,1.9921875
245700,0.9002643823623657,0.9020848274230957,0.0001,10.371582984924316,1.9921875,32.0,30.875,0.11063868552446365,,,,,,,,,,1e-05,2481,1.9921875
245800,0.8792790174484253,0.875822901725769,0.0001,22.48726463317871,1.9921875,38.5,38.0,0.11063868552446365,,,,,,,,,,1e-05,2482,1.9921875
245900,0.8668224811553955,0.8643578290939331,0.0001,29.37056541442871,2.0,41.25,40.75,0.11063868552446365,,,,,,,,,,1e-05,2483,2.0
246000,0.8902734518051147,0.8885118365287781,0.0001,16.170576095581055,1.9921875,35.0,34.25,0.11063868552446365,,,,,,,,,,1e-05,2484,1.9921875
246100,0.8985072374343872,0.8988792896270752,0.0001,10.19684886932373,2.0,32.0,31.125,0.11063868552446365,,,,,,,,,,1e-05,2485,2.0
246200,0.8608385324478149,0.8775753974914551,0.0001,16.219573974609375,2.0,44.25,36.75,0.11063868552446365,,,,,,,,,,1e-05,2486,2.0
246300,0.8754520416259766,0.8995084166526794,0.0001,11.740408897399902,1.9921875,39.0,30.875,0.11063868552446365,,,,,,,,,,1e-05,2487,1.9921875
246400,0.881618857383728,0.8829744458198547,0.0001,24.227872848510742,1.9921875,37.25,36.25,0.11063868552446365,,,,,,,,,,1e-05,2488,1.9921875
246500,0.8802515268325806,0.8827040791511536,0.0001,20.26716423034668,2.0,37.25,35.25,0.11063868552446365,,,,,,,,,,1e-05,2489,2.0
246600,0.8657451868057251,0.8664700984954834,0.0001,23.064266204833984,2.0,40.75,40.75,0.11063868552446365,,,,,,,,,,1e-05,2490,2.0
246700,0.8787210583686829,0.8787573575973511,0.0001,22.7742977142334,2.0,37.25,37.25,0.11063868552446365,,,,,,,,,,1e-05,2491,2.0
246800,0.8774920701980591,0.8765877485275269,0.0001,19.591720581054688,1.9921875,38.75,38.0,0.11063868552446365,,,,,,,,,,1e-05,2492,1.9921875
246900,0.8484861850738525,0.8504310250282288,0.0001,22.023672103881836,2.0,46.0,44.0,0.11063868552446365,,,,,,,,,,1e-05,2493,2.0
247000,0.8647728562355042,0.8653242588043213,0.0001,14.7559814453125,2.0,43.25,41.75,0.11063868552446365,,,,,,,,,,1e-05,2494,2.0
247100,0.8646059632301331,0.8651092052459717,0.0001,21.98661231994629,1.9921875,41.5,40.75,0.11063868552446365,,,,,,,,,,1e-05,2495,1.9921875
247200,0.8787668347358704,0.8781402111053467,0.0001,17.34775161743164,1.9921875,37.75,36.5,0.11063868552446365,,,,,,,,,,1e-05,2496,1.9921875
247300,0.9062192440032959,0.9056094288825989,0.0001,14.489398002624512,1.9921875,29.75,29.125,0.11063868552446365,,,,,,,,,,1e-05,2497,1.9921875
247400,0.9066727161407471,0.9044255614280701,0.0001,14.054816246032715,2.0,29.75,29.125,0.11063868552446365,,,,,,,,,,1e-05,2498,2.0
247500,0.8601500988006592,0.8605730533599854,0.0001,14.729707717895508,2.0,44.25,43.25,0.11063868552446365,,,,,,,,,,1e-05,2499,2.0
247600,0.891018807888031,0.891144335269928,0.0001,14.164557456970215,2.0,34.0,32.75,0.11063868552446365,,,,,,,,,,1e-05,2500,2.0
247700,0.8861427903175354,0.8867493867874146,0.0001,22.92572021484375,1.984375,35.75,35.25,0.11063868552446365,,,,,,,,,,1e-05,2501,1.984375
247800,0.8840748071670532,0.8849406242370605,0.0001,52.30147933959961,1.9921875,36.25,35.0,0.11063868552446365,,,,,,,,,,1e-05,2502,1.9921875
247900,0.8807885646820068,0.8810418844223022,0.0001,24.362089157104492,1.9921875,37.75,37.25,0.11063868552446365,,,,,,,,,,1e-05,2503,1.9921875
248000,0.8698982000350952,0.8717837929725647,0.0001,20.662281036376953,2.0,41.25,39.5,0.11063868552446365,,,,,,,,,,1e-05,2504,2.0
248100,0.8852789402008057,0.8844831585884094,0.0001,15.845071792602539,1.984375,36.0,35.0,0.11063868552446365,,,,,,,,,,1e-05,2505,1.984375
248200,0.8348217010498047,0.8353546857833862,0.0001,24.777908325195312,2.0,49.0,47.0,0.11063868552446365,,,,,,,,,,1e-05,2506,2.0
248300,0.9034037590026855,0.9045605063438416,0.0001,10.703146934509277,1.9921875,30.375,30.0,0.11063868552446365,,,,,,,,,,1e-05,2507,1.9921875
248400,0.8745803833007812,0.8742297887802124,0.0001,22.550464630126953,2.0,38.25,38.5,0.11063868552446365,,,,,,,,,,1e-05,2508,2.0
248500,0.8775035738945007,0.8764979243278503,0.0001,18.206457138061523,1.9921875,36.75,36.0,0.11063868552446365,,,,,,,,,,1e-05,2509,1.9921875
248600,0.8818281292915344,0.8804416060447693,0.0001,23.348499298095703,1.9921875,37.25,36.0,0.11063868552446365,,,,,,,,,,1e-05,2510,1.9921875
248700,0.8749821186065674,0.8749512434005737,0.0001,23.66008186340332,2.0,39.0,38.25,0.11063868552446365,,,,,,,,,,1e-05,2511,2.0
248800,0.8810622692108154,0.8797181844711304,0.0001,16.273725509643555,1.9921875,36.75,36.5,0.11063868552446365,,,,,,,,,,1e-05,2512,1.9921875
248900,0.8839625120162964,0.882696270942688,0.0001,16.50592613220215,2.0,36.5,37.0,0.11063868552446365,,,,,,,,,,1e-05,2513,2.0
249000,0.9128049612045288,0.9126155376434326,0.0001,11.423343658447266,2.0,28.25,27.625,0.11063868552446365,,,,,,,,,,1e-05,2514,2.0
249100,0.8457825183868408,0.8542991876602173,0.0001,14.947064399719238,2.0,48.5,45.0,0.11063868552446365,,,,,,,,,,1e-05,2515,2.0
249200,0.87745600938797,0.8766376376152039,0.0001,11.654181480407715,2.0,39.0,38.0,0.11063868552446365,,,,,,,,,,1e-05,2516,2.0
249300,0.8796333074569702,0.8834719657897949,0.0001,14.596033096313477,2.0,36.25,34.25,0.11063868552446365,,,,,,,,,,1e-05,2517,2.0
249400,0.870621919631958,0.8705624341964722,0.0001,17.478593826293945,2.0,40.75,40.75,0.11063868552446365,,,,,,,,,,1e-05,2518,2.0
249500,0.8867543339729309,0.8902164101600647,0.0001,13.800305366516113,2.0,35.75,33.75,0.11063868552446365,,,,,,,,,,1e-05,2519,2.0
249600,0.8799007534980774,0.879366397857666,0.0001,16.491397857666016,1.9921875,38.5,38.0,0.11063868552446365,,,,,,,,,,1e-05,2520,1.9921875
249700,0.8310476541519165,0.8414185643196106,0.0001,43.0890007019043,2.0,51.25,45.0,0.11063868552446365,,,,,,,,,,1e-05,2521,2.0
249800,0.9141631722450256,0.9131892919540405,0.0001,12.376513481140137,2.0,27.875,27.25,0.11063868552446365,,,,,,,,,,1e-05,2522,2.0
249900,0.8926844596862793,0.8921929001808167,0.0001,26.355817794799805,2.0,33.75,33.5,0.11063868552446365,,,,,,,,,,1e-05,2523,2.0
249950,,,,,,,,,0.15739895403385162,0.08083578199148178,0.03706701099872589,0.15119695663452148,0.07835490256547928,0.07350249588489532,0.062388673424720764,0.1116194874048233,0.10149096697568893,,2524,
250000,0.8846390247344971,0.8850787878036499,0.0001,16.065837860107422,2.0,35.0,34.25,0.1116194874048233,,,,,,,,,,1e-05,2525,2.0
250100,0.8773933053016663,0.8828413486480713,0.0001,22.28327751159668,2.0,38.75,36.5,0.1116194874048233,,,,,,,,,,1e-05,2526,2.0
250200,0.8826788663864136,0.881615400314331,0.0001,16.04553985595703,2.0,37.25,37.25,0.1116194874048233,,,,,,,,,,1e-05,2527,2.0
250300,0.8790311217308044,0.8796660304069519,0.0001,13.353906631469727,2.0,37.25,37.0,0.1116194874048233,,,,,,,,,,1e-05,2528,2.0
250400,0.8543646335601807,0.8533818125724792,0.0001,18.81410026550293,2.0,45.5,44.5,0.1116194874048233,,,,,,,,,,1e-05,2529,2.0
250500,0.8805502653121948,0.9021108746528625,0.0001,10.444929122924805,2.0,36.5,28.125,0.1116194874048233,,,,,,,,,,1e-05,2530,2.0
250600,0.88365638256073,0.8815439939498901,0.0001,21.179059982299805,2.0,35.75,35.25,0.1116194874048233,,,,,,,,,,1e-05,2531,2.0
250700,0.8891105055809021,0.8871082067489624,0.0001,20.456287384033203,1.9921875,34.0,33.25,0.1116194874048233,,,,,,,,,,1e-05,2532,1.9921875
250800,0.850379228591919,0.8791496157646179,0.0001,15.723736763000488,1.9921875,46.25,37.0,0.1116194874048233,,,,,,,,,,1e-05,2533,1.9921875
250900,0.8777790069580078,0.8774754405021667,0.0001,45.5179557800293,1.9921875,38.0,37.75,0.1116194874048233,,,,,,,,,,1e-05,2534,1.9921875
251000,0.8605802059173584,0.8805731534957886,0.0001,13.00951862335205,1.9921875,43.25,36.0,0.1116194874048233,,,,,,,,,,1e-05,2535,1.9921875
251100,0.8715209364891052,0.870875358581543,0.0001,17.895587921142578,2.0,40.25,40.0,0.1116194874048233,,,,,,,,,,1e-05,2536,2.0
251200,0.8749169111251831,0.8744271397590637,0.0001,25.278379440307617,2.0,38.5,37.75,0.1116194874048233,,,,,,,,,,1e-05,2537,2.0
251300,0.9006394147872925,0.8991426825523376,0.0001,13.760385513305664,1.9921875,32.0,30.5,0.1116194874048233,,,,,,,,,,1e-05,2538,1.9921875
251400,0.8707809448242188,0.8715129494667053,0.0001,16.623966217041016,2.0,41.5,41.25,0.1116194874048233,,,,,,,,,,1e-05,2539,2.0
251500,0.842941403388977,0.8492459058761597,0.0001,30.38456153869629,2.0,47.25,44.75,0.1116194874048233,,,,,,,,,,1e-05,2540,2.0
251600,0.8799547553062439,0.8843302726745605,0.0001,27.895917892456055,2.0,37.75,36.0,0.1116194874048233,,,,,,,,,,1e-05,2541,2.0
251700,0.8801980018615723,0.8779651522636414,0.0001,18.02815818786621,2.0,37.5,37.0,0.1116194874048233,,,,,,,,,,1e-05,2542,2.0
251800,0.8777000904083252,0.8768670558929443,0.0001,12.416197776794434,1.984375,38.25,38.0,0.1116194874048233,,,,,,,,,,1e-05,2543,1.984375
251900,0.8831785917282104,0.8842908143997192,0.0001,18.65554428100586,1.9921875,36.75,36.5,0.1116194874048233,,,,,,,,,,1e-05,2544,1.9921875
252000,0.8843085169792175,0.8882068395614624,0.0001,13.932904243469238,1.9921875,35.5,34.25,0.1116194874048233,,,,,,,,,,1e-05,2545,1.9921875
252100,0.8805339336395264,0.879294216632843,0.0001,22.97919273376465,1.9921875,37.0,37.0,0.1116194874048233,,,,,,,,,,1e-05,2546,1.9921875
252200,0.8853545188903809,0.8859838247299194,0.0001,22.942428588867188,2.0,37.25,35.5,0.1116194874048233,,,,,,,,,,1e-05,2547,2.0
252300,0.8627378940582275,0.8648269772529602,0.0001,13.534744262695312,2.0,43.0,41.75,0.1116194874048233,,,,,,,,,,1e-05,2548,2.0
252400,0.8930900692939758,0.8902486562728882,0.0001,14.940035820007324,1.9921875,33.5,33.25,0.1116194874048233,,,,,,,,,,1e-05,2549,1.9921875
252500,0.8939079642295837,0.8932489156723022,0.0001,17.6464786529541,1.9921875,32.0,31.25,0.1116194874048233,,,,,,,,,,1e-05,2550,1.9921875
252600,0.867183268070221,0.8686129450798035,0.0001,15.054763793945312,1.9921875,41.5,40.25,0.1116194874048233,,,,,,,,,,1e-05,2551,1.9921875
252700,0.8796617984771729,0.8774995803833008,0.0001,22.459182739257812,1.9921875,36.75,35.5,0.1116194874048233,,,,,,,,,,1e-05,2552,1.9921875
252800,0.8759157657623291,0.8727667331695557,0.0001,25.842985153198242,1.9921875,38.5,38.5,0.1116194874048233,,,,,,,,,,1e-05,2553,1.9921875
252900,0.8930542469024658,0.8930081129074097,0.0001,23.1948299407959,1.984375,34.5,34.0,0.1116194874048233,,,,,,,,,,1e-05,2554,1.984375
253000,0.876426100730896,0.8793800473213196,0.0001,50.0505256652832,2.0,38.75,36.75,0.1116194874048233,,,,,,,,,,1e-05,2555,2.0
253100,0.8844846487045288,0.8842710852622986,0.0001,15.02762508392334,1.9921875,35.5,34.75,0.1116194874048233,,,,,,,,,,1e-05,2556,1.9921875
253200,0.8743634223937988,0.8755895495414734,0.0001,16.39742088317871,1.9921875,39.0,38.75,0.1116194874048233,,,,,,,,,,1e-05,2557,1.9921875
253300,0.8749011158943176,0.8782600164413452,0.0001,18.62251853942871,1.984375,38.5,37.0,0.1116194874048233,,,,,,,,,,1e-05,2558,1.984375
253400,0.8818248510360718,0.8808653950691223,0.0001,28.3769588470459,2.0,36.25,36.25,0.1116194874048233,,,,,,,,,,1e-05,2559,2.0
253500,0.8952017426490784,0.8960052728652954,0.0001,25.1639404296875,2.0,32.75,32.25,0.1116194874048233,,,,,,,,,,1e-05,2560,2.0
253600,0.8892936706542969,0.8875600099563599,0.0001,20.094999313354492,1.9921875,35.0,34.5,0.1116194874048233,,,,,,,,,,1e-05,2561,1.9921875
253700,0.8892855644226074,0.8878389596939087,0.0001,16.08447265625,1.9921875,34.75,34.75,0.1116194874048233,,,,,,,,,,1e-05,2562,1.9921875
253800,0.8630493879318237,0.8634622097015381,0.0001,21.844200134277344,2.0,42.25,41.5,0.1116194874048233,,,,,,,,,,1e-05,2563,2.0
253900,0.8717472553253174,0.877083420753479,0.0001,16.753721237182617,2.0,39.75,38.5,0.1116194874048233,,,,,,,,,,1e-05,2564,2.0
254000,0.8982067108154297,0.9007877111434937,0.0001,15.884241104125977,2.0,32.5,31.125,0.1116194874048233,,,,,,,,,,1e-05,2565,2.0
254100,0.8915672898292542,0.8901091814041138,0.0001,20.469812393188477,1.9921875,33.0,33.0,0.1116194874048233,,,,,,,,,,1e-05,2566,1.9921875
254200,0.900145411491394,0.8987913131713867,0.0001,37.2261962890625,2.0,30.375,29.125,0.1116194874048233,,,,,,,,,,1e-05,2567,2.0
254300,0.8987504243850708,0.8985188603401184,0.0001,10.701164245605469,1.984375,31.125,30.875,0.1116194874048233,,,,,,,,,,1e-05,2568,1.984375
254400,0.8662012815475464,0.8668947219848633,0.0001,27.017480850219727,1.984375,40.25,39.5,0.1116194874048233,,,,,,,,,,1e-05,2569,1.984375
254500,0.8730405569076538,0.871720016002655,0.0001,16.513580322265625,2.0,39.5,39.0,0.1116194874048233,,,,,,,,,,1e-05,2570,2.0
254600,0.8688006401062012,0.8717759847640991,0.0001,18.660768508911133,2.0,40.5,39.75,0.1116194874048233,,,,,,,,,,1e-05,2571,2.0
254700,0.8753083348274231,0.876541256904602,0.0001,15.630499839782715,2.0,40.25,39.0,0.1116194874048233,,,,,,,,,,1e-05,2572,2.0
254800,0.8800624012947083,0.8809617161750793,0.0001,22.11083984375,2.0,37.5,36.5,0.1116194874048233,,,,,,,,,,1e-05,2573,2.0
254900,0.8857781887054443,0.8893485069274902,0.0001,11.725281715393066,1.9921875,35.0,33.5,0.1116194874048233,,,,,,,,,,1e-05,2574,1.9921875
255000,0.8886185884475708,0.8898236751556396,0.0001,8.642455101013184,2.0,34.0,32.5,0.1116194874048233,,,,,,,,,,1e-05,2575,2.0
255100,0.8952804207801819,0.8969056606292725,0.0001,17.853397369384766,1.984375,32.25,31.125,0.1116194874048233,,,,,,,,,,1e-05,2576,1.984375
255200,0.8762609362602234,0.8732452392578125,0.0001,39.18654251098633,1.9921875,38.5,38.25,0.1116194874048233,,,,,,,,,,1e-05,2577,1.9921875
255300,0.8682883381843567,0.8682910799980164,0.0001,16.44968605041504,2.0,40.75,40.5,0.1116194874048233,,,,,,,,,,1e-05,2578,2.0
255400,0.8823020458221436,0.8876540660858154,0.0001,16.334951400756836,2.0,38.0,35.5,0.1116194874048233,,,,,,,,,,1e-05,2579,2.0
255500,0.886765718460083,0.8889337778091431,0.0001,19.65128517150879,1.9921875,35.75,34.75,0.1116194874048233,,,,,,,,,,1e-05,2580,1.9921875
255600,0.8874292373657227,0.8871482610702515,0.0001,18.15617561340332,1.9921875,34.5,33.25,0.1116194874048233,,,,,,,,,,1e-05,2581,1.9921875
255700,0.8819599151611328,0.886043131351471,0.0001,16.841960906982422,1.9921875,37.0,34.0,0.1116194874048233,,,,,,,,,,1e-05,2582,1.9921875
255800,0.8882251977920532,0.8881847262382507,0.0001,13.575129508972168,1.9921875,36.0,34.5,0.1116194874048233,,,,,,,,,,1e-05,2583,1.9921875
255900,0.85044264793396,0.8530513048171997,0.0001,19.215116500854492,2.0,44.75,43.75,0.1116194874048233,,,,,,,,,,1e-05,2584,2.0
256000,0.8801840543746948,0.8795633316040039,0.0001,18.877092361450195,1.984375,37.25,36.75,0.1116194874048233,,,,,,,,,,1e-05,2585,1.984375
256100,0.881293535232544,0.8827411532402039,0.0001,15.482916831970215,2.0,37.25,36.0,0.1116194874048233,,,,,,,,,,1e-05,2586,2.0
256200,0.8840543031692505,0.8906828165054321,0.0001,15.547731399536133,2.0,37.25,34.5,0.1116194874048233,,,,,,,,,,1e-05,2587,2.0
256300,0.8790685534477234,0.8770378232002258,0.0001,23.093692779541016,2.0,38.75,38.0,0.1116194874048233,,,,,,,,,,1e-05,2588,2.0
256400,0.8414559960365295,0.870947539806366,0.0001,19.8280029296875,2.0,50.25,38.5,0.1116194874048233,,,,,,,,,,1e-05,2589,2.0
256500,0.8674608469009399,0.867370069026947,0.0001,16.042577743530273,2.0,41.25,41.0,0.1116194874048233,,,,,,,,,,1e-05,2590,2.0
256600,0.8892198801040649,0.8884929418563843,0.0001,23.30170440673828,2.0,35.25,34.0,0.1116194874048233,,,,,,,,,,1e-05,2591,2.0
256700,0.8824714422225952,0.88209068775177,0.0001,43.202362060546875,1.984375,37.5,36.75,0.1116194874048233,,,,,,,,,,1e-05,2592,1.984375
256800,0.8924902677536011,0.8932621479034424,0.0001,17.32651138305664,2.0,33.5,33.0,0.1116194874048233,,,,,,,,,,1e-05,2593,2.0
256900,0.8806442022323608,0.8830047845840454,0.0001,16.496870040893555,1.984375,37.0,34.75,0.1116194874048233,,,,,,,,,,1e-05,2594,1.984375
257000,0.8711631298065186,0.8757914900779724,0.0001,15.980890274047852,2.0,39.25,37.75,0.1116194874048233,,,,,,,,,,1e-05,2595,2.0
257100,0.8724643588066101,0.8731595277786255,0.0001,26.9177303314209,2.0,41.0,40.0,0.1116194874048233,,,,,,,,,,1e-05,2596,2.0
257200,0.8611935973167419,0.8639168739318848,0.0001,12.665371894836426,1.9921875,42.25,40.5,0.1116194874048233,,,,,,,,,,1e-05,2597,1.9921875
257300,0.8706838488578796,0.8705386519432068,0.0001,23.938947677612305,2.0,40.0,39.25,0.1116194874048233,,,,,,,,,,1e-05,2598,2.0
257400,0.896171510219574,0.895393967628479,0.0001,12.838699340820312,1.9921875,31.625,32.25,0.1116194874048233,,,,,,,,,,1e-05,2599,1.9921875
257500,0.8686572909355164,0.8803790211677551,0.0001,20.99193572998047,1.9921875,40.5,35.5,0.1116194874048233,,,,,,,,,,1e-05,2600,1.9921875
257600,0.8937970399856567,0.8955992460250854,0.0001,27.601572036743164,1.9921875,33.25,31.125,0.1116194874048233,,,,,,,,,,1e-05,2601,1.9921875
257700,0.8972320556640625,0.897053599357605,0.0001,19.518640518188477,2.0,32.0,30.875,0.1116194874048233,,,,,,,,,,1e-05,2602,2.0
257800,0.878332257270813,0.8769073486328125,0.0001,25.60145378112793,2.0,37.75,36.0,0.1116194874048233,,,,,,,,,,1e-05,2603,2.0
257900,0.8671356439590454,0.8678292036056519,0.0001,23.746753692626953,1.9921875,40.0,39.25,0.1116194874048233,,,,,,,,,,1e-05,2604,1.9921875
258000,0.6867457032203674,0.8841325044631958,0.0001,19.873748779296875,1.9921875,123.5,35.0,0.1116194874048233,,,,,,,,,,1e-05,2605,1.9921875
258100,0.8818405866622925,0.8885107636451721,0.0001,12.271563529968262,1.984375,36.25,33.75,0.1116194874048233,,,,,,,,,,1e-05,2606,1.984375
258200,0.8825482130050659,0.8817790746688843,0.0001,33.3877067565918,2.0,37.5,36.5,0.1116194874048233,,,,,,,,,,1e-05,2607,2.0
258300,0.8791331052780151,0.8787908554077148,0.0001,23.230710983276367,1.9921875,36.25,35.5,0.1116194874048233,,,,,,,,,,1e-05,2608,1.9921875
258400,0.8847283124923706,0.8894258737564087,0.0001,22.539188385009766,1.9921875,36.0,34.75,0.1116194874048233,,,,,,,,,,1e-05,2609,1.9921875
258500,0.8802821040153503,0.8803662061691284,0.0001,29.001840591430664,2.0,37.0,36.5,0.1116194874048233,,,,,,,,,,1e-05,2610,2.0
258600,0.8902581930160522,0.8895590305328369,0.0001,15.903555870056152,2.0,35.0,34.0,0.1116194874048233,,,,,,,,,,1e-05,2611,2.0
258700,0.895422101020813,0.8930221796035767,0.0001,21.226816177368164,2.0,32.5,33.0,0.1116194874048233,,,,,,,,,,1e-05,2612,2.0
258800,0.8848567008972168,0.8857919573783875,0.0001,11.360152244567871,2.0,36.5,36.25,0.1116194874048233,,,,,,,,,,1e-05,2613,2.0
258900,0.8692910671234131,0.871350109577179,0.0001,21.537378311157227,1.984375,40.0,39.5,0.1116194874048233,,,,,,,,,,1e-05,2614,1.984375
259000,0.8727202415466309,0.8753877282142639,0.0001,37.875179290771484,1.9921875,40.5,37.5,0.1116194874048233,,,,,,,,,,1e-05,2615,1.9921875
259100,0.8827842473983765,0.887370765209198,0.0001,12.83384895324707,2.0,36.75,34.75,0.1116194874048233,,,,,,,,,,1e-05,2616,2.0
259200,0.8650089502334595,0.8637408018112183,0.0001,21.269912719726562,2.0,41.25,40.25,0.1116194874048233,,,,,,,,,,1e-05,2617,2.0
259300,0.8863043785095215,0.8842239379882812,0.0001,18.45842742919922,1.9921875,36.0,35.0,0.1116194874048233,,,,,,,,,,1e-05,2618,1.9921875
259400,0.887632429599762,0.8868591785430908,0.0001,20.760971069335938,2.0,34.75,34.0,0.1116194874048233,,,,,,,,,,1e-05,2619,2.0
259500,0.8715941905975342,0.8713357448577881,0.0001,37.32928466796875,2.0,40.25,39.75,0.1116194874048233,,,,,,,,,,1e-05,2620,2.0
259600,0.8773360252380371,0.9120582938194275,0.0001,10.084538459777832,1.984375,39.5,27.125,0.1116194874048233,,,,,,,,,,1e-05,2621,1.984375
259700,0.883549690246582,0.8825098276138306,0.0001,17.405187606811523,2.0,36.25,35.0,0.1116194874048233,,,,,,,,,,1e-05,2622,2.0
259800,0.8465285301208496,0.8469538688659668,0.0001,38.579681396484375,2.0,46.5,45.5,0.1116194874048233,,,,,,,,,,1e-05,2623,2.0
259900,0.8911174535751343,0.8917908668518066,0.0001,14.995826721191406,2.0,34.25,33.25,0.1116194874048233,,,,,,,,,,1e-05,2624,2.0
259950,,,,,,,,,0.11987658590078354,0.06422240287065506,0.04365251585841179,0.1341673582792282,0.0745631754398346,0.05518097057938576,0.06993741542100906,0.0971342921257019,0.07870626449584961,,2625,
260000,0.85992032289505,0.8590885996818542,0.0001,23.080955505371094,1.9921875,42.75,42.5,0.0971342921257019,,,,,,,,,,1e-05,2626,1.9921875
260100,0.8869448304176331,0.8854051828384399,0.0001,21.928464889526367,1.9921875,35.5,35.25,0.0971342921257019,,,,,,,,,,1e-05,2627,1.9921875
260200,0.8704415559768677,0.8725481033325195,0.0001,41.88389205932617,2.0,41.5,39.5,0.0971342921257019,,,,,,,,,,1e-05,2628,2.0
260300,0.865597128868103,0.865062952041626,0.0001,22.88071060180664,2.0,41.25,41.0,0.0971342921257019,,,,,,,,,,1e-05,2629,2.0
260400,0.8875799775123596,0.8882418870925903,0.0001,19.739896774291992,2.0,34.75,34.25,0.0971342921257019,,,,,,,,,,1e-05,2630,2.0
260500,0.88722163438797,0.8870214223861694,0.0001,22.108022689819336,2.0,35.75,34.75,0.0971342921257019,,,,,,,,,,1e-05,2631,2.0
260600,0.8846814036369324,0.8831989169120789,0.0001,23.998449325561523,2.0,35.5,34.25,0.0971342921257019,,,,,,,,,,1e-05,2632,2.0
260700,0.8496599793434143,0.8459261059761047,0.0001,20.85708999633789,1.9921875,47.5,47.25,0.0971342921257019,,,,,,,,,,1e-05,2633,1.9921875
260800,0.9072824120521545,0.9061850309371948,0.0001,26.174116134643555,2.0,28.875,28.25,0.0971342921257019,,,,,,,,,,1e-05,2634,2.0
260900,0.8964343667030334,0.8961122035980225,0.0001,11.405104637145996,2.0,33.5,32.75,0.0971342921257019,,,,,,,,,,1e-05,2635,2.0
261000,0.8926651477813721,0.8911893367767334,0.0001,10.612260818481445,2.0,34.5,33.75,0.0971342921257019,,,,,,,,,,1e-05,2636,2.0
261100,0.8968918323516846,0.8987289667129517,0.0001,24.86676597595215,2.0,33.25,32.25,0.0971342921257019,,,,,,,,,,1e-05,2637,2.0
261200,0.8746704459190369,0.8741663694381714,0.0001,26.137258529663086,2.0,39.75,38.75,0.0971342921257019,,,,,,,,,,1e-05,2638,2.0
261300,0.9015510678291321,0.9008053541183472,0.0001,17.886701583862305,1.984375,30.375,30.0,0.0971342921257019,,,,,,,,,,1e-05,2639,1.984375
261400,0.8893897533416748,0.8873468637466431,0.0001,14.58554744720459,1.9921875,34.5,33.0,0.0971342921257019,,,,,,,,,,1e-05,2640,1.9921875
261500,0.8187118768692017,0.8749696612358093,0.0001,39.827877044677734,1.9921875,57.75,37.25,0.0971342921257019,,,,,,,,,,1e-05,2641,1.9921875
261600,0.8868891000747681,0.8884405493736267,0.0001,20.208059310913086,1.9921875,36.0,34.25,0.0971342921257019,,,,,,,,,,1e-05,2642,1.9921875
261700,0.7221651673316956,0.8900105953216553,0.0001,18.915287017822266,2.0,102.0,34.25,0.0971342921257019,,,,,,,,,,1e-05,2643,2.0
261800,0.8766898512840271,0.8769556283950806,0.0001,15.975763320922852,2.0,38.75,37.75,0.0971342921257019,,,,,,,,,,1e-05,2644,2.0
261900,0.892559289932251,0.8925665616989136,0.0001,15.262252807617188,1.9921875,33.0,33.0,0.0971342921257019,,,,,,,,,,1e-05,2645,1.9921875
262000,0.8668429851531982,0.8707641363143921,0.0001,16.84889793395996,2.0,42.0,40.0,0.0971342921257019,,,,,,,,,,1e-05,2646,2.0
262100,0.8567559123039246,0.853506326675415,0.0001,27.626157760620117,2.0,43.5,43.0,0.0971342921257019,,,,,,,,,,1e-05,2647,2.0
262200,0.8760654926300049,0.8753954172134399,0.0001,23.467405319213867,1.984375,37.5,37.0,0.0971342921257019,,,,,,,,,,1e-05,2648,1.984375
262300,0.8589050769805908,0.8586753606796265,0.0001,18.764612197875977,2.0,43.75,42.5,0.0971342921257019,,,,,,,,,,1e-05,2649,2.0
262400,0.876348078250885,0.8983253240585327,0.0001,17.55571174621582,1.9921875,39.75,30.25,0.0971342921257019,,,,,,,,,,1e-05,2650,1.9921875
262500,0.897382915019989,0.8987487554550171,0.0001,20.711393356323242,2.0,31.625,30.5,0.0971342921257019,,,,,,,,,,1e-05,2651,2.0
262600,0.8988955616950989,0.9000871181488037,0.0001,14.44744873046875,2.0,32.25,30.5,0.0971342921257019,,,,,,,,,,1e-05,2652,2.0
262700,0.9040862321853638,0.9039257168769836,0.0001,12.445605278015137,1.9921875,29.5,28.625,0.0971342921257019,,,,,,,,,,1e-05,2653,1.9921875
262800,0.8767399787902832,0.8778394460678101,0.0001,17.971542358398438,1.9921875,38.75,37.5,0.0971342921257019,,,,,,,,,,1e-05,2654,1.9921875
262900,0.8276792764663696,0.9064247608184814,0.0001,9.967915534973145,2.0,56.5,28.25,0.0971342921257019,,,,,,,,,,1e-05,2655,2.0
263000,0.8849211931228638,0.8870888948440552,0.0001,18.08056640625,2.0,36.25,35.25,0.0971342921257019,,,,,,,,,,1e-05,2656,2.0
263100,0.8923017978668213,0.8920607566833496,0.0001,22.205896377563477,2.0,34.75,34.5,0.0971342921257019,,,,,,,,,,1e-05,2657,2.0
263200,0.8819797039031982,0.8830219507217407,0.0001,17.447534561157227,1.9921875,36.5,35.5,0.0971342921257019,,,,,,,,,,1e-05,2658,1.9921875
263300,0.8877987861633301,0.8865587115287781,0.0001,15.931546211242676,1.984375,34.5,33.75,0.0971342921257019,,,,,,,,,,1e-05,2659,1.984375
263400,0.8862353563308716,0.8843584060668945,0.0001,24.42116928100586,1.9921875,34.5,34.25,0.0971342921257019,,,,,,,,,,1e-05,2660,1.9921875
263500,0.8729401230812073,0.8731107711791992,0.0001,11.123418807983398,1.984375,39.75,38.0,0.0971342921257019,,,,,,,,,,1e-05,2661,1.984375
263600,0.8632262945175171,0.8665083646774292,0.0001,15.992108345031738,2.0,43.0,43.0,0.0971342921257019,,,,,,,,,,1e-05,2662,2.0
263700,0.8677893280982971,0.8803526759147644,0.0001,14.958475112915039,1.9921875,40.5,36.25,0.0971342921257019,,,,,,,,,,1e-05,2663,1.9921875
263800,0.8538097143173218,0.8622994422912598,0.0001,25.53533935546875,2.0,45.75,42.0,0.0971342921257019,,,,,,,,,,1e-05,2664,2.0
263900,0.8516429662704468,0.8502392172813416,0.0001,26.76578140258789,2.0,46.5,46.75,0.0971342921257019,,,,,,,,,,1e-05,2665,2.0
264000,0.8844928741455078,0.882775604724884,0.0001,23.9062557220459,1.984375,34.75,34.5,0.0971342921257019,,,,,,,,,,1e-05,2666,1.984375
264100,0.883876383304596,0.8824999332427979,0.0001,13.806854248046875,1.984375,35.75,35.25,0.0971342921257019,,,,,,,,,,1e-05,2667,1.984375
264200,0.8662989735603333,0.8865141868591309,0.0001,13.973492622375488,1.984375,40.5,34.5,0.0971342921257019,,,,,,,,,,1e-05,2668,1.984375
264300,0.8710020184516907,0.8717461824417114,0.0001,16.087541580200195,1.9921875,39.25,39.25,0.0971342921257019,,,,,,,,,,1e-05,2669,1.9921875
264400,0.8679832220077515,0.8682702779769897,0.0001,32.44634246826172,2.0,40.75,40.5,0.0971342921257019,,,,,,,,,,1e-05,2670,2.0
264500,0.8846365213394165,0.8838592767715454,0.0001,18.625198364257812,2.0,36.5,35.5,0.0971342921257019,,,,,,,,,,1e-05,2671,2.0
264600,0.889445424079895,0.8875442147254944,0.0001,12.565260887145996,1.984375,33.75,33.0,0.0971342921257019,,,,,,,,,,1e-05,2672,1.984375
264700,0.8759755492210388,0.8737809658050537,0.0001,18.319002151489258,2.0,38.25,38.0,0.0971342921257019,,,,,,,,,,1e-05,2673,2.0
264800,0.8615444898605347,0.8615705370903015,0.0001,30.7060489654541,1.984375,43.0,42.25,0.0971342921257019,,,,,,,,,,1e-05,2674,1.984375
264900,0.8679574728012085,0.8694605827331543,0.0001,40.18406295776367,2.0,40.5,39.5,0.0971342921257019,,,,,,,,,,1e-05,2675,2.0
265000,0.8786561489105225,0.877231776714325,0.0001,14.880093574523926,2.0,37.75,37.0,0.0971342921257019,,,,,,,,,,1e-05,2676,2.0
265100,0.8679227232933044,0.8684450387954712,0.0001,13.010443687438965,1.9921875,41.75,41.0,0.0971342921257019,,,,,,,,,,1e-05,2677,1.9921875
265200,0.8863592147827148,0.8869305849075317,0.0001,17.94472312927246,2.0,34.75,34.5,0.0971342921257019,,,,,,,,,,1e-05,2678,2.0
265300,0.8823919892311096,0.882972776889801,0.0001,18.122806549072266,1.9921875,37.25,36.5,0.0971342921257019,,,,,,,,,,1e-05,2679,1.9921875
265400,0.39375728368759155,0.8712075352668762,0.0001,22.58887481689453,1.9921875,592.0,38.25,0.0971342921257019,,,,,,,,,,1e-05,2680,1.9921875
265500,0.868381917476654,0.8664404153823853,0.0001,17.21244239807129,2.0,41.5,41.0,0.0971342921257019,,,,,,,,,,1e-05,2681,2.0
265600,0.8630560636520386,0.8729146718978882,0.0001,31.89531898498535,1.9921875,42.0,38.75,0.0971342921257019,,,,,,,,,,1e-05,2682,1.9921875
265700,0.8921962976455688,0.8940731287002563,0.0001,15.503135681152344,1.984375,33.0,31.875,0.0971342921257019,,,,,,,,,,1e-05,2683,1.984375
265800,0.8893111944198608,0.8887367248535156,0.0001,21.91224479675293,2.0,34.75,33.5,0.0971342921257019,,,,,,,,,,1e-05,2684,2.0
265900,0.893473744392395,0.8949743509292603,0.0001,17.423620223999023,1.9921875,34.25,33.75,0.0971342921257019,,,,,,,,,,1e-05,2685,1.9921875
266000,0.8641343116760254,0.8651522994041443,0.0001,20.4847469329834,2.0,41.25,40.25,0.0971342921257019,,,,,,,,,,1e-05,2686,2.0
266100,0.8830739259719849,0.8825319409370422,0.0001,19.942686080932617,1.9921875,37.75,36.5,0.0971342921257019,,,,,,,,,,1e-05,2687,1.9921875
266200,0.8856934309005737,0.8832952380180359,0.0001,13.525412559509277,1.9921875,36.25,36.0,0.0971342921257019,,,,,,,,,,1e-05,2688,1.9921875
266300,0.8628617525100708,0.8653246164321899,0.0001,29.025684356689453,2.0,43.0,43.0,0.0971342921257019,,,,,,,,,,1e-05,2689,2.0
266400,0.8840113282203674,0.8840456008911133,0.0001,17.481645584106445,2.0,36.25,36.0,0.0971342921257019,,,,,,,,,,1e-05,2690,2.0
266500,0.8600662350654602,0.8778167963027954,0.0001,27.333951950073242,1.9921875,44.0,36.25,0.0971342921257019,,,,,,,,,,1e-05,2691,1.9921875
266600,0.869953989982605,0.8711256980895996,0.0001,19.720975875854492,2.0,41.25,40.25,0.0971342921257019,,,,,,,,,,1e-05,2692,2.0
266700,0.8892900943756104,0.8895931839942932,0.0001,21.33582878112793,2.0,35.0,33.75,0.0971342921257019,,,,,,,,,,1e-05,2693,2.0
266800,0.8721038699150085,0.8727043867111206,0.0001,14.924888610839844,2.0,40.5,40.25,0.0971342921257019,,,,,,,,,,1e-05,2694,2.0
266900,0.8940382599830627,0.8945959806442261,0.0001,19.117509841918945,2.0,33.75,32.75,0.0971342921257019,,,,,,,,,,1e-05,2695,2.0
267000,0.8940473794937134,0.8934164047241211,0.0001,12.79849910736084,2.0,33.75,34.0,0.0971342921257019,,,,,,,,,,1e-05,2696,2.0
267100,0.8836743831634521,0.8817890882492065,0.0001,10.706941604614258,2.0,37.5,37.0,0.0971342921257019,,,,,,,,,,1e-05,2697,2.0
267200,0.9080653786659241,0.9071035385131836,0.0001,40.77617263793945,1.9921875,29.625,29.5,0.0971342921257019,,,,,,,,,,1e-05,2698,1.9921875
267300,0.890178918838501,0.8905426859855652,0.0001,9.268881797790527,1.9921875,33.75,33.75,0.0971342921257019,,,,,,,,,,1e-05,2699,1.9921875
267400,0.9142864942550659,0.9154561758041382,0.0001,28.92618751525879,1.984375,27.125,26.625,0.0971342921257019,,,,,,,,,,1e-05,2700,1.984375
267500,0.8836709260940552,0.8842664361000061,0.0001,23.4494686126709,2.0,37.0,36.25,0.0971342921257019,,,,,,,,,,1e-05,2701,2.0
267600,0.8677762746810913,0.8651626706123352,0.0001,34.16157531738281,1.9921875,41.5,41.0,0.0971342921257019,,,,,,,,,,1e-05,2702,1.9921875
267700,0.8932466506958008,0.8957573175430298,0.0001,19.00751495361328,1.9921875,33.0,31.75,0.0971342921257019,,,,,,,,,,1e-05,2703,1.9921875
267800,0.8770461678504944,0.8749740123748779,0.0001,25.69187355041504,1.9921875,36.75,36.25,0.0971342921257019,,,,,,,,,,1e-05,2704,1.9921875
267900,0.8941663503646851,0.896264910697937,0.0001,19.916418075561523,1.9921875,32.25,30.75,0.0971342921257019,,,,,,,,,,1e-05,2705,1.9921875
268000,0.8775336742401123,0.8761677742004395,0.0001,17.550905227661133,1.984375,38.0,38.0,0.0971342921257019,,,,,,,,,,1e-05,2706,1.984375
268100,0.8825817704200745,0.8863753080368042,0.0001,25.588211059570312,1.9921875,36.5,34.5,0.0971342921257019,,,,,,,,,,1e-05,2707,1.9921875
268200,0.9085450172424316,0.9082354307174683,0.0001,10.31375503540039,1.984375,28.5,28.5,0.0971342921257019,,,,,,,,,,1e-05,2708,1.984375
268300,0.859089732170105,0.86133873462677,0.0001,14.41204833984375,2.0,45.5,45.0,0.0971342921257019,,,,,,,,,,1e-05,2709,2.0
268400,0.8799492120742798,0.8785606622695923,0.0001,19.5013484954834,2.0,38.75,38.25,0.0971342921257019,,,,,,,,,,1e-05,2710,2.0
268500,0.9269524812698364,0.9268180131912231,0.0001,8.4075345993042,1.984375,23.5,23.0,0.0971342921257019,,,,,,,,,,1e-05,2711,1.984375
268600,0.8748629093170166,0.8828080892562866,0.0001,15.1926908493042,1.9921875,38.75,35.0,0.0971342921257019,,,,,,,,,,1e-05,2712,1.9921875
268700,0.9152424335479736,0.91481614112854,0.0001,12.702523231506348,2.0,26.25,25.5,0.0971342921257019,,,,,,,,,,1e-05,2713,2.0
268800,0.8789465427398682,0.8791342973709106,0.0001,21.866085052490234,2.0,38.0,36.25,0.0971342921257019,,,,,,,,,,1e-05,2714,2.0
268900,0.8498811721801758,0.8729872107505798,0.0001,22.933704376220703,1.9921875,47.0,39.25,0.0971342921257019,,,,,,,,,,1e-05,2715,1.9921875
269000,0.8670363426208496,0.8650028705596924,0.0001,26.385404586791992,1.984375,41.0,40.5,0.0971342921257019,,,,,,,,,,1e-05,2716,1.984375
269100,0.8728142976760864,0.9052571654319763,0.0001,10.4754056930542,1.984375,41.25,29.625,0.0971342921257019,,,,,,,,,,1e-05,2717,1.984375
269200,0.8699790239334106,0.869802713394165,0.0001,14.239272117614746,2.0,39.25,39.25,0.0971342921257019,,,,,,,,,,1e-05,2718,2.0
269300,0.8934734463691711,0.8929660320281982,0.0001,15.048250198364258,1.984375,33.25,33.0,0.0971342921257019,,,,,,,,,,1e-05,2719,1.984375
269400,0.8742108941078186,0.873192310333252,0.0001,34.34913635253906,1.9921875,37.5,37.75,0.0971342921257019,,,,,,,,,,1e-05,2720,1.9921875
269500,0.8533672094345093,0.8604514002799988,0.0001,27.66840934753418,2.0,46.25,43.5,0.0971342921257019,,,,,,,,,,1e-05,2721,2.0
269600,0.874991238117218,0.8738561868667603,0.0001,27.550107955932617,1.9921875,39.0,38.5,0.0971342921257019,,,,,,,,,,1e-05,2722,1.9921875
269700,0.9022179245948792,0.9013635516166687,0.0001,18.086179733276367,2.0,31.25,30.375,0.0971342921257019,,,,,,,,,,1e-05,2723,2.0
269800,0.8859981298446655,0.8859740495681763,0.0001,22.477880477905273,2.0,35.5,34.75,0.0971342921257019,,,,,,,,,,1e-05,2724,2.0
269900,0.8667116761207581,0.8684613704681396,0.0001,16.330795288085938,2.0,40.25,39.25,0.0971342921257019,,,,,,,,,,1e-05,2725,2.0
269950,,,,,,,,,0.13426046073436737,0.084654800593853,0.04042347893118858,0.1570666879415512,0.07986859977245331,0.054033342748880386,0.06098341569304466,0.10776729136705399,0.09100180864334106,,2726,
270000,0.897487998008728,0.896978497505188,0.0001,25.98552894592285,2.0,31.875,32.0,0.10776729136705399,,,,,,,,,,1e-05,2727,2.0
270100,0.8965147137641907,0.8980339765548706,0.0001,16.14043617248535,2.0,32.75,32.25,0.10776729136705399,,,,,,,,,,1e-05,2728,2.0
270200,0.8671634197235107,0.8856367468833923,0.0001,15.261880874633789,2.0,41.25,35.25,0.10776729136705399,,,,,,,,,,1e-05,2729,2.0
270300,0.9183914661407471,0.9157754182815552,0.0001,9.05387020111084,1.9921875,26.125,26.125,0.10776729136705399,,,,,,,,,,1e-05,2730,1.9921875
270400,0.8545387983322144,0.8562835454940796,0.0001,17.986738204956055,2.0,44.25,42.5,0.10776729136705399,,,,,,,,,,1e-05,2731,2.0
